date,rho_dcc,rho_adcc,sigma_tok,sigma_eq,h_cov_dcc
2023-01-05,0.0208824627599029,0.0208824627599029,0.03710706934549094,3.420050177320998,0.0026501524003317354
2023-01-06,0.02058868083017438,0.012058292969956195,0.0465404013832077,3.3016056498734407,0.003163616592788623
2023-01-09,0.02220384604187676,0.012077527038699423,0.052825380456969516,3.250282290441935,0.0038123426039753192
2023-01-10,0.02164591373791182,0.012077292491574083,0.05704763914026722,3.355612095827451,0.0041436718107249
2023-01-11,0.01921608824665949,0.009354179890370455,0.06084651827705005,3.296255132786843,0.0038540871947317337
2023-01-12,0.023558647752699485,0.0120780957872209,0.06313093451546152,3.382267316357593,0.005030376669115922
2023-01-13,0.027309079899299857,0.012079781118634654,0.06797153164058907,3.377900294877698,0.006270193604351175
2023-01-17,0.021642184679458075,0.01207728606888282,0.06843004123102815,3.379896792102369,0.005005544645636485
2023-01-18,0.026776974190334167,0.012079487773947002,0.0690035405908441,3.705650928722881,0.006846953549188636
2023-01-19,0.020032964496006146,0.010846094073915409,0.06922749237545799,3.746494926472022,0.005195758665624475
2023-01-20,0.02266626537474188,0.012077720975193308,0.06973973315756067,3.7112760809397423,0.0058665599502571095
2023-01-23,0.025543834749500765,0.012078951175279866,0.07002206831445316,3.95175711459638,0.007068239791922434
2023-01-24,0.021305502019949026,0.06303245805745393,0.07005225555911017,3.8831811960894247,0.005795642002892042
2023-01-25,0.021554258754808462,0.08167300970374848,0.07002319458368148,4.031068589699855,0.006084083981582213
2023-01-26,0.024474706784108607,0.012078583393161276,0.07083198664822896,4.036077909318555,0.006996912795334132
2023-01-27,0.020392678758008532,0.012059426929811701,0.0714645448424672,3.8852492631931983,0.005662181633687962
2023-01-30,0.020781764313081607,0.012055415680400562,0.0711431212964701,3.744825129061307,0.0055366474812925505
2023-01-31,0.020907393572475515,0.015457367547445245,0.07085303779509965,3.7195702600229157,0.005509994134470339
2023-02-01,0.02086211116286704,0.012075963065093887,0.0706264962895221,3.623318859160128,0.005338662562439129
2023-02-02,0.023799519856924987,0.012078202275135468,0.0708269865570253,3.6701318484110175,0.0061865514118465284
2023-02-03,0.021179149352122707,0.012077112548208542,0.07188467851421344,3.5324679713007363,0.005378028267167563
2023-02-06,0.01970950930513615,0.010152084086424285,0.07204026331885864,3.458682167581002,0.004910907549611159
2023-02-07,0.02349389781659365,0.2597317600171249,0.07217526779767575,3.5114866259695816,0.005954351905994538
2023-02-08,0.020341594923212216,0.011995522870058617,0.07168061641709456,3.5477581607143867,0.0051729793021396435
2023-02-09,0.0204016884627676,0.011861335907893317,0.07136309611443989,3.474165633335304,0.005058133822460807
2023-02-10,0.01087563505229816,0.007817590005267903,0.07206998559668056,3.790499629546889,0.0029710196184321116
2023-02-13,0.02089285762435738,0.013897105955029982,0.07157804766352097,3.7964218979298376,0.005677434899525283
2023-02-14,0.02040606496332985,0.012005394115409913,0.0714482213231895,3.6804066891619773,0.0053659484721371295
2023-02-15,0.020373908435727683,0.011997688745802239,0.07111057727202663,3.7071696569772965,0.005370948845388395
2023-02-16,0.01961485017290701,0.011992859236730609,0.07084766431566604,3.9857254507446713,0.005538828422266179
2023-02-17,0.018218141811899843,0.011717352849171983,0.07213026328491727,3.920528943336868,0.005151886186105311
2023-02-21,0.02246530451793497,0.012077634346755997,0.07178966437075508,3.9296822111846947,0.006337699795936649
2023-02-22,0.02169464364960282,0.10551701992870331,0.07151801240549535,3.8948683077696993,0.006043113278219258
2023-02-23,0.02015938665804096,0.01190806074574949,0.07140001718569093,3.799038626069554,0.005468262321640579
2023-02-24,0.02133814383311258,0.01207717899350857,0.07231955312354546,3.6605056784829233,0.005648764342327198
2023-02-27,0.019782018284413477,0.011047684818967176,0.07186370411826533,3.6821246863034958,0.005234541993982299
2023-02-28,0.021442046048690436,0.012077199789287753,0.07150583277396388,3.607175920064075,0.005530635238394007
2023-03-01,0.021381966557878232,0.0715826221933134,0.07120883623031742,3.5690205359121285,0.005434136971716347
2023-03-02,0.0217842855061778,0.012077410960710857,0.07094223021228296,3.6138041317689393,0.005584866131947993
2023-03-03,0.01924509147369885,0.01196911466348775,0.07247053275942664,3.515691795918365,0.004903342492014678
2023-03-06,0.017949720996213427,0.009119867581589452,0.07205748749199337,3.7076777666209306,0.0047955541597426
2023-03-07,0.02088867516050713,0.012878358829707181,0.07156836393260942,3.5823007238686153,0.0053554260445912326
2023-03-08,0.021314916792504305,0.05531037481621098,0.0725490483241131,3.4600896959756025,0.005350602876064545
2023-03-09,0.021728222267083354,0.10900501252413113,0.0721147972012095,3.4414578010995878,0.005392510884572137
2023-03-10,0.006070424341449018,0.007822016698243534,0.07393830579255947,3.7547743732714203,0.0016852812570392573
2023-03-13,0.018142048278892604,0.011884258229204227,0.07598345972830524,3.6690831655560276,0.005057814980630549
2023-03-14,0.06196249617327356,0.012095128675858139,0.0807399376063789,4.3232828482148316,0.02162872727472336
2023-03-15,0.020399467476375395,0.011858439369561687,0.0785120426576946,4.2538039077835785,0.006812908761364539
2023-03-16,0.015178447915769153,0.011209602309015803,0.07975992379035732,4.2495376408933465,0.005144625611664838
2023-03-17,0.020993108667672254,0.012077009709708817,0.07767473918646822,4.121755026300698,0.006721074876734318
2023-03-20,0.03492415186320684,0.012083030346128495,0.07947497558152204,4.329577375041183,0.012017158148396611
2023-03-21,0.021492985475704274,0.08274356072142157,0.0775001145387638,4.326962766165475,0.007207460113281192
2023-03-22,0.0156395621070416,0.007749318397441359,0.07812740240892341,4.350670846706049,0.005315990568801922
2023-03-23,0.018491621685402557,0.010711761756461038,0.0766997437658821,4.402222573839131,0.00624368392073336
2023-03-24,0.029864134234970217,0.012080878524224294,0.07950857260465599,4.4417890832809235,0.010546826899006087
2023-03-27,0.018730745234617752,0.01094433798372549,0.07781069119087473,4.4664159949368125,0.0065095879663360475
2023-03-28,0.021656013643025968,0.10144788467949829,0.07626083863593529,4.422742766885026,0.0073041851630378475
2023-03-29,0.020480759023458077,0.01200202365064767,0.07490037545249217,4.401630336119888,0.006752173740374054
2023-03-30,0.020862420154709755,0.012076083571945567,0.07380462327396625,4.2789940813063705,0.00658855144090711
2023-03-31,0.020882105461325167,0.012076965177865835,0.07302638589693246,4.092385366403172,0.006240661341129433
2023-04-03,0.02105174734147087,0.012077035697027902,0.07233650783273614,4.003844461812874,0.006097093930293119
2023-04-04,0.02128071580689426,0.05651654904401165,0.0723396729423131,3.8696209778847606,0.0059570494011945835
2023-04-05,0.023798163940999848,0.012078255344620238,0.07230274075916283,3.8877930193050667,0.0066896184483627745
2023-04-06,0.025688462685475436,0.012079072368997665,0.07509133927430363,3.8454799171186003,0.007417857953459484
2023-04-10,0.020412987151278764,0.01159354204140913,0.07399450682188437,3.802351828457173,0.005743258201423425
2023-04-11,0.019068294412899343,0.009738389867080493,0.07390385772073346,3.7468751700552247,0.005280173365283736
2023-04-12,0.020773325033210294,0.01194479290672435,0.07302647496345216,3.6490391842773064,0.0055356022965797015
2023-04-13,0.02105186299023184,0.012077035598622598,0.07233676707826775,3.5757245035190692,0.005445198053271212
2023-04-14,0.030641563020300765,0.012081159598038571,0.07409519092362633,3.7002547223268225,0.008401030429744568
2023-04-17,0.018305848232267292,0.011149145357812387,0.07343275042999148,3.8083283103534735,0.005119340702738501
2023-04-18,0.0212811212166464,0.059813512849817625,0.0728080369550543,3.7116223365611796,0.005750923716292944
2023-04-19,0.021365399033203017,0.012077219402870076,0.07224447800309111,3.626012256798629,0.00559686631510805
2023-04-20,0.019663868609693887,0.007001793561794403,0.07172353722656628,4.053516336134091,0.005716926267204112
2023-04-21,0.02026743756429891,0.012070543638098329,0.07362349170782885,3.892550065472379,0.005808305642931389
2023-04-24,0.017660893043801702,0.009527969017847566,0.0730522396182982,4.058637664463632,0.0052363235880373985
2023-04-25,0.020892253893797005,0.013348627288135937,0.07234885042410827,3.931360866198383,0.005942372060136334
2023-04-26,0.021793238176575944,0.012077354747810042,0.07215998847216457,3.832572266925948,0.0060271024402140435
2023-04-27,0.020888250802713056,0.012076966938604985,0.07168657833402459,3.672802099327244,0.00549968040845064
2023-04-28,0.02176195754261971,0.012077336337792233,0.07136649334558566,3.6437804684791733,0.005659062886838445
2023-05-01,0.020784567463427342,0.011980986969107184,0.07103588597819749,3.5415480289981436,0.005228919169780015
2023-05-02,0.024120004673330493,0.3017773629241843,0.07151515451695467,3.6190215320232335,0.00624261621312289
2023-05-03,0.021843145165646262,0.012077783701793557,0.07128751261871626,3.5735983589708282,0.0055646054084975746
2023-05-04,0.02221068474692116,0.012077527840013294,0.0712253172363731,3.532567446589936,0.005588391232674086
2023-05-05,0.01748924804117304,0.011755970495692544,0.07358346546322675,3.475951212837686,0.00447326932460343
2023-05-08,0.019888951651814372,0.01200552076623526,0.07278425793048958,3.6791149007353248,0.0053258962481478244
2023-05-09,0.022900940128539878,0.17524408842536493,0.07221207995900668,4.0268757712720005,0.0066593432007325025
2023-05-10,0.021085005621771385,0.036784939588569716,0.07184772256618582,3.8884374828843984,0.0058906314048817925
2023-05-11,0.02043153821646475,0.012055930382019603,0.07206023035743207,3.74748984430122,0.005517434358506609
2023-05-12,0.01651730485220243,0.011118287466436205,0.07306467908391412,3.7608880061831145,0.004538758408527188
2023-05-15,0.02087761857279619,0.012076612712433715,0.07235848861235124,3.627969195178117,0.005480674838620342
2023-05-16,0.02079652818746681,0.011994685886310036,0.07182448132252933,3.5073153552843666,0.005238876421403269
2023-05-17,0.020707368411187723,0.011470527620130252,0.07154485591929646,3.383918876662878,0.005013295068400504
2023-05-18,0.020839736999910746,0.012073261342079164,0.07120435079524928,3.256289752624252,0.004831943055193469
2023-05-19,0.019556127019569686,0.011799150891951474,0.07140839537984069,3.202404312181035,0.00447206683479713
2023-05-22,0.020792509856086647,0.01199657050011856,0.07107973872758933,3.1036185813460064,0.004586919117053063
2023-05-23,0.020673079766772774,0.011047564073721898,0.07108546899623819,2.9979049828874302,0.00440558796838432
2023-05-24,0.0215163207002337,0.012077231472588454,0.07084532426251688,2.9948977079056425,0.004565214570266831
2023-05-25,0.021910981212578232,0.12228138365867293,0.07069374220543934,3.0723812470345195,0.0047590240983929385
2023-05-26,0.02095510563373448,0.012077148878613336,0.07176155189227737,2.958834818144865,0.004449409698449077
2023-05-30,0.022328678561949547,0.012077581966441006,0.07184521460584263,2.914969220866051,0.004676218993522279
2023-05-31,0.02144966375766942,0.012077210992273253,0.07141039881419989,3.0300777690747123,0.00464125812254837
2023-06-01,0.020266946976102592,0.011723984872113673,0.07115026203955079,2.992857067190026,0.004315695665247328
2023-06-02,0.017942878755130766,0.011930022829148068,0.07484574426805925,2.9276050323148795,0.003931621658848586
2023-06-05,0.023259108303917503,0.01207797276246638,0.07415442047788233,2.9473321774665138,0.0050834574376807115
2023-06-06,0.02343682882335363,0.22802988591036896,0.07337134876820245,3.1790887791509057,0.005466734810501333
2023-06-07,0.02191755124267641,0.012077732859126137,0.07263670313048398,3.2583392686270276,0.005187336925914411
2023-06-08,0.01924951487092244,0.010845628787424687,0.0721848450189646,3.301022257081256,0.004586847167217188
2023-06-09,0.02212616614912819,0.012077559837951392,0.07537220205432821,3.199529509164346,0.005335848533612685
2023-06-12,0.020728869065831344,0.012054543623957048,0.07426763584248709,3.0938366782287745,0.0047629123716789465
2023-06-13,0.019121110590773795,0.00813721091259503,0.0733415083817381,3.3522311596391643,0.004701072074196691
2023-06-14,0.020525500713923134,0.012009639279754446,0.07273595302409977,3.2550624177342886,0.0048596189264298074
2023-06-15,0.02005710011947473,0.008552022800859767,0.07210886958993225,3.485921480700266,0.005041670169543589
2023-06-16,0.022110383189027784,0.012077564726620969,0.07609354568565534,3.3739435610208948,0.005676516491326131
2023-06-20,0.02389120379638658,0.01207824198862253,0.07524145186574165,3.410929923674802,0.006131517853207494
2023-06-21,0.01881811350316734,0.011519589351650657,0.07422735937533097,3.528741931546173,0.004929013330630963
2023-06-22,0.019912631336677797,0.011996797824128267,0.07329379783678569,3.7084161136288163,0.005412330875030027
2023-06-23,0.020008738837000387,0.012005244448580681,0.07335997845626897,3.596430361001087,0.00527898667884156
2023-06-26,0.02126889476403098,0.012077127816355518,0.07267953862642865,3.501700310770316,0.005412975468175887
2023-06-27,0.02012852893978049,0.011542610305488287,0.0721436767642779,3.47365889893546,0.005044260172701253
2023-06-28,0.02171151740672011,0.012077315041086027,0.0717962768726893,3.414366065918,0.005322334702603227
2023-06-29,0.02041247571953726,0.010415524354217673,0.07137216088419526,3.493450258392156,0.005089546549913208
2023-06-30,0.021333760367680903,0.012077153189564628,0.07112038453492772,3.4108657760942926,0.005175188083530137
2023-07-03,0.030973990100194658,0.012081314079108797,0.07348442586933115,3.5209420181945137,0.008014036828621963
2023-07-05,0.020786101557299087,0.012063054784227359,0.07269186957191263,3.453689528941521,0.005218457819017622
2023-07-06,0.020504609975896437,0.011187456391806048,0.07207784251549423,3.4640512509779833,0.005119618505900283
2023-07-07,0.01244921038918235,0.010271311534790183,0.0742316744210236,3.5554759359437593,0.00328570680336521
2023-07-10,0.021137313325340416,0.012077069463036157,0.07331676598872235,3.4617788076731992,0.0053647859661341635
2023-07-11,0.021036482327702045,0.012077029225365276,0.07259395118651199,3.3526775336522254,0.0051199455124934755
2023-07-12,0.02091634664573143,0.016487391467879284,0.07206046026793643,3.225710498646195,0.004861924944781173
2023-07-13,0.020567381186194635,0.012046258301393276,0.0718218549333261,3.122286952355756,0.0046122031572491074
2023-07-14,0.039416772620328916,0.012084974420615024,0.07437111733565324,3.4059975908797515,0.00998457778750033
2023-07-17,0.018651157245462614,0.010611725500713981,0.07364071080635047,3.4683967423570303,0.004763789085416459
2023-07-18,0.020903437214139346,0.01493756082908232,0.07281157205595076,3.438008972565252,0.005232691341877399
2023-07-19,0.020894664199492517,0.013683485028991993,0.07215980062511426,3.354745003249886,0.0050581328906988575
2023-07-20,0.02063588113903668,0.012019209320423292,0.07173690080748797,3.254669909420049,0.004818064134454174
2023-07-21,0.020802043818698438,0.012076961479612939,0.07306571471154236,3.1276694783709984,0.004753795505525481
2023-07-24,0.020887370365396056,0.012076968757928708,0.07252160987506974,3.0070594866067606,0.004555050784403471
2023-07-25,0.02090880770013053,0.015876816223377423,0.07193223831078087,3.0427047037779014,0.004576280629748316
2023-07-26,0.020877448537997095,0.012076044136804841,0.0714702975803169,2.938430775332893,0.004384483864077481
2023-07-27,0.021264077234013485,0.012077125901921653,0.07119776106493318,2.869002478333609,0.004343539758192785
2023-07-28,0.019673972481383126,0.011971530725677276,0.07193390283249412,2.8009483858489106,0.003963973929409516
2023-07-31,0.021944334235009272,0.012077426211948369,0.0723089706231923,2.73501758505606,0.004339849923933459
2023-08-01,0.019947817830191644,0.011791745682368675,0.07202000290772209,2.698143239138186,0.003876265624510509
2023-08-02,0.021297399333888294,0.012077139729270799,0.07163418018436925,2.640192724813469,0.0040279354223089845
2023-08-03,0.01961827507811424,0.011186268911707306,0.07137548995681246,2.6595266127525674,0.003724039361730432
2023-08-04,0.02008435276524519,0.012034932381827472,0.07208279230834518,2.5855793224407706,0.003743236858114659
2023-08-07,0.01999571352009443,0.012006897736607697,0.07243211909793967,2.5215872456251565,0.0036520952543791477
2023-08-08,0.020903818259762414,0.014814749074905239,0.0718810679670591,2.4379321924020987,0.0036632095613884394
2023-08-09,0.02147996811795096,0.012077219907153654,0.07146773986714218,2.4384891587775708,0.003743385118302232
2023-08-10,0.020878196980181337,0.01207684439760227,0.07111549868854503,2.353563914660093,0.0034944855364259448
2023-08-11,0.020132520679035145,0.012054731372554806,0.07233469302422289,2.2868297059958724,0.0033302636853378433
2023-08-14,0.020456145711011422,0.012051114840380866,0.07229448008741177,2.224209814492224,0.0032893092029509987
2023-08-15,0.020681266041496234,0.012057323262113789,0.07191498885421045,2.1622894046098002,0.003215957931917686
2023-08-16,0.01994339092285829,0.011628501153475888,0.07161782648024843,2.1550288946871525,0.0030780327495643347
2023-08-17,0.0205961740695354,0.01135830416746987,0.0712326463482304,2.1670246757352167,0.0031792852067727057
2023-08-18,0.0007090394707777424,0.005404147625662943,0.0724201895277619,2.6056849423600847,0.0001337987242405587
2023-08-21,0.019374142389597313,0.011015168286464535,0.07201651992943937,2.6375735223303662,0.003680096379266585
2023-08-22,0.020876438941834368,0.01207607957244296,0.07153630101808854,2.55554201568902,0.0038165057867558722
2023-08-23,0.019664062317923704,0.010845630272682143,0.07124868855595028,2.5990641749199,0.0036413893676612375
2023-08-24,0.02285360594626572,0.012077798462302782,0.07109744832850977,2.6520498965396255,0.004309138369577916
2023-08-25,0.018135251458103175,0.011750565994968171,0.07257577542571868,2.622103800541378,0.003451160415298299
2023-08-28,0.020783574221297972,0.01198445684448256,0.0719837268338007,2.56126818179046,0.003831859871511357
2023-08-29,0.02090153310398069,0.01453311810567985,0.07153115372729757,2.474773390787844,0.0037000603686772812
2023-08-30,0.026320892660798238,0.012079284299742874,0.07152387255904505,2.6524140033596852,0.004993360792173588
2023-08-31,0.020430351926345264,0.011646864222779127,0.07118936162840514,2.63317495420648,0.0038297520898736325
2023-09-01,0.009914627017943756,0.009156836866630947,0.07321050207201307,2.78711160405054,0.002023038396807439
2023-09-05,0.018095216378335853,0.01160375428085312,0.07378589254282887,2.768927732677135,0.0036969939237352983
2023-09-06,0.020842857662692362,0.012015414322857907,0.07294121514405917,2.6777529590259372,0.004070996834222934
2023-09-07,0.020843242804032422,0.012073824963584485,0.0722990884607574,2.5858244355610127,0.0038967015530155
2023-09-08,0.0234440511080358,0.012078099187819305,0.0743947397889419,2.542466892237402,0.004434352309213174
2023-09-11,0.02020088269950066,0.011919080833509486,0.0736590791591065,2.495237115271626,0.003712858974933349
2023-09-12,0.01760665956065302,0.007264812549852808,0.07291302000686523,2.782378644578038,0.0035718917200300467
2023-09-13,0.02123046180840811,0.012077102444128199,0.07224777122648615,2.8049658793837557,0.004302406865456812
2023-09-14,0.021454584155381252,0.012077206246392035,0.07180588609576899,2.761636456052157,0.004254481643633048
2023-09-15,0.023598606570476632,0.012078144969396474,0.07312145154963101,2.726282973096229,0.004704376752684357
2023-09-18,0.021553132539455993,0.012077248799006762,0.07256574790908829,2.677847153875681,0.004188204316489583
2023-09-19,0.020741290519879614,0.012058563388107542,0.07205463919601103,2.5951028265052067,0.0038783972764865897
2023-09-20,0.02074088631527872,0.01179043352124359,0.07163840778862468,2.5192493622678684,0.0037432117301893133
2023-09-21,0.02037988246164508,0.011529675894718773,0.07127727335065678,2.513312125116495,0.0036508936245246673
2023-09-22,0.01399959774718398,0.010274239108332365,0.07271303609065054,2.592710734262158,0.0026392583344450288
2023-09-25,0.02135301010184359,0.012077168405456697,0.07258656471466095,2.519883475134881,0.0039056723502762392
2023-09-26,0.02082484527358283,0.012042471103823718,0.07199142517452863,2.4498822013019765,0.0036728886061762134
2023-09-27,0.0208757984598268,0.012076113762101912,0.07151663576016785,2.378087291010595,0.003550405550514738
2023-09-28,0.021025617561419394,0.012077025541647189,0.0712330115460643,2.308509833820742,0.0034574968663744496
2023-09-29,0.03042981906078878,0.012081054859564897,0.07267541740620513,2.425667950893035,0.0053643641927250294
2023-10-02,0.021089077541285448,0.012077051619595476,0.07206183631024528,2.401386847953885,0.0036494299862325726
2023-10-03,0.020698289647083923,0.012054724713807528,0.07169338886320192,2.3326267250885326,0.003461456008887544
2023-10-04,0.02073291275160333,0.011985521028149268,0.07130404040963735,2.2825706063330564,0.003374416454241278
2023-10-05,0.019588372138620126,0.01192332424678005,0.07182514659741716,2.243433168049482,0.0031563707025938164
2023-10-06,0.011149159288200462,0.010210025262421351,0.0747398458536831,2.32198159126352,0.0019348757892505557
2023-10-09,0.02289327204373025,0.012077814158689543,0.0739302600623895,2.3519926085289184,0.0039807605573050926
2023-10-10,0.020889443617672997,0.016323253185777088,0.07303950890315977,2.5455208819326938,0.0038838404574355456
2023-10-11,0.02090164082545728,0.014658538529515541,0.07233883958183308,2.523745782056339,0.0038159047396553454
2023-10-12,0.020885989870187957,0.012527761418731796,0.07178886490512944,2.4447670283698533,0.003665638466862539
2023-10-13,0.015159488150592825,0.011043054312713314,0.07368264624854953,2.475253542518646,0.002764836431468134
2023-10-16,0.021897668962696116,0.012077401539256048,0.07350024434930252,2.4245612952258826,0.00390229265881469
2023-10-17,0.021410472353285713,0.01207719356934597,0.07270920021023003,2.517306325013298,0.003918787221669296
2023-10-18,0.020909142039590368,0.015998112337901903,0.0720794394953658,2.5646707691468085,0.0038652646567091647
2023-10-19,0.02088809601207203,0.012801735207831405,0.07158556254794995,2.4904913917072387,0.003723997169104866
2023-10-20,0.021224534681891973,0.01207713609232069,0.07268834620402385,2.412678403454369,0.003722223120631923
2023-10-23,0.025635883346868175,0.012078992056668259,0.0730936894386443,2.4608420923608527,0.004611178318368419
2023-10-24,0.030002245260916615,0.01208095039800115,0.07263260240196362,2.9754835999300364,0.0064839987573352634
2023-10-25,0.021127073333872082,0.012077068046827897,0.07202769509794875,2.9534963674862738,0.004494437012058551
2023-10-26,0.02076461717758376,0.011473177586767663,0.0717037989508653,2.8516019832170367,0.004245755711782791
2023-10-27,0.023332837280010267,0.012078059164031705,0.0742480901186835,2.7945962996071576,0.004841410623157289
2023-10-30,0.018698763917688512,0.011598904836324404,0.0741137589690101,2.776744776900436,0.0038481119916745983
2023-10-31,0.02112227133723382,0.012077065567367425,0.07319206099642815,2.760841391954709,0.0042682126762885525
2023-11-01,0.020630347409572924,0.011488965900342601,0.0726159974801818,2.6816320513127976,0.004017334889827991
2023-11-02,0.02312963840352278,0.012077920346398745,0.07256568836549616,2.676802453076939,0.004492793774088157
2023-11-03,0.013717937491830947,0.010490122447389541,0.07422807285472098,2.7443289978702015,0.0027944296424852436
2023-11-06,0.02363632058218042,0.012078141808304792,0.07429302142803329,2.7314001297230814,0.004796375970108191
2023-11-07,0.018071008738241974,0.011139013844789932,0.07359274510401578,2.841772361327039,0.0037792592518771893
2023-11-08,0.020573381627091093,0.012025313957932389,0.07292939307698652,2.7626632085709217,0.004145111579689852
2023-11-09,0.02087548153866887,0.012076933675579184,0.07229085071646651,2.6604933359252545,0.004014967306355523
2023-11-10,0.039536215255679054,0.012085122218300886,0.07258348160168401,3.2884907453767807,0.00943690347008906
2023-11-13,0.01896291689525525,0.011721124541543669,0.07281626436587545,3.2441692423856114,0.00447957734057887
2023-11-14,0.020489457492151746,0.011738267628049625,0.07220191845517192,3.1990018715955957,0.004732533435583536
2023-11-15,0.015232928961932436,0.009672069858866025,0.0725123319680476,3.3344991361040375,0.0036832050559417366
2023-11-16,0.022527767846856256,0.01207765962496229,0.07201520748876797,3.415397506206848,0.005540942396651999
2023-11-17,0.01008824161480834,0.009183751048193061,0.07384678641784771,3.5977881251904527,0.002680295394059153
2023-11-20,0.02063525776431656,0.01205832017338035,0.07322665063896705,3.4703740793969473,0.005243911567675856
2023-11-21,0.02081012060655248,0.012076107952466482,0.07248590057324199,3.500648070181608,0.005280518741413765
2023-11-22,0.015394596358724122,0.009756451379888129,0.07273121176640732,3.6364570379393357,0.00407162329808521
2023-11-24,0.03071545335555398,0.012081167587629942,0.07357120547842094,3.837153144047816,0.008671094803890892
2023-11-27,0.021321399291506685,0.01207715001017234,0.0728450586857068,3.7402842246075365,0.005809254545004054
2023-11-28,0.019839534692813104,0.01110257502190276,0.0722728219451186,3.755513069854175,0.005384876809429727
2023-11-29,0.021660216419958273,0.012077298876274267,0.07223563674562956,3.6468615957981827,0.005706023795514927
2023-11-30,0.020222505059262402,0.011934031995370253,0.07196079137027038,3.5554757385249145,0.005174025954922655
2023-12-01,0.02223293871563016,0.012077551637806647,0.07251667271127478,3.465939091186533,0.005587990592943726
2023-12-04,0.023391781173124727,0.012078043506475806,0.07306709001172608,3.4205314389024593,0.005846267600448355
2023-12-05,0.023367949633762614,0.012078035483844675,0.07242241148406123,3.710098772740269,0.006278834868482403
2023-12-06,0.02191741624793181,0.012077402360654901,0.07194210662404295,3.7045456798896983,0.005841272417843431
2023-12-07,0.01941283943663445,0.011056801966967235,0.07163950801223821,3.7247898996463733,0.005180163150114617
2023-12-08,0.030079626203160934,0.012080903413665826,0.07299739349411924,3.8728595664181733,0.008503770628214991
2023-12-11,0.02092586692812614,0.012076982237899731,0.07231487011771051,3.7285692651439946,0.005642262470348677
2023-12-12,0.024132186927192788,0.2854928217999811,0.07204829636191541,3.9735380777443563,0.0069087229291680315
2023-12-13,0.019957095315305918,0.011794992905239403,0.0718121760731928,3.896232605018442,0.005583934237505379
2023-12-14,0.024403411701929556,0.012078474290699952,0.07263241506842058,3.8728376898081347,0.006864522421484855
2023-12-15,0.026065038814401795,0.012079215916734857,0.07472915456501396,3.853427805697181,0.0075057772527872485
2023-12-18,0.018477266322594763,0.010049869636038964,0.07386622910100991,3.9693889409800973,0.005417604568308939
2023-12-19,0.02072816400184916,0.012054174903239005,0.07307661782132002,3.8253180020473145,0.005794377946526431
2023-12-20,0.021382954970790666,0.07165400152961063,0.07243914621736827,3.7841155510744637,0.005861454982728459
2023-12-21,0.021491469460062376,0.012077287998037641,0.07212226976379646,3.6779509438161755,0.005700873828643893
2023-12-22,0.02525205447914991,0.01207890692791313,0.07573300956677506,3.6217217305495395,0.006926231643840516
2023-12-26,0.025492616085544748,0.012078926607562745,0.07528253875339312,3.693011009857842,0.007087437863573374
2023-12-27,0.01875803861755105,0.01007207079978098,0.07426333541120751,3.8047366970801355,0.0053001295338566705
2023-12-28,0.019126175829754524,0.011807081549723169,0.0733722298381865,3.996749845639546,0.005608759635957638
2023-12-29,0.018593315309175806,0.011947936671068707,0.07552993032106944,3.887405188872931,0.005459284512185288
2024-01-02,0.017519433896941553,0.01143980391181271,0.07575833737494664,3.8626435613470216,0.005126667338179482
2024-01-03,0.01971211420431078,0.011173317703835318,0.07474553502845559,3.8229046391557957,0.005632639110492548
2024-01-04,0.022530116748712376,0.1589093650321764,0.07375490050187308,4.087250717930347,0.006791811163168202
2024-01-05,0.02391113301807862,0.012078481836902166,0.0743631866990064,4.032065412892676,0.007169447963985452
2024-01-08,0.020922519065045747,0.012076983416704042,0.07354077785260146,3.864883341121065,0.005946734934460226
2024-01-09,0.021906920321344076,0.012077397921156417,0.07282024412996393,3.8567812362407055,0.006152596935186384
2024-01-10,0.02095804623310503,0.012076995814406766,0.07217497772544451,3.729355524373893,0.005641196655948022
2024-01-11,0.024491190469089055,0.012078524833687475,0.07174842724964292,4.1467512327308516,0.007286689502026405
2024-01-12,0.025206013721534137,0.012078877070256143,0.07503043262166281,4.079106689236541,0.007714480460415185
2024-01-16,0.015466350365611255,0.010579778068453843,0.07536167433983042,4.145054466229961,0.004831351380746988
2024-01-17,0.0205867083444998,0.012004547786474331,0.07418768832158658,4.088611669179425,0.006244456065802009
2024-01-18,0.020365526237354083,0.011464744168876368,0.07327848746494271,4.0562367761496345,0.006053345068174407
2024-01-19,0.018556606177763068,0.011211747788729793,0.07302124016267295,4.055141853434223,0.005494824252187171
2024-01-22,0.021533494721163678,0.012077248400989504,0.07297583110459517,3.920281134080142,0.0061604265025744604
2024-01-23,0.01604123994091965,0.00786014626854755,0.07254100455794109,4.264055604755154,0.004961858325173007
2024-01-24,0.021762449913005192,0.10936395932558858,0.07201936981930712,4.314499516789303,0.006762192444991003
2024-01-25,0.020954967603934494,0.021203841564639836,0.07155950540648759,4.159874572478346,0.0062378447270235275
2024-01-26,0.019254849043279686,0.011999346161217448,0.0734920401292262,4.028756965893638,0.005701005908051331
2024-01-29,0.02216957830908154,0.012077510175278463,0.07294809766875868,3.9746922152793527,0.006427985782728423
2024-01-30,0.02083733055291834,0.012075982128068262,0.07226705692414183,3.9324360996492707,0.0059216689410113345
2024-01-31,0.02085797816762578,0.012075866129175519,0.07173268089077683,3.8360518345020824,0.005739495736938858
2024-02-01,0.018743360397983758,0.011119997320831448,0.0716796161371474,3.8482445947900823,0.0051701815654955526
2024-02-02,0.022460502685957704,0.012077720150760675,0.07575257507596815,3.725803834376806,0.006339235088656787
2024-02-05,0.02080079125245028,0.011641808879893096,0.07459722215772097,3.5815421385049135,0.005557411768490163
2024-02-06,0.021057710142881905,0.03355671414529456,0.07372451626785542,3.461284673629287,0.005373538865833882
2024-02-07,0.02347200330269749,0.012078085541946226,0.0732392603545515,3.495127787525186,0.006008376878424456
2024-02-08,0.022495351607661064,0.01207764798154396,0.07274771078796267,3.482650496315898,0.005699306456585932
2024-02-09,0.02061296552442175,0.012076242390810565,0.07384311526582303,3.3444825859058462,0.005090722526608673
2024-02-12,0.022456237134399693,0.012077630884356991,0.07313192139889949,3.36365935139402,0.005524029338783912
2024-02-13,0.02064589864951992,0.01207600181193355,0.07241145928624945,3.6251506652381735,0.005419598973871333
2024-02-14,0.02108452133862828,0.03452404276317443,0.07319156985348357,3.4894202167583677,0.005384905438336342
2024-02-15,0.024984136501025937,0.012078737656232902,0.07281582851008397,3.6312091110363656,0.006606043038006351
2024-02-16,0.02538918540472823,0.012078943140025607,0.07546516511912117,3.589585300690289,0.006877642093528751
2024-02-20,0.020699842693840988,0.01199895472408394,0.0742895191935706,3.4848834904113826,0.005358988877187587
2024-02-21,0.022659149311361933,0.012077733652851802,0.07335839421478713,3.761169449125798,0.006251961820877934
2024-02-22,0.020756055357585894,0.011910597145838652,0.07259761497785432,3.670177028827425,0.005530369977322948
2024-02-23,0.020679067933023956,0.012075099427376631,0.07281765135043376,3.5243059974698445,0.005306904055656772
2024-02-26,0.019377524133046137,0.011572164896946586,0.0725320528486333,3.492168972858739,0.004908214172826588
2024-02-27,0.018170709856695264,0.011792845449319835,0.07201235889802676,3.841110135094788,0.005026152838965887
2024-02-28,0.021501129978932196,0.01207722592882551,0.07156961030513762,3.821307821796531,0.005880333538118322
2024-02-29,0.02136407362973234,0.012077172445440489,0.07119448667774049,3.908290752379778,0.0059445268657657875
2024-03-01,0.018556791174120877,0.011908289845140507,0.07321860854579433,3.811715754118052,0.005178987453183166
2024-03-04,0.02438273001481263,0.012078461884987032,0.07359305218530283,3.799265318280071,0.006817399872593614
2024-03-05,0.022103461816598738,0.012077488593457824,0.07280444528660085,3.965951916159512,0.006382129898512198
2024-03-06,0.020199811411932948,0.011636449504359074,0.07224245521981189,3.9135258177497545,0.005710945497405283
2024-03-07,0.024365810441596088,0.012078449910280542,0.07187509342265047,4.153831406446199,0.007274583765080475
2024-03-08,0.02305001081387997,0.01207789704910006,0.07245916754925395,4.07647700281738,0.006808469094321514
2024-03-11,0.02106296711768203,0.012077041267285128,0.07197415014202266,3.9288479356530517,0.005956090872955593
2024-03-12,0.020785109155289,0.01207617221723528,0.07150308265299689,4.010728508664621,0.005960742214431731
2024-03-13,0.020156782879637413,0.011592773518116583,0.07122268084297488,3.963183706859393,0.005689626244479892
2024-03-14,0.020939244833494967,0.012076987359670319,0.07092370406235109,3.820805415893761,0.005674235344871136
2024-03-15,0.015661684336444756,0.010788283604193127,0.07218434978979427,3.8665489045189196,0.004371243734900877
2024-03-18,0.017009386060695714,0.01010083892097114,0.07217542496264884,3.9778526824638734,0.00488344930066023
2024-03-19,0.020079219862709986,0.00866664707860938,0.07166918320527085,4.234042641178055,0.006093046852254988
2024-03-20,0.020833937329650522,0.016600376732130783,0.07126435524285035,4.839652571960062,0.007185514984726953
2024-03-21,0.026997873673491928,0.012079578563904134,0.07131595060215698,5.199474183665316,0.010010958535620588
2024-03-22,0.02082036384633151,0.01207696057231372,0.07224517671118767,4.958718598562294,0.007458760045027125
2024-03-25,0.016408848822840143,0.010407174666149141,0.0725515722170671,5.044354091274042,0.006005241905517243
2024-03-26,0.020038071301311723,0.011998587686193826,0.07197493362105317,5.216715953811891,0.0075237504274228775
2024-03-27,0.020941104671425625,0.012076989028864536,0.0715402529143651,4.990563124693554,0.007476521938335795
2024-03-28,0.015681028614514703,0.01153588053412032,0.07486096546949221,4.923572306990144,0.005779766473105857
2024-04-01,0.021772002048123067,0.012077343651749117,0.07413520021014613,4.782537780845485,0.007719359033609343
2024-04-02,0.020800932703727876,0.011852629071033976,0.07320328517016497,4.66315817170224,0.007100575133026549
2024-04-03,0.020752002811887185,0.00895443029815809,0.07246741299731677,4.915631290042182,0.0073923424167137075
2024-04-04,0.020875884084244484,0.012076277242723416,0.07188968922087954,4.721638962980358,0.007086050757234281
2024-04-05,0.021714066310782418,0.012077378520143662,0.07477316384803029,4.53991389753853,0.00737113785031547
2024-04-08,0.02063090432873728,0.012064434516435081,0.07406964969284643,4.358144289547246,0.006659784258822663
2024-04-09,0.02056994653198455,0.012076050028698358,0.07314933330260237,4.797413720803476,0.007218562282361984
2024-04-10,0.02090268741816646,0.015540401989621432,0.07242507684343524,4.886876825217857,0.00739813894288883
2024-04-11,0.020376312237574523,0.010156827822055375,0.07246743044265476,4.702738569847096,0.00694415307608595
2024-04-12,0.019651031027521262,0.011962277358566677,0.07291046474606783,4.558091416728783,0.006530677517752331
2024-04-15,0.017315790439828584,0.008269229962005345,0.07240053647007985,4.891030804895376,0.006131750901106146
2024-04-16,0.020908735473722205,0.016287050707434723,0.07183726405415074,4.997633641299441,0.00750657742319607
2024-04-17,0.020890998763072696,0.01318683144888981,0.0713958907468432,4.821573711412601,0.0071915289027425
2024-04-18,0.019810624680417815,0.01109299222981897,0.07113900081701795,4.82292437058935,0.006796986117469821
2024-04-19,0.024102906713520098,0.012078358262628982,0.0726089722528909,4.738853803653061,0.008293407786185598
2024-04-22,0.02077110262188407,0.012076166392637339,0.07250577662719945,4.529046170845481,0.006820856428840617
2024-04-23,0.021309724878224388,0.012077148077114722,0.07192810339002273,4.581108947005093,0.007021777630270319
2024-04-24,0.021140339850697746,0.012077073776951048,0.07155523236691158,4.420566651279602,0.0066869997065526175
2024-04-25,0.019705210516041766,0.011395914450435656,0.07133640970406116,4.389536087981353,0.0061703663606255035
2024-04-26,0.021110924434827174,0.012077068336797654,0.07150811965158548,4.213829044506338,0.006361206904156815
2024-04-29,0.02034944512193723,0.011986960431037278,0.0713940663252992,4.084267496347014,0.005933744854810975
2024-04-30,0.021166174597925323,0.012077084865886626,0.07105746196812843,4.053834905679116,0.006097027072645868
2024-05-01,0.02091460053780768,0.018167704492623893,0.07078615418535998,4.3138226002959374,0.006386459659133706
2024-05-02,0.01921265782296994,0.011670229048347663,0.07111619250322096,4.245721462747061,0.0058010611586141745
2024-05-03,0.02154118901817755,0.012077282379502655,0.07300576895533986,4.0871471768608245,0.006427574631799532
2024-05-06,0.024093307698299114,0.012078328210626741,0.07281875453092014,4.125239733074875,0.007237504817284362
2024-05-07,0.020753638662460393,0.011911400676092714,0.0721738783148271,4.019339290300156,0.006020450119856658
2024-05-08,0.020902125859077633,0.014782356646107877,0.07165956394538452,3.975682749847697,0.005954925615894335
2024-05-09,0.020397775989199507,0.011856216219166407,0.07134591188944853,3.887148608371068,0.005656959317402442
2024-05-10,0.023387311709977293,0.01207803976604477,0.07205336596358003,3.832564370287744,0.006458386557069307
2024-05-13,0.01750189269885584,0.010046552165962229,0.07193769328477048,3.9485162862234535,0.004971362802467104
2024-05-14,0.021402487796269312,0.012077182678802326,0.07163611173456859,3.838381242274344,0.0058849716027499855
2024-05-15,0.020593459344955926,0.011336609481053396,0.07124682414596845,3.8269197623110474,0.005614927766065384
2024-05-16,0.02486808503346148,0.012078656707108918,0.07130336975563101,3.957130150792991,0.007016697164301476
2024-05-17,0.01791141468995274,0.01108469689865188,0.07164612730462303,3.971526729334277,0.005096594709975718
2024-05-20,0.023833443058902785,0.012078215546236351,0.07150258121399197,4.0702808835876665,0.006936380149091702
2024-05-21,0.02716699386510807,0.012079696066993797,0.07129504781132383,4.7149520695885245,0.009132259241382801
2024-05-22,0.02127192258703443,0.012077131179828064,0.07098013884904013,4.735713490309374,0.007150378116698746
2024-05-23,0.020485968976957546,0.011930613138795437,0.07081490538319286,4.598849757101166,0.006671606320892609
2024-05-24,0.02230629639823109,0.012077617564859772,0.07325855694702944,4.4437154322676635,0.007261595745755007
2024-05-28,0.02012393671818968,0.011885206504532276,0.07276493215945588,4.330633515848521,0.0063414198020046286
2024-05-29,0.018762595807763807,0.010178771610515603,0.07272832295326799,4.301212479449145,0.005869314663260603
2024-05-30,0.021350743012856613,0.06812829567446911,0.07216933762347481,4.234499970837791,0.006524809655138553
2024-05-31,0.020421484350945075,0.012031641585238648,0.07202054302860117,4.08791554155797,0.00601236879351414
2024-06-03,0.02116216610630586,0.012077104235291156,0.07278495483689996,3.9273094082394384,0.0060491848215630546
2024-06-04,0.02097425880342408,0.012077010365152336,0.07258625070734394,3.7687106101297196,0.005737646363471236
2024-06-05,0.021530974805830758,0.012077239731846089,0.07216111489691525,3.6770282253698134,0.005712995616539177
2024-06-06,0.021054810543970626,0.012077036960505792,0.07165813911126304,3.6016828707706496,0.005434033783339227
2024-06-07,0.01971974954071512,0.011779469954648543,0.07162590377454871,3.539463492743976,0.004999297099109079
2024-06-10,0.016531680474293535,0.01017675464316202,0.0718971758511901,3.639923332025911,0.004326344216852619
2024-06-11,0.020451675295395415,0.012018853976086753,0.07169897042615965,3.5268479086355193,0.005171643025962463
2024-06-12,0.020194829227638742,0.009291599290772943,0.0712962112834462,3.7039688213964186,0.005333029170183882
2024-06-13,0.022557550995803338,0.0120776810905212,0.0718137652522101,3.628081001107547,0.005877283230721716
2024-06-14,0.019814996201651214,0.011119951812412142,0.07146869941959781,3.642890073049363,0.005158886090182852
2024-06-17,0.020945925820381437,0.012077016721091169,0.07259988173339545,3.498611488971725,0.005320239611268877
2024-06-18,0.021370745142996854,0.01207717199797175,0.07215696902804439,3.404483432137975,0.0052498775327616595
2024-06-20,0.020160451441222967,0.011961094537445227,0.07201236838453172,3.3170947074855595,0.004815764252801615
2024-06-21,0.021391195816012083,0.01207718212615256,0.07178716097931967,3.223293876005275,0.004949732680151936
2024-06-24,0.021041270461513793,0.01207706259747061,0.07310208005741649,3.1044294049800967,0.004775111113529939
2024-06-25,0.017678865090727035,0.008697401119024456,0.07254942187347937,3.314805856159391,0.00425154162204514
2024-06-26,0.021313493860790567,0.012077141083119233,0.07204140456361743,3.2374503887493304,0.004970956258921932
2024-06-27,0.02111369645154231,0.0405461573363348,0.07162814350141182,3.1551655115120036,0.004771666852949321
2024-06-28,0.022544894844979693,0.01207769842909952,0.0714825123295668,3.1514533765670505,0.0050787742415930245
2024-07-01,0.016171216114125222,0.011259269911770788,0.07314750257312123,3.1589178586719173,0.0037366336207853923
2024-07-02,0.02249650323220218,0.012077648821105947,0.07276794852341233,3.1357136585325094,0.005133239736432535
2024-07-03,0.02051861677961821,0.01199073452981667,0.0722554785966043,3.0527727497726502,0.004525987380654491
2024-07-05,0.016420155491129004,0.009623018232632832,0.07222832748003791,3.188165660538695,0.0037811656469193397
2024-07-08,0.002808198314881869,0.005464868279969948,0.07295534227778246,3.798548975758622,0.0007782203873452934
2024-07-09,0.021500517681914674,0.01207721550915303,0.0731068381752729,3.6709131489383604,0.005770069280702678
2024-07-10,0.02064567081079955,0.012000671910780037,0.07241063470206471,3.603975678099881,0.005387821562227802
2024-07-11,0.020669987467625345,0.011993989286587133,0.07186555264411815,3.5275966209291223,0.005240103932303968
2024-07-12,0.020832777561968316,0.012076892468095296,0.07178601271525799,3.384284356261816,0.0050612041416647135
2024-07-15,0.023278282370516136,0.012078037080166727,0.07433772025116515,3.306224899548148,0.005721271566276287
2024-07-16,0.033285890052139396,0.012082318899665132,0.07401296608378771,3.8293006519859722,0.009433817034244524
2024-07-17,0.020799117951507153,0.012003381776191048,0.07311290461237233,3.712446066709442,0.00564545706279414
2024-07-18,0.020904368215476324,0.015029566664500614,0.07239652879810107,3.6703167734857645,0.005554670968714472
2024-07-19,0.021262753629140617,0.012077128366731268,0.07192189469764079,3.5715147605959396,0.005461765832207741
2024-07-22,0.025917506755095653,0.012079151807791212,0.07409348785487949,3.5555534442008843,0.00682779495703751
2024-07-23,0.019617901980405684,0.011545484663986676,0.07342041549641115,3.525857560894725,0.00507848485556285
2024-07-24,0.02130651669308473,0.012077143146343255,0.07272474859745755,3.4399370106689084,0.005330220478107073
2024-07-25,0.020275549343473722,0.009626472632637507,0.07209985236090073,3.585493678572138,0.005241504540397757
2024-07-26,0.020907602253130878,0.017232214197168146,0.07160159649452241,3.7959468301348567,0.005682599593717227
2024-07-29,0.026287090271525534,0.012079307219789793,0.07352508686100821,3.7941526102464658,0.0073331886585385215
2024-07-30,0.02241564127832541,0.012077621069738411,0.07337285164196479,3.7190907551102517,0.006116786787108023
2024-07-31,0.020729751328282964,0.01183836728472505,0.07260901495988058,3.6433121384617055,0.005483792561418123
2024-08-01,0.02090415016813337,0.01497598850093623,0.07200086064795608,3.5951085236887343,0.00541105824840235
2024-08-02,0.020052668480280637,0.011886013335555933,0.07182146152654097,3.5153098016951514,0.005062791211635654
2024-08-05,-0.0026986032937117476,0.007586210716698109,0.076674975203336,3.85998969698501,-0.0007986910829760416
2024-08-06,0.013560124965432095,0.004900594079746901,0.0753683039882947,4.728912536567286,0.004832965733465574
2024-08-07,0.020515744435726648,0.011148514128185476,0.0744435451930231,4.559108942419991,0.006962966370366604
2024-08-08,0.019807414026579137,0.009994191864435398,0.07348054158178087,4.689949256290288,0.006826031246520761
2024-08-09,0.02190368147607788,0.012077429087211582,0.07269381223133312,5.244740239100485,0.008351001151104383
2024-08-12,0.01874314875046053,0.01163197635061981,0.07289623212418753,5.153159393796447,0.007040787043861279
2024-08-13,0.02471065941248616,0.012078594940517122,0.07305925535811769,5.163267726374711,0.009321466025492706
2024-08-14,0.02042865091267322,0.012054910943513197,0.07300778161530463,4.954443452458209,0.007389307087734086
2024-08-15,0.021057585962038126,0.03376384894171546,0.07233296324826032,4.829919364052321,0.007356728345636916
2024-08-16,0.021306825600148616,0.06097899075237283,0.07180501809446928,4.851521052545443,0.007422521553673509
2024-08-19,0.021547641740633824,0.01207732600719167,0.0728561701984991,4.664501895886877,0.007322701958044143
2024-08-20,0.021598529287903834,0.012077267940851389,0.072356724599826,4.54858479210316,0.007108523016026814
2024-08-21,0.019252955878276065,0.011488559395168473,0.07216673300523262,4.5013945605808425,0.006254340803374143
2024-08-22,0.02200222715838992,0.012077439044471849,0.0719072154914949,4.414677232397571,0.006984544240735949
2024-08-23,0.02076929839642568,0.012071472776425729,0.07161069100099784,4.232692021432149,0.006295298969075876
2024-08-26,0.028818951148085487,0.012080365024895678,0.07296477340414392,4.344279090966769,0.00913501209933288
2024-08-27,0.01958647514891051,0.01124789870204432,0.07244138924202838,4.333949528312941,0.006149317338756625
2024-08-28,0.017734951131154076,0.007494521223373079,0.07195654847962824,4.756784501788128,0.0060703509004931605
2024-08-29,0.021795110114023228,0.012077341255208861,0.07164837618297983,4.663866701224884,0.007283020777265405
2024-08-30,0.020897047126619727,0.012076970101342399,0.0712562606430367,4.461612707217797,0.006643544042113527
2024-09-03,0.020647783111833833,0.01207426109710131,0.07177416484886365,4.272664914524033,0.006331992793381898
2024-09-04,0.015343502463985316,0.010266073131001367,0.07249280331804031,4.371458039005157,0.004862344389986307
2024-09-05,0.02166546352771654,0.012077304544389674,0.0726554969588779,4.2260055925955085,0.006652218875587199
2024-09-06,0.01885504757973413,0.010861849913753895,0.07229164465987982,4.26188901961931,0.005809220674249014
2024-09-09,0.010595833236129597,0.008791726923296937,0.07349536935618538,4.516869453014603,0.0035174880447110257
2024-09-10,0.021413664533716847,0.012077188739423116,0.07270627420021625,4.625309294628727,0.007201179957351072
2024-09-11,0.02224707209959758,0.012077550084421433,0.07272643644261353,4.508130649770107,0.007293931224917477
2024-09-12,0.021586608111411134,0.09407464638932833,0.0722477948832226,4.440981415913955,0.006926087269032657
2024-09-13,0.020958017714238632,0.012077085292781547,0.07172526659271455,4.285964862472316,0.006442745562454103
2024-09-16,0.026979964106972478,0.012079605079210777,0.07394734639933376,4.286265504029493,0.008551514383841063
2024-09-17,0.010926119532579878,0.009140885796351004,0.07504265131206687,4.503552900770848,0.0036925755143354558
2024-09-18,0.02137844023270976,0.012077169541576754,0.07400393851551398,4.390221001511577,0.006945719373017465
2024-09-19,0.022103890968521625,0.012077492561583556,0.07391009685614963,4.266875970394388,0.0069707983551443135
2024-09-20,0.023584869041913013,0.01207811082727577,0.07338473242167193,4.304408348678834,0.007449937841090083
2024-09-23,0.0267832688404202,0.012079494909285397,0.07432061209825683,4.343916488708185,0.008646778336904875
2024-09-24,0.02365231258538769,0.01207814086642963,0.07384005868924742,4.353142725763454,0.007602712183373135
2024-09-25,0.020922127554645818,0.012076980645843085,0.07297649157089638,4.182737718550914,0.006386302097196423
2024-09-26,0.01985233519772511,0.011115356214813157,0.07237539043043777,4.1908364312730795,0.006021479742243561
2024-09-27,0.02107273863294862,0.012077043595363043,0.07182559872511855,4.10931201914251,0.006219698802227568
2024-09-30,0.023554743603885705,0.012078106081083046,0.0722139264635353,4.07071724762488,0.006924210750726929
2024-10-01,0.020899767842550456,0.01496860045850437,0.07169089436236399,4.119745069990926,0.006172708992716278
2024-10-02,0.018338969866087327,0.008754001705195304,0.07138246813956244,4.372957214806651,0.005724554907135238
2024-10-03,0.021641000443350808,0.09573166494470474,0.0710872372169171,4.437865870765746,0.00682720811651282
2024-10-04,0.021305238951101164,0.061401681130059046,0.0710913032913302,4.29938890987486,0.0065119284094413655
2024-10-07,0.023343676958557963,0.012078067971786923,0.07147316795019386,4.2590574256023235,0.007106009641737087
2024-10-08,0.02071252013077962,0.011478046275146665,0.07126689907323992,4.0959509802144645,0.006046103207752536
2024-10-09,0.021224983768586732,0.012077110023046131,0.07110995693043386,3.9591033299715237,0.005975505068306236
2024-10-10,0.02011827422784632,0.010967152401990851,0.07086554537100125,3.98602855941621,0.005682850922612421
2024-10-11,0.020876053512521076,0.012076184419070237,0.07063620733085152,3.839408233008433,0.005661611514866811
2024-10-14,0.02427948014566558,0.012078428534771875,0.07196323380096757,3.80009432219301,0.006639638446452687
2024-10-15,0.02484196069218201,0.012078657510217914,0.07165809601223116,4.090791053964711,0.007282130079046087
2024-10-16,0.0208883731565534,0.012835033447483853,0.07125567967769762,3.941988322650568,0.005867315442637013
2024-10-17,0.02091442771745668,0.012076979625208534,0.07102983937782177,3.7797185255186525,0.0056149549647039705
2024-10-18,0.02096052824257807,0.021915923729822546,0.07083763331256966,3.639330199183511,0.005403656421438596
2024-10-21,0.022895373898431166,0.01207784699681108,0.07187037325019098,3.5650472594856986,0.005866281942085799
2024-10-22,0.021415468952107903,0.012077190867871259,0.0715854049406302,3.472196735210037,0.005322999180747488
2024-10-23,0.021657849809296845,0.10164812541015404,0.07135862948732286,3.442470555276193,0.0053202503914467954
2024-10-24,0.023605007891774964,0.26023666046433847,0.07130255518306847,3.604941742165293,0.006067467993360352
2024-10-25,0.021066754149901622,0.012077389025365343,0.07101435929055212,3.4950712845143896,0.005228773603393438
2024-10-28,0.01495231232763954,0.009921039472148238,0.07179024757911229,3.6167049565293525,0.003882280338866373
2024-10-29,0.026958546376631556,0.012079549399197002,0.0721969537234436,3.748157850861559,0.007295133048734571
2024-10-30,0.020398590728770895,0.011997442602635992,0.07169706387732669,3.7652726096001823,0.005506782967004696
2024-10-31,0.021442086501342196,0.012077203538884336,0.07153674483881751,3.6558713150431914,0.005607730301579889
2024-11-01,0.017004504136602854,0.008886214331747874,0.07141530644343401,3.8751640524166744,0.004705928983388437
2024-11-04,0.019882386897154034,0.01203348846530869,0.07259071999678379,3.7454574185342215,0.0054057317230950105
2024-11-05,0.01651264038660538,0.009536646697880695,0.07245015833174585,3.9068270613405436,0.004673906810738224
2024-11-06,0.020673992760269343,0.011793699525603026,0.07194806032179782,3.781547336588179,0.005624876495126774
2024-11-07,0.014040174003028512,0.011066708714969628,0.07176197727441165,4.333252117637987,0.004365970977921389
2024-11-08,0.024743606968852038,0.012078605738967872,0.07158968470504433,4.534115598353037,0.00803167352429414
2024-11-11,0.025619866314676554,0.01207903506857515,0.07419496042126074,4.477960844332997,0.008511998893554968
2024-11-12,0.019100374888680355,0.012006505937458153,0.07326566758380862,5.066228245839303,0.007089688507563526
2024-11-13,0.021530020145707665,0.08729531818321029,0.07259009538373502,5.034153940413033,0.007867709119567768
2024-11-14,0.02029960754783094,0.011749103390979069,0.07207320110042488,4.927263418826816,0.007208870670329753
2024-11-15,0.02043908848710413,0.010574212827507389,0.07158919633877063,4.992787315307816,0.007305535863960563
2024-11-18,0.02121194159818045,0.012077102093999946,0.07129033710053034,4.824328160815265,0.007295380244154298
2024-11-19,0.02227360236337169,0.012077553387077009,0.07112960569598112,4.79314409090393,0.007593838354124563
2024-11-20,0.019632545399960327,0.011326311975171416,0.07100470869597951,4.763363673803796,0.006640144047259063
2024-11-21,0.02022390737763841,0.011857778697664485,0.07090745787131823,4.643527134324158,0.006658937993966139
2024-11-22,0.01867446957072876,0.011780346584700351,0.07074218526671863,4.949615696824105,0.006538802598877159
2024-11-25,0.020526512598434844,0.012065297381277217,0.0712005786249689,4.744038230670582,0.006933409853929862
2024-11-26,0.022361703964767485,0.012077593461543407,0.07127068013751788,4.658839188525953,0.007424949719268731
2024-11-27,0.02062677770345348,0.011483048231544413,0.07096100963862635,4.609651529505369,0.006747132983078063
2024-11-29,0.02378438955345249,0.01207820834574016,0.07079976503804307,4.943289057450038,0.008324148748125294
2024-12-02,0.01908464974605316,0.011943750382686856,0.07234343910333088,4.793128766659705,0.006617629381425881
2024-12-03,0.02162132147578065,0.012077280636820023,0.07213964696319689,4.644052607016187,0.007243581943395093
2024-12-04,0.020412617429944296,0.012039605059218212,0.07207908403017801,4.472731806972047,0.006580832138322523
2024-12-05,0.020100045790152368,0.011997932008021184,0.07160450818812637,4.607065305961483,0.006630736678581192
2024-12-06,0.020606997042901386,0.012054460574386732,0.07146743366509696,4.429111638667996,0.006522882014639147
2024-12-09,0.02860009756550265,0.012080279632079033,0.07314942584568064,4.51083780409585,0.009437036783164576
2024-12-10,0.015189662310537103,0.008635705450669287,0.07292770146723253,4.795323756427136,0.005312006264650741
2024-12-11,0.021508206237784308,0.08500713856010124,0.07232271056117956,4.764332587838121,0.007411070724312739
2024-12-12,0.021903678966558673,0.012077478759276342,0.07181372521215328,4.842616417830416,0.007617361932439732
2024-12-13,0.021032443380300414,0.012077027416131876,0.07138580500564203,4.710058448657664,0.007071766073990504
2024-12-16,0.021347466037229493,0.012077166052827971,0.07141264737612854,4.538883611284604,0.006919433041562641
2024-12-17,0.022573009864209233,0.012077688161053708,0.07172825168679953,4.443740452058524,0.007194960296147692
2024-12-18,0.021186859265754317,0.04857853842384898,0.07132998124233156,4.408192020867479,0.006661916664961608
2024-12-19,0.019944231910720176,0.00843344386341297,0.07100929635812879,4.712465429590027,0.00667391547352352
2024-12-20,0.016245870461444496,0.009387258358424263,0.07121702961345852,4.9149481364818275,0.0056865096593467866
2024-12-23,0.02182333049340128,0.012077368310433274,0.07158411081224367,4.754880408655008,0.007428091807075332
2024-12-24,0.02054084177244872,0.011830738569019578,0.07123738291904876,4.641467670651053,0.006791747369183082
2024-12-26,0.02221666147780111,0.012077532007653406,0.07129923904131727,4.5473157454896285,0.007203089368685827
2024-12-27,0.018221219084797492,0.010243433774167103,0.07123479498399755,4.650462903942694,0.006036230189552037
2024-12-30,0.020523945428451457,0.012060000152189488,0.07143586604256214,4.4661839288802305,0.006548076882117039
2024-12-31,0.021541944879817646,0.012077253590902521,0.07175150759680907,4.310552137939033,0.006662678284906128
2025-01-02,0.0207170823116047,0.01201760524166093,0.07136779966443331,4.165937985349459,0.0061594750377911185
2025-01-03,0.02208904334233557,0.012077475313800736,0.0711171148734308,4.177985329793217,0.006563234893566083
2025-01-06,0.024718343235360343,0.012078594009884666,0.07134311249893369,4.254139319764301,0.007502104676747532
2025-01-07,0.02237499328865908,0.012077597257240336,0.07126810310645111,4.209559488734488,0.00671266176429617
2025-01-08,0.016610792274218324,0.007524274450994088,0.0711136593165059,4.618249450102434,0.005455326664720305
2025-01-10,0.021400510205221074,0.07363203603436168,0.0709028873598969,4.555685263785405,0.006912605318874478
2025-01-13,0.01977266806331019,0.011688542683755337,0.07092069800837997,4.476797518537612,0.006277774751730928
2025-01-14,0.018376323079425372,0.010413327229271508,0.0709379936760042,4.560933251204445,0.0059455390433374835
2025-01-15,0.02113169403586811,0.012077067879533152,0.07070141073955297,4.494918917385124,0.006715591264820937
2025-01-16,0.02314374823022919,0.012077928663623531,0.07059765612275082,4.6935061104530815,0.007668693251433215
2025-01-17,0.020476391451446963,0.01079894363139857,0.07043571952391302,4.733103676103029,0.0068264104340558344
2025-01-21,0.026748524575399543,0.012079475490538498,0.07180653513178667,4.77761309281012,0.00917645161923242
2025-01-22,0.017781554950398976,0.010709450149375145,0.07188108156390505,4.827270686195199,0.006170011757679355
2025-01-23,0.021533443367394718,0.08766479323122373,0.0715025920164321,4.800715016234785,0.007391646584240251
2025-01-24,0.02141264455458758,0.012077271224415645,0.07117122050774831,4.730907917803397,0.007209733577576058
2025-01-27,0.020118236080221105,0.012038586950304858,0.07191342546616518,4.555515065112464,0.006590788320200581
2025-01-28,0.018072980258156263,0.010556995639237614,0.07182502484846176,4.623711783198216,0.006002004460336614
2025-01-29,0.020510381051323266,0.010922968694902346,0.07139458858185561,4.649042065675097,0.006807732776018169
2025-01-30,0.020869438965102443,0.012076054625874685,0.07104956680519028,4.4900557145546625,0.0066576956563103576
2025-01-31,0.020793997005167934,0.012075866465179537,0.07077997300480307,4.531527502703592,0.0066694955927546805
2025-02-03,0.02261476317343817,0.012077709508656363,0.0714083723419915,4.427337981218042,0.007149634740959721
2025-02-04,0.014668753828101344,0.005729118291100717,0.0712165982456336,5.182453240304134,0.005413895114310168
2025-02-05,0.020718863802778577,0.009725621367489482,0.07091062277953832,5.354093010876299,0.00786616671569841
2025-02-06,0.0208631936425442,0.012076092613030706,0.0706714196369186,5.1861281524615475,0.007646590777815833
2025-02-07,0.019814205586285046,0.01113105114969543,0.07057548806610348,5.176179478325372,0.007238355043925307
2025-02-10,0.01889154175110125,0.0114757912174399,0.07092190273284317,5.114034019859498,0.0068519059592185546
2025-02-11,0.02112825744763736,0.012077067310107324,0.07071906890276025,4.9467134449627626,0.007391234262240254
2025-02-12,0.021582501155439655,0.09356568472594974,0.07068331496514146,4.859516095251211,0.007413302245068651
2025-02-13,0.018671142321436386,0.011036754639171992,0.07077722183595853,4.911161623657085,0.006490058743578236
2025-02-14,0.019821359493867527,0.011723017768451449,0.07082358588849941,4.813827343893244,0.006757745929933419
2025-02-18,0.02321745634671591,0.012077990683142463,0.072657415551508,4.687311183741971,0.007907120734346488
2025-02-19,0.02066856397125469,0.0116722785627331,0.0720478918617795,4.6069618173794735,0.006860348751403418
2025-02-20,0.02170661807942576,0.012077314577952528,0.0718121922147155,4.486104881421292,0.006992939525853885
2025-02-21,0.021092712905830424,0.012077052953466637,0.07141480668033467,4.339999937903255,0.006537480849537857
2025-02-24,0.01763824754235526,0.011129217932865733,0.07190202924346821,4.344096437044637,0.0055092951382873364
2025-02-25,0.016679284913515252,0.009288415241575539,0.07181712217190866,4.547368022125546,0.00544710226641103
2025-02-26,0.020335635090033242,0.011921535628800852,0.07154060002272442,4.421151503131381,0.006431995263791456
2025-02-27,0.022488243803027972,0.15874561812735505,0.07123661349136444,4.686551206624399,0.0075077909767424095
2025-02-28,0.021074853458174028,0.03584677265510871,0.070946705053576,4.57681536947827,0.006843215036329812
2025-03-03,0.01767252574505909,0.011156141788180874,0.07153824553508793,4.573865860515153,0.005782562449466124
2025-03-04,0.01814359225517959,0.010369113392004619,0.07146420205989898,4.663172757036714,0.006046350670256208
2025-03-05,0.020947116076322436,0.012076989042490664,0.07110915191622919,4.498504385439041,0.0067006647015128195
2025-03-06,0.02196607308543811,0.012077423009392416,0.0709156076476827,4.482991058943746,0.0069833229282264455
2025-03-07,0.020707860907552746,0.01179288681749916,0.07068386321121405,4.38772646073131,0.00642236615236354
2025-03-10,0.016369826576226917,0.011089380060599247,0.0720030424833325,4.3958241600965335,0.005181258233237011
2025-03-11,0.01423463058208394,0.005528209577161355,0.07169076423697232,5.195088168739844,0.00530154355204324
2025-03-12,0.021509730221453256,0.012077206792464584,0.07137024802758325,5.074852731345133,0.0077906844329463775
2025-03-13,0.02096565601820412,0.022544154853891194,0.07110320044980897,4.865159798620415,0.00725261652023046
2025-03-14,0.021178782923245848,0.04780646658145197,0.07084286342776115,4.80621262417239,0.0072110762135057255
2025-03-17,0.023674162543885557,0.012078209695067718,0.07212245788462107,4.71366750515891,0.008048298746302638
2025-03-18,0.02098660653011876,0.012077007906484725,0.07162844059133076,4.55704616669617,0.00685032450552667
2025-03-19,0.020841070236574763,0.011990806394214754,0.07125335943800418,4.3697443217986995,0.006489054012779065
2025-03-20,0.02074362254256706,0.012076150056913275,0.07093912987557822,4.535746257877469,0.006674507254282111
2025-03-21,0.019728856100776147,0.010972503193928347,0.07078268717615753,4.5560590220633275,0.006362360786981694
2025-03-24,0.019481876885654986,0.011934796757211723,0.0716156633830765,4.425889207682499,0.006175033980988389
2025-03-25,0.022703887168721685,0.012077738449668132,0.07131290522535287,4.542180356215455,0.007354154070228999
2025-03-26,0.020884573089531476,0.012344674538328746,0.07098573535337767,4.3485926158381245,0.006446818029052977
2025-03-27,0.020910939983236034,0.016020777046894075,0.07073009760808975,4.3500966227385005,0.006433935701698672
2025-03-28,0.020679995040770654,0.012039797069101701,0.07061962177275274,4.193944543744099,0.006124892928145793
2025-03-31,0.01600813849278488,0.009367853978652925,0.07095351987188009,4.384294280829014,0.004979829513444017
2025-04-01,0.019886013796347773,0.010368844333812674,0.07074342437824954,4.473009282357756,0.006292650540548999
2025-04-02,0.022823865566468798,0.012077784903921291,0.07072111792742146,4.506567798404424,0.007274183073050481
2025-04-03,0.019955547116021134,0.00951876950933816,0.07054199642333218,4.689013709277884,0.006600743979575816
2025-04-04,0.020873390099500757,0.012076203405008203,0.07038374963792349,4.516329680053215,0.006635154290880338
2025-04-07,0.020764152397738385,0.012076941938600337,0.07177415803079025,4.315461087029274,0.006431459203914932
2025-04-08,0.01418282289570067,0.005505413718303654,0.07151175316618102,5.1072854710199955,0.005180005709015266
2025-04-09,0.018961922187001778,0.009587568360415896,0.07123002382779169,5.294805043502561,0.007151471686332693
2025-04-10,0.01823885169984247,0.01178303212152864,0.0709938154698113,5.754089379199601,0.007450657728726862
2025-04-11,0.023942739213728016,0.2782246007645934,0.07101862507349248,6.039999901866401,0.010270297566626571
2025-04-14,0.022903631317372865,0.012078230926226391,0.07201613206705078,5.869648508301745,0.009681579843410611
2025-04-15,0.02211760781392214,0.012077487312978427,0.07170084841759536,5.786503329123065,0.009176533509993362
2025-04-16,0.020900649624068315,0.014477191523074567,0.07128917388088672,5.631844345998275,0.008391392012068379
2025-04-17,0.02065046337424171,0.012027171793920464,0.0710561450194049,5.414770149127645,0.007945321394176573
2025-04-21,0.020969225231259644,0.012077032765873616,0.07254554332008115,5.168995027942058,0.007863198451922451
2025-04-22,0.020791326388441795,0.012073682606663819,0.07211391301621141,4.939778019350088,0.007406426053844743
2025-04-23,0.020623484034156255,0.012076016270499089,0.07161259929260341,5.332425365063119,0.007875465943978695
2025-04-24,0.020842457359900656,0.012076033271165972,0.07122008827730024,5.237364236402683,0.007774352130340065
2025-04-25,0.02089612215323691,0.013871079932602476,0.07091316137390201,5.080174000798892,0.007527853054431722
2025-04-28,0.021549313684330045,0.012077261974591247,0.07151384762055717,4.889069508617052,0.007534419542488127
2025-04-29,0.021092373615068133,0.012077053646297435,0.07123309376060852,4.703530670704372,0.0070669373731360235
2025-04-30,0.020863517893330505,0.011459164269113791,0.07108388557531183,4.491760247545086,0.006661549587220595
2025-05-01,0.020669270452001096,0.012064255457921273,0.07105943937955794,4.312816607338941,0.006334435464666184
2025-05-02,0.02161506739503853,0.012077274078982066,0.07085536403641768,4.260023976776518,0.006524411899190373
2025-05-05,0.020991655500657874,0.012077011565102347,0.0707312726361655,4.090530208777425,0.006073482255188243
2025-05-06,0.020730189005466096,0.011859112605532116,0.07053999196944266,3.9970781164101883,0.005844956771986538
2025-05-07,0.020887287204777318,0.012695557948271364,0.0703821914539879,3.849494732035364,0.005659115440032431
2025-05-08,0.020777364062050985,0.012067871889761043,0.07034942658922624,3.702386070639664,0.005411687558211199
2025-05-09,0.022191361607818625,0.012077581073284712,0.07024225268622178,4.355798563831351,0.006789693482831341
2025-05-12,0.02569745120449436,0.012079012748024706,0.07052455116023301,4.561262949884755,0.008266382373051868
2025-05-13,0.022275627346070862,0.012077560474538026,0.070409685493126,4.734141963750937,0.00742512253921958
2025-05-14,0.020718284973081726,0.012076049035279816,0.07028061011176198,4.948154451471061,0.007204976564867299
2025-05-15,0.02161182589235919,0.09671579692454237,0.07034201604569482,4.866041447738733,0.007397450628046715
2025-05-16,0.020327384194621767,0.011449502972253132,0.07026594461058523,4.816494709571597,0.006879509459723939
2025-05-19,0.02012676367640657,0.01204089927862004,0.07122060230451117,4.635356423583114,0.006644506384786554
2025-05-20,0.02088523551701905,0.012433593909239047,0.07091344148090935,4.44829644998589,0.006588122441195429
2025-05-21,0.020823568453086687,0.01206973874815766,0.07071113167183678,4.266512604473962,0.006282261003803072
2025-05-22,0.020998218706397412,0.012077012829979866,0.07052427418918047,4.138394320098155,0.00612848248694203
2025-05-23,0.022429104497592486,0.012077620570415264,0.07045938630595006,4.2042608983576315,0.006644165612936509
2025-05-27,0.01253576977450608,0.009691289708185401,0.07208941730892066,4.361239527501533,0.003941236192599028
2025-05-28,0.021385180652567216,0.012077177822453218,0.0716024296960599,4.447135831548023,0.006809591776027883
2025-05-29,0.020746636328750335,0.011991592943075464,0.07123279459072582,4.305369570123187,0.006362651171691601
2025-05-30,0.01952167984154527,0.011672890129356456,0.07129144630026774,4.237126812467098,0.005896931372276729
2025-06-02,0.01834392281265232,0.010353822697148535,0.07122456329994414,4.326714145106576,0.005653015976439705
2025-06-03,0.021848933903186138,0.012077371037711645,0.07101311351364836,4.288555389886212,0.0066539545320105165
2025-06-04,0.020702130326430077,0.012059190234880517,0.07089137506542893,4.1245511338310905,0.006053201496095221
2025-06-05,0.020941784514274142,0.012076988930471232,0.07066509137214584,3.974739104543296,0.005882030049928355
2025-06-06,0.014789726807183368,0.00778271240022922,0.0708535915329758,4.331792237949912,0.0045393078803870595
2025-06-09,0.021332002359860283,0.012077145670747686,0.07066621449771418,4.251014744563643,0.00640820005989167
2025-06-10,0.026586786804204624,0.012079396222368005,0.07085420357913623,4.53297011162764,0.008539143843001758
2025-06-11,0.02200857276289626,0.012077444194512045,0.07066673359458683,4.629665243988771,0.007200397743013983
2025-06-12,0.020895017641503515,0.013727809376543814,0.07048106547987346,4.4964474771828495,0.006621932168283578
2025-06-13,0.01927935428818881,0.010210305415865943,0.07042617298635526,4.602925316768459,0.006249719155444046
2025-06-16,0.017279710061826898,0.011164888295870055,0.07134671028469183,4.598402976829497,0.005669143260126837
2025-06-17,0.02089216557601452,0.013465339139560401,0.07101199857642099,4.503969421158673,0.006682063955770161
2025-06-18,0.021050619303634745,0.0329473841898133,0.07077147865858521,4.387945525299704,0.006537088644142857
2025-06-20,0.02114930485769629,0.012077104171289316,0.07093423037249057,4.217367951785429,0.006326936153669134
2025-06-23,0.014327116077345714,0.00992438175303805,0.07195679052885123,4.350739198713831,0.004485321878063799
2025-06-24,0.021037354174025902,0.012077032714964428,0.07186097932077615,4.1735443040568825,0.006309417675882235
2025-06-25,0.020999290584844284,0.012077013300777132,0.07142274843124272,4.0517952644128155,0.006076992133263249
2025-06-26,0.02089699799061615,0.013992189015061546,0.07107158540499693,3.95188975352536,0.005869278600111985
2025-06-27,0.020782683050704756,0.012068557438921153,0.07088578946258262,3.798660553684542,0.005596174933606178
2025-06-30,0.02115927475401743,0.012077099650152807,0.0716942078021103,3.6541016362641296,0.005543262831938362
2025-07-01,0.02083987355678396,0.012076524162554166,0.07128382826764411,3.6452727953055084,0.005415220302382811
2025-07-02,0.021231300419565363,0.05172272434846996,0.07097386763476468,3.705108952378493,0.005583108285388257
2025-07-03,0.02079129087325941,0.012076983416785187,0.07072059726586084,3.9227520968196985,0.00576790684076615
2025-07-07,0.022163012504487215,0.012077519140296375,0.07137310286052026,3.8194063989839915,0.006041701166319475
2025-07-08,0.0193386155254486,0.01156941144984429,0.07140778926079308,3.780092328180726,0.0052200345146486875
2025-07-09,0.022283557851454753,0.01207755706970994,0.07122248134267171,3.7710193906756055,0.005984948233166068
2025-07-10,0.02155032815525451,0.012077256589725482,0.07092362107247487,3.953871003206058,0.00604320441388926
2025-07-11,0.020702263772296135,0.012076120523284982,0.07068154937534196,4.176597050360845,0.006111481142650703
2025-07-14,0.021196299697544278,0.01207710260900943,0.07086531845584311,4.020865931509201,0.006039672463761451
2025-07-15,0.022026103149777175,0.01207744994156067,0.07089532255956678,3.9503634020975418,0.0061686808354633445
2025-07-16,0.019676350602984366,0.011781307174683666,0.07073255186302002,4.020269924433784,0.005595244797414481
2025-07-17,0.025425609080838456,0.012078900535651483,0.07078819680987002,4.2741815727715995,0.00769281312654794
2025-07-18,0.02167872115394532,0.01207730201960504,0.07061496152599782,4.283166090978611,0.006556850802972503
2025-07-21,0.023206287524250142,0.012077959524817172,0.0712863576059717,4.218851980865563,0.0069792118625597805
2025-07-22,0.022968858405909336,0.012077852762638371,0.07105638948975891,4.376429620633201,0.007142701413160765
2025-07-23,0.020883091522409337,0.01215677642967327,0.07078527738643141,4.185774751352834,0.006187476807629563
2025-07-24,0.020912502905452914,0.016335673695495854,0.07057359550174287,4.221458630429397,0.006230326348180835
2025-07-25,0.020849722127998085,0.012076059276591717,0.07040842817748286,4.142866587503591,0.00608171225415035
2025-07-28,0.021497426202200423,0.012077238528333627,0.0711248334619931,3.997222609103055,0.006111756800906167
2025-07-29,0.02148161336642131,0.012077217713623394,0.07093020661309964,3.915083833762882,0.005965394736630936
2025-07-30,0.020960694986795064,0.012076998295462351,0.07077532233511895,3.760968428248488,0.0055793964529125386
2025-07-31,0.020596440616246343,0.01058920073770335,0.07099797736895237,3.6234009936858853,0.005298519653803311
2025-08-01,0.021780459617508335,0.11154649652806865,0.07081556431210054,3.671454159308241,0.005662834516191849
2025-08-04,0.0027990155574369644,0.008492581893752658,0.07514178452245768,3.92979308223889,0.0008265259643260915
2025-08-05,0.028223307818704513,0.0120800884995413,0.07500989988483388,4.108382881331731,0.00869755951524686
2025-08-06,0.02242021556724894,0.17441879453821435,0.07430439143490326,4.098709761858851,0.006828124507476372
2025-08-07,0.021694124593839015,0.012077503854073295,0.07348914883315637,4.019492058351905,0.006408206856740213
2025-08-08,0.022296889231708462,0.012077570800962547,0.07273068849489724,4.201542888125096,0.006813508093952022
2025-08-11,0.02376886465434285,0.012078196418993116,0.07292442607432775,4.173011165696052,0.007233208837980973
2025-08-12,0.02275191308125343,0.012077759500397462,0.07233832057007446,4.299601706476442,0.007076435757339123
2025-08-13,0.02370407383243255,0.012078174426234458,0.07187669631107357,4.609590049215534,0.007853683617571721
2025-08-14,0.02260441363255206,0.012077693843566984,0.07158801305364565,4.628823420497529,0.0074903854725505
2025-08-15,0.02186335518724816,0.11818802980337906,0.0712735092224574,4.704557655389847,0.007331008917931707
2025-08-18,0.01937664225175788,0.011376201279086475,0.07120875792251992,4.66971616229729,0.0064432119147562125
2025-08-19,0.020203213629477447,0.01117969607181934,0.07094318322193433,4.6622795516605615,0.00668235337009204
2025-08-20,0.016896102329615144,0.009513404063542922,0.07106706869163096,4.848906368073698,0.005822355669060282
2025-08-21,0.02203488648387991,0.012077452034804053,0.07083248560604474,4.957914110222244,0.007738241840210114
2025-08-22,0.022290998107819513,0.15720956053459093,0.0712299440610437,4.875710201285761,0.007741587070936579
2025-08-25,0.042098273589811726,0.012086322834776779,0.07355944065114495,5.426373209949804,0.016803988061936646
2025-08-26,0.018271411313300564,0.00836635108058719,0.07283858745484544,5.791801011171325,0.0077080982496765035
2025-08-27,0.020424527417519475,0.011993473366459836,0.0722016285413178,5.75802738506813,0.008491271672416832
2025-08-28,0.020394754347680715,0.011847536862048914,0.07176888628779018,5.599073166253824,0.008195412696902576
2025-08-29,0.020874706403805093,0.012076446771637174,0.071350685168016,5.335822820785592,0.007947305795025096
2025-09-02,0.016878676592427526,0.01126502450624473,0.07250238452753648,5.302963434202946,0.006489471279002698
2025-09-03,0.019857362299236656,0.011988932793607897,0.0728310210251662,5.120289933807029,0.0074051270036758765
2025-09-04,0.022156019795087824,0.01207750421280111,0.07240969097204028,5.035743749648221,0.008078896807196848
2025-09-05,0.01953092347804614,0.01118833630629918,0.07200531732769484,5.020435820330738,0.007060391227908082
2025-09-08,0.0205388410962366,0.012076538660193682,0.07416621680319127,4.791725683213548,0.007299178911182046
2025-09-09,0.020825969110643404,0.012076951411513718,0.07387806781160824,4.573310016287941,0.00703641410963345
2025-09-10,0.020863766814747185,0.011333327523918664,0.07341638989706802,4.368605057471947,0.006691577766602904
2025-09-11,0.020970548723908192,0.012077000169237838,0.0726427556973481,4.224939644178073,0.006436097498362379
2025-09-12,0.02206967792767008,0.012077466970193632,0.07218696101603823,4.184237576204477,0.0066660887220244104
2025-09-15,0.0235287728777215,0.012078088903935648,0.07183069603760496,4.3263373243777545,0.007311891370063437
2025-09-16,0.019091257402312132,0.010644096003779096,0.0715516142224843,4.3853703989826505,0.005990461067108142
2025-09-17,0.02049435079872031,0.012000418876592936,0.07133390393525336,4.2433695002407426,0.006203560310720205
2025-09-18,0.021085379954399068,0.012077049979967662,0.07101055995468555,4.163293194541506,0.006233634941258818
2025-09-19,0.0208820547504108,0.012076049181461958,0.0707494710752189,3.983790774803628,0.005885629896845909
2025-09-22,0.017678279911559396,0.011165542614993227,0.07138782428383475,3.9889865763540002,0.005034156665699379
2025-09-23,0.01837664257597937,0.008603317628512849,0.07113476896217673,4.2524682440647155,0.0055589039853794035
2025-09-24,0.021373629969870755,0.07037335640103996,0.07100719084166582,4.151773760395266,0.006301069905535924
2025-09-25,0.020934943443731563,0.018708827843174913,0.07076772690584264,3.9959782940201154,0.0059201152104116335
2025-09-26,0.020898766672572185,0.017461499546725632,0.07055990153014999,4.315582943657449,0.006363822990820281
2025-09-29,0.024836567607734984,0.012078656212353869,0.07124012508854842,4.337871555261393,0.007675257209477783
2025-09-30,0.022464433399170963,0.012077635691829292,0.07101962268054571,4.409354050590996,0.0070347521665460105
2025-10-01,0.020901132529010467,0.014534631714812028,0.0707565931179193,4.309206158692802,0.00637285452225706
2025-10-02,0.02367371772712013,0.012078150935693954,0.07081885280954592,4.385944150804402,0.007353235065999594
2025-10-03,0.02151323025112493,0.012077231919679958,0.07062761181248858,4.381065820027574,0.006656714405412828
2025-10-06,0.021609281650175526,0.012077285656399612,0.07129835166942997,4.229133659604608,0.0065158522910421
2025-10-07,0.019425514290511644,0.011475683769998444,0.0711302699023387,4.256761374770694,0.005881746292524247
2025-10-08,0.02214395172663761,0.13985136096321749,0.07091864001447593,4.403783864472102,0.0069157855928342815
2025-10-09,0.02133506541973125,0.012077317111113697,0.07076736402236791,4.283237956863297,0.006466945492039608
2025-10-10,0.02047425751697755,0.010793803731116259,0.07056820314292428,4.326232237139833,0.006250676887937058
2025-10-13,0.0018673625240432103,0.005708370246051368,0.0719114972713117,5.070185114910076,0.0006808489718402403
2025-10-14,0.018871575994230103,0.011798436702050375,0.07152382285521236,5.362229125272685,0.007237761305385521
2025-10-15,0.020007364054042916,0.011683201467783998,0.07130976240856078,5.256798027881003,0.00749998086475777
2025-10-16,0.022318230652055664,0.16615846519598879,0.07125971283760789,5.247084369917548,0.00834491422238309
2025-10-17,0.020651069494800202,0.011551471591398929,0.07095188446844404,5.170171729744175,0.007575502599172505
2025-10-20,0.018387208632963198,0.011810143396033897,0.0724643536324784,5.044722834509668,0.006721675416893788
2025-10-21,0.022316831981543307,0.012077571437134615,0.07205056073605716,5.015825010053752,0.008065146961363467
2025-10-22,0.020904339911761636,0.015046928537485599,0.07156296934992908,4.943105152530677,0.007394769819384639
2025-10-23,0.020268299702431884,0.011723112299014276,0.07126920509599693,4.844654887768372,0.006998131156336468
2025-10-24,0.02098661637075825,0.012077007546615599,0.07095989238967279,4.68391050642029,0.006975317181487002
2025-10-27,0.021531573983440924,0.012077238798048949,0.07079836920007346,4.58659001936894,0.006991799313133038
2025-10-28,0.02449998327498766,0.012078501166053485,0.0710915026531667,4.6466781786189415,0.008093308159631218
2025-10-29,0.020189633197891656,0.01114538570139328,0.07085136740573032,4.644066805647656,0.006643166289930197
2025-10-30,0.022389262017292345,0.16644954537588272,0.07124418519301393,4.5814388354455025,0.0073078747543106745
2025-10-31,0.02153292589259152,0.08775358204078174,0.07100768231934367,4.554615489348609,0.006964021481205791
2025-11-03,0.021177925590544985,0.012077172297594143,0.07083584412410891,4.401325484077159,0.006602675871620889
2025-11-04,0.015171154495041922,0.008909652361226763,0.07116849141873866,4.648813531025614,0.0050193619897361125
2025-11-05,0.018627966484131946,0.007544384588314593,0.07091621269322819,5.089127091942387,0.0067228632679246945
2025-11-06,0.020832407029588072,0.012076125071951813,0.07067577208388601,5.039818234125495,0.00742035849161656
2025-11-07,0.01991379078302174,0.011275783562459552,0.07057802549812596,5.011944751802319,0.007044168230628308
2025-11-10,0.024298462756134547,0.012078425143811402,0.07146210290619481,4.970489087208548,0.008630852912769774
2025-11-11,0.022080586973002386,0.012077471717582113,0.07119367404621714,4.965690129683501,0.007806055507175018
2025-11-12,0.022221052516257892,0.15550191977383757,0.07105282880842262,5.012985041997377,0.007914844877506887
2025-11-13,0.02092484784519877,0.01744827782394108,0.07080323338236057,4.804917541491357,0.007118710618555876
2025-11-14,0.020909039136371165,0.016556030331987905,0.07058757767699024,4.950689733192794,0.007306814189666671
2025-11-17,0.018044578431586456,0.010567976585230458,0.07079111689077051,5.016804323231894,0.006408445077918812
2025-11-18,0.020292611381079365,0.01138820237956319,0.07061727273238502,4.972772948588869,0.007126027755509828
2025-11-19,0.021782396401208014,0.012077344249689651,0.07053198214664098,4.9111712988223735,0.007545305498436101
2025-11-20,0.020573715202565124,0.011263669330515834,0.07038438143552003,4.887770084583385,0.007077824518151126
2025-11-21,0.020910223959390996,0.017252485479508143,0.0702609029151171,5.119595884819974,0.007521562909195667
2025-11-24,0.0182248629685093,0.01144232752992787,0.07101232728939877,5.064373912517921,0.006554261739209141
2025-11-25,0.022745789581927862,0.012077755805463313,0.07084206555637738,5.191293729396124,0.00836503640178394
2025-11-26,0.020875656468355014,0.012076031009604757,0.0706179154779524,4.978588489246111,0.007339411970683313
2025-11-28,0.0215713786756601,0.012077255635019301,0.07053189420068677,4.877265806897681,0.007420614575429128
2025-12-01,0.0210269842585976,0.012077033988800246,0.07088430876085203,4.667799013170277,0.0069572762178052965
2025-12-02,0.01582809970204406,0.008311861542346331,0.07097764134534336,5.001160555751781,0.005618509735277779
2025-12-03,0.023523059055454192,0.012078078783501915,0.07090464713492385,5.128061077292377,0.008553063337604796
2025-12-04,0.02347235424945954,0.012078064386723012,0.07083050325258707,5.268006564746565,0.008758369956292651
2025-12-05,0.02117962653825342,0.048404148384381285,0.07068192026607499,5.114210153887636,0.007656057875947915
2025-12-08,0.017796517377691907,0.011022634724914953,0.07115885517329949,5.12041872789282,0.006484394858207905
2025-12-09,0.021767734615116524,0.012077337575563465,0.07095717162867973,5.050298774544913,0.007800574729569219
2025-12-10,0.020767227806966732,0.01207610585897427,0.0707077550764843,5.171674493681853,0.007594107810036036
2025-12-11,0.021131257722430723,0.012077075253606191,0.0708855480036969,4.955932472262172,0.007423495133976736
2025-12-12,0.01943609182687281,0.011441412453100227,0.07091030459531039,4.905226847993411,0.006760477780987293
2025-12-15,0.01709047995420271,0.010204090849170282,0.07118129834008102,5.015079306711122,0.006100957078664953
2025-12-16,0.018639531365383107,0.01067615731793621,0.07113954217983338,5.067524520604851,0.006719576675036668
2025-12-17,0.020855385511615886,0.012069817390137077,0.07085859185001347,4.850272250849217,0.00716765108947976
2025-12-18,0.020912604071572312,0.016587398693183562,0.07063080862774737,4.9345424342797015,0.0072886850030987
2025-12-19,0.020727403668747275,0.012055781081361499,0.07054243945755072,4.737845114134623,0.006927495279881825
2025-12-22,0.022563992386663918,0.012077677939002246,0.0704815679565254,4.8150203350846255,0.007657546224554809
2025-12-23,0.021354442226352067,0.01207716483656658,0.07047709000105173,4.663160068326897,0.007018050991166862
2025-12-24,0.021209081393038485,0.05187542301280186,0.07040641392323903,4.543716626702757,0.0067849292230022845
2025-12-26,0.020443687996072754,0.012018823458702478,0.07053635453914903,4.387073393095588,0.006326261720775263
2025-12-29,0.019780495805802774,0.01201051439480936,0.07165767441582066,4.241268335312328,0.006011676921047513
2025-12-30,0.02088047638608171,0.012076635241475177,0.07125521546901259,4.067998054722646,0.006052541795067575
2025-12-31,0.02070178236289409,0.01199208494432705,0.07096103253968264,3.9611256062752513,0.005818972151419461
2026-01-02,0.02076628843425672,0.012075356993527223,0.07108281652153116,3.7986010217075297,0.005607214759691245
2026-01-05,0.024268338834803106,0.012078402547799237,0.07106462536454244,3.932714357299572,0.006782439437526312
2026-01-06,0.022661080830874474,0.012077717915336291,0.07095540658409867,3.9627123267697857,0.00637174898908662
2026-01-07,0.020227822989112295,0.011782547258281355,0.07077927804266057,3.9227522453066404,0.00561624639264818
2026-01-08,0.01987036839135554,0.010302831522796973,0.07060659610813731,4.015554752395143,0.0056337392942487656
2026-01-09,0.020603043951814476,0.011402034798959734,0.07044269330677289,3.992763966797734,0.005794833724801074
2026-01-12,0.020184663617831295,0.011974541201840003,0.07067965289749545,3.8768243271186553,0.0055308521133446455
2026-01-13,0.020936580281917156,0.012076987166934942,0.07053038857941148,3.7248035365399352,0.005500287546215225
2026-01-14,0.017627772826101794,0.011447489293088874,0.07053626163783566,3.9864202317715884,0.004956703738877352
2026-01-15,0.02067078638216673,0.011989363004460593,0.07040013941952684,3.8932441160225517,0.005665551008881495
2026-01-16,0.020897064796142846,0.014000442565762057,0.07027318061150413,3.7996313158012245,0.005579770779015785
2026-01-20,0.020223472254722964,0.0119864069945169,0.0705478361656689,3.689018110873049,0.005263204062014615
2026-01-21,0.017452759903851707,0.005526805352797004,0.07042752078410872,4.372386128970475,0.00537433857092186
2026-01-22,0.021118649694424983,0.012077041922066439,0.07038384620638272,4.218027432352998,0.006269725715183497
2026-01-23,0.021121613087551044,0.04148504319198432,0.07033423998485017,4.094145846709843,0.006082150905698456
2026-01-26,0.0208745684784802,0.0120769956879914,0.07047772438925931,3.918659616591178,0.005765101007705962
2026-01-27,0.02063556689627488,0.011947732736211207,0.07037277565105945,3.8128947488647444,0.005537017578309553
2026-01-28,0.022103203679167883,0.012077481223904186,0.07034127885122508,3.828909252459218,0.005953064100760873
2026-01-29,0.020979394622920998,0.024226515248240942,0.0703010629845889,3.6899930871040976,0.005442273915152406
2026-01-30,0.021845491079189275,0.09763086631471492,0.07021716062844065,3.9844446158005793,0.0061118525795446545
2026-02-02,0.017198311415481282,0.00981531563795935,0.07050204225459347,4.124849712134829,0.005001446595800048
2026-02-03,0.010832971061853602,0.005228621569486626,0.07068075369184217,4.954789331844015,0.0037937957767639713
2026-02-04,0.020132951719675978,0.009681900796627858,0.07050502107226322,5.127808006274444,0.007278791091786964
2026-02-05,0.022197613349890104,0.15364419326943593,0.07051656362140403,5.165911455942638,0.008086198174922283
2026-02-06,0.013775202387256514,0.006232740879988168,0.07062066325849313,5.904197816800232,0.005743685876392504
2026-02-09,0.025798189048792393,0.01207904536557539,0.07070552063457596,6.286999060201047,0.011467953963872901
2026-02-10,0.021735659503557457,0.01207732590638532,0.07067512963518213,6.122493190695315,0.009405193751224478
2026-02-11,0.021585964993310457,0.09306197112147231,0.07056091876948085,6.081732555771712,0.009263242076434294
2026-02-12,0.02128183450476699,0.05863789130429869,0.07041930138134807,6.062551165876067,0.009085653932344452
2026-02-13,0.020882058352331118,0.012076178556549334,0.0702881012752302,5.766634462977924,0.008464036738992249
2026-02-17,0.026210299806790575,0.012079248369343007,0.07169828607089687,5.7724637911388355,0.010847807758416993
2026-02-18,0.0199750342543658,0.011667554323134975,0.07145188417836516,5.65567882099476,0.008072089281147674
2026-02-19,0.021483591431977377,0.08274897901394127,0.07125428004748069,5.522814846024294,0.008454313038779967
2026-02-20,0.020798601244000216,0.012061729670031109,0.07097727592924884,5.288028792582977,0.007806336482726094
2026-02-23,0.021256361778175116,0.012077123913646,0.07088623194500415,5.094639060349584,0.007676517520877588
2026-02-24,0.020296032348840726,0.00982967762708497,0.07066084716566587,5.251906050277351,0.007531941442431232
2026-02-25,0.02088860090063993,0.012863676071192607,0.07047651063336545,5.0399983835647255,0.00741966236594558
2026-02-26,0.020639077188929263,0.012075972030805373,0.07033272151072821,5.405662916101208,0.007846873631093418
2026-02-27,0.020890267483575732,0.013083421742736707,0.07022063443341231,5.197603874312883,0.007624509804668514
2026-03-02,0.017846001022635866,0.010404057910115005,0.0705060090502786,5.283866745936739,0.006648426969030033
2026-03-03,0.02226357736524219,0.012077547289993367,0.0704603723706337,5.290315819136471,0.008298918168673574
2026-03-04,0.020820121312348148,0.011777942788267359,0.07032089024345198,5.167633178553762,0.007565877299120778
2026-03-05,0.018651684918824536,0.011444789312690135,0.07037321600320176,5.315220498835224,0.006976647081491591
2026-03-06,0.02046011677799871,0.011698997872032888,0.07029013343594144,5.208308009242868,0.007490298676346805
2026-03-09,0.017456856367433254,0.01051098873172046,0.07070201179259553,5.2808993851203585,0.006517870138362482
2026-03-10,0.02095363813332722,0.012076992507850767,0.07054798697342249,5.053817735183162,0.0074707403172487395
2026-03-11,0.020852101822282587,0.012076138114852832,0.07038843601026726,4.941703420729286,0.0072531695542824735
2026-03-12,0.020872161499334168,0.012076112877565423,0.07026404309116602,4.758679152389726,0.006978900180262165
2026-03-13,0.020505322232444043,0.011444302320629639,0.07032909579552454,4.600499492839857,0.0066344758783764436
2026-03-16,0.02168870986475636,0.012077314964829082,0.07088624130737321,4.44682500701004,0.006836687155946229
2026-03-17,0.024672214019551324,0.012078603136473685,0.0707442217115138,4.942591584683749,0.00862688129371466
2026-03-18,0.020890309324410508,0.013090670544970035,0.07054153122350686,4.761490825041374,0.007016696710665209
2026-03-19,0.022622116100521006,0.18669590624622745,0.07054488479058829,4.89045543119966,0.00780455347808123
2026-03-20,0.022363847033337183,0.17027237417802993,0.07066967359568545,4.889759476642238,0.007727999682104603
2026-03-23,0.020961901008178952,0.012077190269497032,0.0707384648025112,4.676104101598194,0.006933786532757402
2026-03-24,0.020998492118913994,0.012077017329378445,0.07079596998043879,4.4785855886794845,0.006657903931171287
2026-03-25,0.02089718159679454,0.012076970165718036,0.07059043439413508,4.287013701149307,0.006323950220566586
2026-03-26,0.020874454992097655,0.012076081177618466,0.07042155791350332,4.128877999559287,0.00606949872419413
2026-03-27,0.022866615830254067,0.2027819422131262,0.07045162051123798,4.294607443120576,0.006918570249685382
2026-03-30,0.017201450045672674,0.010649561258214526,0.07097807542239462,4.353079735364652,0.005314787439837459
2026-03-31,0.02181219124706253,0.012077360092347651,0.07109844150812124,4.236436532422778,0.006569920015879525
2026-04-01,0.021296916326526298,0.01207714223017172,0.07082645720944683,4.277498479548776,0.006452115112527569
2026-04-02,0.021119899294789163,0.012077064528221925,0.0706183596044314,4.190978649895829,0.006250646185018775
2026-04-06,0.016294713723631452,0.010518394843690765,0.07137241937989121,4.26331033438548,0.004958200679224904
2026-04-07,0.02164324488170758,0.012077284131896012,0.07112393059104231,4.197436106983924,0.0064613343807720745
2026-04-08,0.020731905929126777,0.0120760948471789,0.07083800449091565,4.375866116497177,0.006426426932859756
2026-04-09,0.020902106564200464,0.014744147930145782,0.07061471829577076,4.31109689904266,0.0063631633599924705
2026-04-10,0.020790860704523437,0.012070176390476108,0.07053048645571813,4.136488654845503,0.006065703610264406
2026-04-13,0.023010453533616214,0.012077870088101746,0.07088744907381825,4.0965280341606105,0.0066820613421731305
2026-04-14,0.020054443447789148,0.011995454282886462,0.07067274121844196,4.238384934157263,0.006007073529513879
2026-04-15,0.020473242083961177,0.011719246454141807,0.07052370404955459,4.164812499350871,0.006013359802891688
2026-04-16,0.020507244423659036,0.011778877154381064,0.0704428294306011,4.06058140945651,0.005865868480682092
2026-04-17,0.020938832255665098,0.019194254980330377,0.07032738541499588,3.9112000621604,0.005759528884907026
2026-04-20,0.02546977676427098,0.012078940919603105,0.07172794549585183,3.9124935119564093,0.007147713893724058
2026-04-21,0.020310036966450652,0.009990969889202301,0.07131948633000376,4.034914030014955,0.0058445786366512435
2026-04-22,0.020846836606136628,0.01199076761698968,0.0710116305826785,3.874397385365324,0.0057355333657461045
2026-04-23,0.02166469953646882,0.012077295038327787,0.07083948112224832,3.824750120361661,0.005869905488113226
2026-04-24,0.020652361487074222,0.01159973132776935,0.07062439796609242,3.781369326678613,0.005515356301095621
2026-04-27,0.02016303403175695,0.011966835469082285,0.07081932463244549,3.676722753254404,0.005250111738842309
2026-04-28,0.020707609480630926,0.012011544244412172,0.0706391269924513,3.5643303774752573,0.005213786477934249
2026-04-29,0.02089275035515572,0.013412529206944971,0.07045955351602799,3.4608804763362615,0.005094740905451554
2026-04-30,0.02165273355059104,0.10108692021615767,0.07048128754767466,3.428944463544845,0.005232955143313108
2026-05-01,0.020876583337471083,0.012077047852804997,0.07037389869877149,3.290529461379738,0.004834335852538006
2026-05-04,0.02253534211098209,0.01207766788544822,0.07068172673747888,3.253566145640687,0.005182400190670502
2026-05-05,0.022589462902303726,0.012077687807619036,0.07073271992832136,3.2531976668309057,0.005198005273917889
2026-05-06,0.020628117895403142,0.011781017917058798,0.07060560579233661,3.1647671237609725,0.004609359131437384
2026-05-07,0.020741749406514843,0.012033772341596131,0.07047130351347496,3.068736386957053,0.0044855662009221885
2026-05-08,0.020449636620989496,0.010677336002118194,0.07033729836527161,3.1251358203438846,0.004495108461680575
2026-05-11,0.02154273860078563,0.01207725607353445,0.07107523550866678,3.0304430915736926,0.004640078757219829
2026-05-12,0.020858933315996458,0.012076605882734417,0.07079985150600884,2.9921039230829045,0.004418767143571871
2026-05-13,0.021398799326127798,0.06947093124701248,0.07060574723397388,3.060982777841729,0.004624772199605757
2026-05-14,0.02138569622929382,0.07172450276929,0.07059485155466377,3.0052966060885105,0.0045371565445128745
2026-05-15,0.02069107671976304,0.011989082345000783,0.07044594238701145,2.942553047567413,0.004289072379923254
2026-05-18,0.01675998571411919,0.010674051175924326,0.07115785531116861,2.998780570139954,0.003576359617680268
2026-05-19,0.01848835735292485,0.008821926667029155,0.0709561082556179,3.1938217627656664,0.004189853040619423
2026-05-20,0.02090014240491765,0.014439740771559387,0.07070693708652884,3.1453644651334036,0.004648172596346892
2026-05-21,0.02121754697883752,0.01207710874906577,0.07060195135457335,3.061852932433644,0.004586656365362199
2026-05-22,0.020916172318967415,0.012076978151915383,0.07043905394462738,2.955523266817848,0.004354417915365478
2026-05-26,0.019188786175187482,0.010044015809401933,0.07039316547450371,3.0577915432085874,0.004130340671712049
2026-05-27,0.020892064120748795,0.012076965327491994,0.07027628952738965,2.942979136646095,0.004320931254420445
2026-05-28,0.019614044139759375,0.01079842160492986,0.07026625155969907,2.989963060411698,0.004120783114947266
2026-05-29,0.020734364218777328,0.011870202034952426,0.07017730453452434,2.9346351506078467,0.004270134174138052
2026-06-01,0.020995361156099655,0.012077017992701333,0.07047262810963198,2.830509802872707,0.004188017432403839
2026-06-02,0.020687733400513577,0.012017713633025059,0.07038245658169356,2.7539015545938352,0.00400982799126042
2026-06-03,0.016315868349006463,0.006122932014074427,0.07035649482947129,3.1933128007356766,0.0036656909641888924
2026-06-04,0.021897107208863557,0.12126132887575068,0.07031250926314975,3.2686531829375705,0.005032550995644837
2026-06-05,0.021324708485822172,0.0628231501695302,0.0702256715819889,3.3076043995377744,0.004953276424033359
2026-06-08,0.009854603350641674,0.005124334971497799,0.07051319592541376,4.009817462748618,0.002786340261684455
2026-06-09,0.02231173184173114,0.012077548817203208,0.07040083498054855,4.179734725228144,0.006565379141145409
2026-06-10,0.020907346384708855,0.015586801277971803,0.07027370236984547,4.180058167465766,0.006141494605193788
2026-06-11,0.020897419328711007,0.014063819993868682,0.0701746175802873,4.083371470376281,0.0059881352668147885
2026-06-12,0.022008357533853735,0.01207744298076914,0.07018779882499704,4.0796636261328185,0.00630193053507841
2026-06-15,0.020595619159375286,0.012067240362456677,0.07062246847222994,3.9206412409706375,0.005702625475442162
2026-06-16,0.022683312736230258,0.012077740707063456,0.07048592581843886,4.18761911570978,0.006695392825067088
2026-06-17,0.020939991772167713,0.012076989642040651,0.07043015536696652,4.015197952196885,0.00592164153995621
2026-06-18,0.02341648748785354,0.2407014652377172,0.07139099277174128,4.004276185516496,0.0066940537676841915
2026-06-22,0.017048074235207787,0.011326897682887348,0.07253169257549477,3.99065568855233,0.00493454823666756
2026-06-23,0.020770291063194158,0.012004553383086094,0.0719579103471568,3.864911754909065,0.005776445868697426
2026-06-24,0.020443965727781177,0.010494915695083408,0.0714980936144205,3.9390780263010456,0.005757768374118107
2026-06-25,0.02050374986527277,0.010914062486984032,0.07113894379901796,3.9716938275260234,0.005793172626481068
2026-06-26,0.019455174050093973,0.010497103702497752,0.07093877976031956,4.045902946158018,0.005583857092121036
2026-06-29,0.021280020719493788,0.012077138412358492,0.07120213588628306,3.899420746747595,0.005908335740397617
2026-06-30,0.021412377278825015,0.012077188319201876,0.07093786601802632,3.852565074197865,0.005851847364772812
2026-07-01,0.020909170276355898,0.015772472423542128,0.07069270712274021,3.851569541297075,0.005693104504089515
2026-07-02,0.02074553180739297,0.012065448117463363,0.07050387031866634,3.8167811459068934,0.005582577860131901
2026-07-06,0.029612054577834064,0.012080698806810038,0.07184452784657996,3.9732112454034154,0.008452864205702137
2026-07-07,0.026176888584623463,0.012079216645684676,0.07191416007605664,4.148360976266875,0.007809243723189824
2026-07-08,0.021685462042115782,0.10095946339537325,0.07188317890477335,4.053389696333879,0.006318504714066203
2026-07-09,0.02069812629409829,0.011732084668167015,0.07143971722499763,3.9838376430564693,0.005890774393454093
2026-07-10,0.020855410107187004,0.012076879555826488,0.07124754116665559,3.8147881845934166,0.005668381137146129
2026-07-13,0.023522385852997894,0.012078086467259155,0.0714436773410441,3.8155245380807044,0.006412087217584408
2026-07-14,0.021474761662915468,0.08044073022949745,0.07136348141512865,3.726143093360541,0.0057103655430241285
2026-07-15,0.02414238657168376,0.012078429135690136,0.07118490724552698,3.9308128637259885,0.006755391012846747
2026-07-16,0.022031803564761213,0.012077452308889314,0.071144001245371,3.86422605162602,0.006056906391452103
2026-07-17,0.02165460488084972,0.09970207680191438,0.07092661223043008,3.884854904696151,0.005966701110657591
2026-07-20,0.019317135292129046,0.011785135093440254,0.07134746459968531,3.81219799696442,0.005254080409006913
2026-07-21,0.022150758496017234,0.012077501310778687,0.07110407785891648,3.8349186738357384,0.006040032410116681
2026-07-22,0.019623136060928813,0.010105717353171942,0.07144045072256179,3.754454226666201,0.0052633156345360385
2026-07-23,0.020918683075005832,0.012076976610646911,0.0710931441091869,3.614321316284297,0.005375128124368007
2026-07-24,0.023031484680126356,0.22617158767512638,0.07124437697375365,3.662647653187835,0.006009905861356614
2026-07-27,0.020244781425620584,0.01186646789647423,0.07109141596798023,3.583965841737068,0.005158151794591701
2026-07-28,0.02130135155922994,0.012077140954856222,0.07085160072467282,3.5219649322692503,0.00531547223587756
2026-07-29,0.02224924290543697,0.012077546021502376,0.07099626494069776,3.4677554083194964,0.005477712023312335
2026-07-30,0.02018070073579542,0.012022570951531928,0.0714055308303098,3.361401240053622,0.004843825065227629
2026-07-31,0.020994176455883338,0.012077011407356918,0.07109680664662395,3.2479222488221557,0.004847910147928136
2026-08-03,0.017964620269264084,0.010475786175417208,0.07118566538224644,3.320894613500963,0.00424683789744831
2026-08-04,0.02059762002868195,0.01205349884358534,0.07114487075146547,3.2097597136141554,0.0047036300780004285
2026-08-05,0.020955227907463986,0.012076994601312445,0.07086299169877582,3.1108595962874506,0.004619471396923981
2026-08-06,0.02083392711989321,0.01207616449384882,0.07063421512537085,3.1033715745309305,0.004566884648212366
2026-08-07,0.02088494103071536,0.012392288644538285,0.07045568498962464,2.9916004290706786,0.004402028822481647
2026-08-10,0.021644880927310817,0.01207730108343938,0.07116718109592049,2.9066493451121342,0.004477417651711699
2026-08-11,0.019687070023258153,0.010930914943903651,0.0709637436849255,2.9436239088247267,0.004112443329397002
2026-08-12,0.020874849492171096,0.012076119616638575,0.0707128925468966,2.851499829217757,0.004209158748245077
2026-08-13,0.020781374301294328,0.012068514728777718,0.07060699318658643,2.7552442523996903,0.004042798418516804
2026-08-14,0.021065318700014452,0.01207704363971764,0.0705984146521781,2.667638966368254,0.003967254261130818
