date,rho_dcc,rho_adcc,sigma_tok,sigma_eq,h_cov_dcc
2023-01-05,0.0004889662899322365,0.0004889662899322365,0.6468291843802949,3.1579284121560156,0.0009987822291907362
2023-01-06,0.0009930459507788646,0.000992890220291855,0.6387311578081221,2.9861483075827078,0.0018940821881605406
2023-01-09,0.013215538869831234,0.01321517783406311,0.6583071372935614,2.838565951061333,0.02469519325499325
2023-01-10,0.018602238805538095,0.01860172329573384,0.6511250613675951,2.748040760362103,0.033285324617919665
2023-01-11,-0.0013498381715930745,-0.0013503437829760938,0.6496132128868579,2.669398080293864,-0.00234072233280931
2023-01-12,0.03241996710161997,0.03241918754556894,0.647703310009825,2.670093700516987,0.056068015977864295
2023-01-13,0.11227985587181229,0.11227867435330045,0.6532904960019202,2.8046078184826273,0.20572180541878643
2023-01-17,0.04263907192566714,0.04263822036203045,0.6494327063490521,2.9474083497027532,0.08161729730972352
2023-01-18,0.0010448863260625737,0.0010442153034491979,0.6430088295267806,3.117036279008889,0.0020942466979695993
2023-01-19,-0.03993904199182904,-0.0399395483910354,0.6651977353098908,3.139947533811087,-0.08342011740176795
2023-01-20,-0.0391671852177246,-0.03916776830649288,0.6569723151098019,3.0344575522000046,-0.0780819223840562
2023-01-23,-0.10367556587171572,-0.10367583345874135,0.6563500947007866,3.2515381658053273,-0.22125893759130322
2023-01-24,-0.09843045786172486,-0.09843081365293914,0.649967653283343,3.119077137393097,-0.19954799314442234
2023-01-25,-0.09761288657760275,-0.09761330664921784,0.6469049006089389,3.0686513018535924,-0.19377383666052922
2023-01-26,-0.08167202252511775,-0.08167258450869325,0.6387521535894437,2.9840168476406896,-0.15567072885411548
2023-01-27,-0.06867615201224224,-0.06867674489403808,0.632881829655262,2.8466639761284576,-0.12372708633630969
2023-01-30,-0.06009133094861257,-0.06009202637130248,0.6252120176630929,2.6879295648121713,-0.10098503601471
2023-01-31,-0.04378895042160338,-0.04378952354483062,0.6190697246954168,2.6603243102271485,-0.07211717139839471
2023-02-01,-0.02539076630265299,-0.025391501770241628,0.6153940996257173,2.5763321778680104,-0.04025603471747491
2023-02-02,0.018546428962905964,0.01854545090585378,0.6170043393027473,2.571552540066739,0.029426859840756776
2023-02-03,0.016810316304544645,0.016809314181854756,0.6090453223309131,2.546323407726073,0.026069881655402215
2023-02-06,0.020672469924141755,0.02067162854306732,0.6229686201552654,2.442481390919911,0.031455008252621215
2023-02-07,0.0802206977954731,0.08022125390303132,0.6297670659876231,2.6556954689399754,0.13416667383175152
2023-02-08,0.05803892663994192,0.05803935546772087,0.6230391415180578,2.614341250393745,0.09453594698890404
2023-02-09,0.039220162185191886,0.03922045772961792,0.6172317128176611,2.622130468519816,0.06347634528057117
2023-02-10,0.08027867072946195,0.08027975530608503,0.6129578440844444,3.0630068069615652,0.1507227265410338
2023-02-13,0.0800187413776096,0.08001976762900942,0.6097817973832591,2.996096672326857,0.14619145696379268
2023-02-14,0.07199503114229967,0.07199578314841833,0.6027552626851097,2.8478982708399045,0.12358563879459515
2023-02-15,0.04452638078085928,0.044527006358291175,0.5988956503330972,2.780041059006111,0.07413439796013692
2023-02-16,-0.021398503275539785,-0.021397805438273406,0.5931619299480982,3.130968578229332,-0.03974068752583638
2023-02-17,-0.003323633022475446,-0.0033228234122953393,0.5878822547451233,3.200331137307166,-0.006253142611433117
2023-02-21,0.013634850151483375,0.013635288773021857,0.5816395693241408,3.1943237009325753,0.0253328025058633
2023-02-22,0.01970262920483968,0.0197030173756613,0.5971893804742008,3.041145648975895,0.03578273075883932
2023-02-23,0.014478375300785596,0.014478586799982065,0.5898489147978394,2.9780267820810153,0.025432509410927194
2023-02-24,0.0039197753342432905,0.00391986201041984,0.5850745820510832,2.922739518247057,0.006702896577091162
2023-02-27,0.04330955838286374,0.04331036649454304,0.5846146118093991,3.1086943284647357,0.07871027723694911
2023-02-28,0.04352277466238603,0.043523292780221094,0.5785834625296001,2.9769283988452124,0.07496369413431819
2023-03-01,0.03238743168433623,0.03238776176932384,0.5716393097846264,2.972200052920732,0.05502710103215708
2023-03-02,-0.005025019362057383,-0.005024684227539349,0.5771336132406434,2.898620246428683,-0.008406310551190146
2023-03-03,0.0027666247977580923,0.0027669010816404665,0.5736315077921154,2.8063895546814193,0.004453805203077137
2023-03-06,-0.07927924916458425,-0.07927854355006832,0.5782030603626233,3.2002608983294056,-0.14669837381882564
2023-03-07,-0.06901301315382075,-0.06901259581417082,0.571314107382262,3.0091041533813643,-0.11864328356604564
2023-03-08,-0.05986988384448035,-0.05986972039109305,0.563994523711987,2.936994643450483,-0.09917140294260848
2023-03-09,-0.049073666404976714,-0.049073662561763695,0.5568132479729948,3.021891665124887,-0.08257278959335788
2023-03-10,-0.11920175616180555,-0.11920118931972627,0.5572153298652555,3.5912440314265344,-0.23853418457844172
2023-03-13,-0.12266122170006381,-0.12266081373022401,0.5886492558441954,3.482833600250003,-0.2514760388342743
2023-03-14,0.08663200874606895,0.08663100538590535,0.6099271835495992,3.8628469220139823,0.20410980713533639
2023-03-15,0.04645606543777602,0.04645521245446726,0.6176897204570623,3.729851716025848,0.10702971402225035
2023-03-16,0.015125545063935349,0.015124867782239862,0.6424448640762903,3.624942644896858,0.035224759353821786
2023-03-17,-0.013045736721439261,-0.013046293017638074,0.6473921268670265,3.5114341292277413,-0.029656544657271428
2023-03-20,0.10603016875548685,0.10602896488935998,0.6613707904331451,3.7760026486773177,0.2647931543570957
2023-03-21,0.0885217759742919,0.08852061631525451,0.6552184039709205,3.5952143378870987,0.20852637472264732
2023-03-22,0.06232487185048143,0.06232379009160531,0.6604645507946635,3.4253939283341004,0.14100075249564165
2023-03-23,0.002626696513350288,0.0026259689384657793,0.6791506091541513,3.532432325266037,0.006301585635840067
2023-03-24,0.026873278938208223,0.026872367831425763,0.6763390071655541,3.475927827430695,0.06317654129542162
2023-03-27,0.022319230168203533,0.022318292663912193,0.6675472031788136,3.5515365704984228,0.052914839427881916
2023-03-28,0.04191834184905537,0.04191791836049451,0.6810627804604552,3.4733507302116613,0.09916076798051635
2023-03-29,0.03682287790006704,0.03682236966741981,0.6723632479613888,3.259212205026642,0.08069271579290097
2023-03-30,0.021553417238739787,0.021552907486312525,0.6641754766367415,3.2546056836201096,0.0465904978128151
2023-03-31,0.016774092560088296,0.01677350578051121,0.6558560059222015,3.1548764548237824,0.034708024228862135
2023-04-03,0.026957292202008477,0.026956555942001206,0.6523899635403562,3.033435340964488,0.053348016833900294
2023-04-04,0.0024281161632438097,0.002427448580472298,0.6478635802596092,3.111034094264686,0.004893930497115172
2023-04-05,0.014467226185521593,0.014466418096678068,0.6467433929117044,2.978929880515143,0.02787260452702529
2023-04-06,0.012416219758292216,0.012415356012041575,0.6415700117912283,2.805538239494115,0.02234856483825783
2023-04-10,0.010433257443510341,0.010432338216177606,0.6332662008755294,2.708513841587994,0.017895230321683515
2023-04-11,-0.09771804866935495,-0.0977182854890966,0.6427197338898258,2.8578031977219687,-0.17948523929164695
2023-04-12,-0.08781537591486095,-0.08781576021151206,0.6344920057787565,2.806086987748972,-0.15634998692762794
2023-04-13,-0.07820716995586521,-0.07820768910272691,0.6276767220502533,2.682901953989783,-0.13170049130826292
2023-04-14,-0.07264231051235347,-0.07264291727406025,0.6215459122605964,2.575275682877893,-0.116275064955372
2023-04-17,-0.0645525260230318,-0.06455320914297985,0.6183135651808651,2.4514720471999376,-0.09784732599550601
2023-04-18,0.0028665821102462543,0.002867180368862291,0.6183555616647022,2.7182753880662784,0.004818325224897201
2023-04-19,0.01067662161506969,0.010676908388008636,0.6106923151863131,2.7230344316372115,0.01775454059222714
2023-04-20,0.03247318795128571,0.03247377214873177,0.60369383117698,3.1596825004940494,0.06194198363680518
2023-04-21,0.003048740075870248,0.0030492715306281986,0.6018400638480846,3.2155784815521042,0.005900116788110891
2023-04-24,0.01836010739048163,0.018360741790568465,0.5951275990182083,3.4076356326618233,0.0372338940931063
2023-04-25,0.020791105646974537,0.02079145702882521,0.5916513572839484,3.2173366034453514,0.03957673384926281
2023-04-26,0.06549705079965404,0.06549687057923972,0.6025626791426038,3.159934241189578,0.12471021251989287
2023-04-27,0.05395150696824059,0.05395121720526265,0.5973804603165241,2.9875455295238096,0.09628732589878088
2023-04-28,-0.001232226273171762,-0.0012323228224456082,0.5983125226736998,2.9990630316495577,-0.002211078444096289
2023-05-01,-0.006393959469283712,-0.006394174440016693,0.6002554647120395,2.8607630011904717,-0.010979634467514586
2023-05-02,0.09082331381483748,0.09082506489582293,0.6162282828630263,3.185578397120366,0.17829011633974665
2023-05-03,0.1093089514025295,0.10931006728292457,0.6364202308548734,3.0783707839820873,0.2141512597662472
2023-05-04,0.10707466517656876,0.10707544934323011,0.6363725370312409,2.9504406740191946,0.2010411874268748
2023-05-05,0.09424766287814633,0.09424823605616443,0.6281251063989646,2.839925522347283,0.16812166906921808
2023-05-08,0.05761029358897805,0.05761079499126985,0.6254509973140014,2.79500058035541,0.1007106224598839
2023-05-09,0.11938924361051062,0.11939096648393643,0.6247454317240994,3.366124906186467,0.2510721358588156
2023-05-10,0.10659035221796312,0.10659180840585522,0.6170663447096365,3.2078986015745263,0.2109941381194522
2023-05-11,0.0881933684593455,0.08819455450955294,0.618880178773749,3.0347382985541396,0.1656394384236741
2023-05-12,0.05932708515217597,0.059328099300721145,0.6135723432189593,3.1030657662076657,0.11295612018667978
2023-05-15,0.061541702663507905,0.06154265025873088,0.6122760840473507,3.012658368274033,0.11351851194392529
2023-05-16,0.04732594764058941,0.0473266729350973,0.6055199298865287,2.9002072705125785,0.08311067275227234
2023-05-17,0.04532007781138895,0.04532064710851951,0.5998650490810158,2.7961090681694953,0.07601482735881081
2023-05-18,0.030127129616878346,0.03012751986306991,0.5943639120836233,2.7011272126262034,0.048367676679923255
2023-05-19,0.05645150906813644,0.05645235885562917,0.59448965223904,2.7779788880441694,0.09322852143430756
2023-05-22,0.04870109838917705,0.048701672380820564,0.5899872523190257,2.6249993531758755,0.0754241778766012
2023-05-23,0.04334140066281988,0.04334176497941293,0.583211893637065,2.511576716689331,0.06348567810234045
2023-05-24,0.04207311844436919,0.04207323590182742,0.5761536946525238,2.4493074764688574,0.05937264028744263
2023-05-25,0.05822163390052877,0.05822206789652675,0.5701069695350025,2.6926409133370712,0.08937564309370725
2023-05-26,0.045357506736236314,0.045357721456216825,0.5710563411257293,2.558982205556958,0.06628196851079515
2023-05-30,0.04243925257259354,0.04243925557127027,0.5642333261879153,2.468910784255342,0.05911965041190887
2023-05-31,0.10503335382115522,0.10503277997296388,0.569049195168294,2.5359748559957955,0.1515730500452221
2023-06-01,0.07292674982679323,0.07292621131828597,0.5648221548367286,2.5815158673827114,0.10633430102829942
2023-06-02,0.05050545482587438,0.0505049051322276,0.5591654159883535,2.6222986694504815,0.07405608408485577
2023-06-05,0.01459917628920366,0.014598713063180304,0.564862939576802,2.556229125601169,0.02108002946078599
2023-06-06,0.020230020250841425,0.020229657839838513,0.5577188673268051,3.0635183890631152,0.034564648581261764
2023-06-07,0.02213675985309008,0.022136275927754728,0.5506478925978163,3.157760384366352,0.03849171018256546
2023-06-08,0.0631202270132309,0.06312062199386088,0.5548028390045053,3.295300254401921,0.11539904606790123
2023-06-09,0.05783422126060322,0.057834413337873036,0.5560180789923129,3.102635642186077,0.09977105908655558
2023-06-12,0.05171451135616035,0.05171456417618953,0.5514131417929707,2.9340193544178295,0.08366667542323847
2023-06-13,0.03726919205755058,0.03726913696799054,0.5448100985755685,3.0061578719796884,0.06103892992179207
2023-06-14,0.03420825956209263,0.03420809996052085,0.5485115778092761,2.845559840817097,0.0533930218273789
2023-06-15,0.02153139048314117,0.021531147547655605,0.5417430038721052,3.0266600644111428,0.03530441626597205
2023-06-16,0.04258156450929869,0.04258103513268287,0.5470962809914891,2.924465376363193,0.06812897586937355
2023-06-20,0.009862617694197473,0.009862198253355853,0.5437577447957322,2.90642324544231,0.015586783850848862
2023-06-21,0.04930787202567035,0.04930715215833723,0.5384289278557476,3.1450336470120797,0.08349682107326513
2023-06-22,0.051545097550174036,0.0515443155193393,0.5317615876712825,3.2818412618572896,0.08995429398512923
2023-06-23,0.046682085455516366,0.04668130016396031,0.5320033595645509,3.094830204645894,0.07686018950727105
2023-06-26,0.05924348971803347,0.05924256594358091,0.5284271437594296,3.035590294062066,0.09503178922417861
2023-06-27,0.044269329829657936,0.044268417554444356,0.5230654449631703,2.995204274374903,0.0693562214609127
2023-06-28,0.02913036556040891,0.02912946768904552,0.5191264702986974,2.879222470369349,0.04354059222300141
2023-06-29,0.006669755737551778,0.006668927794733994,0.5157318329184181,2.9248259487778854,0.010060831951238422
2023-06-30,-0.01669019068357441,-0.016690872117323705,0.5320603627151346,2.8050850813179076,-0.02490968542760468
2023-07-03,-0.01433425140274348,-0.014335021701654717,0.5259760831822705,2.6498645821259954,-0.019978583552177156
2023-07-05,-0.03517298437604078,-0.035173656186443567,0.5234329636971488,2.618436809754647,-0.048207253143747616
2023-07-06,-0.0026310817354873147,-0.002631195500528157,0.5222714073411096,2.6984805518845474,-0.0037080867216701093
2023-07-07,0.043782379507615855,0.04378312891950821,0.5309386972986936,2.7853288153055122,0.0647470838815686
2023-07-10,0.03344899867746899,0.03344953895422488,0.5247550379881951,2.693181179698644,0.04727214499168606
2023-07-11,0.031098769291493904,0.031099064378419056,0.5235648001824136,2.556810945109844,0.04163056068457168
2023-07-12,0.030298659303459617,0.03029873169285604,0.5179474315577606,2.453642956438205,0.03850529560256877
2023-07-13,0.0021588263743104598,0.002158875719774377,0.5315659414595338,2.416988782846299,0.002773636201278157
2023-07-14,0.07591097513623189,0.075910448064334,0.5399650214394862,2.4784961705416215,0.10159175199229697
2023-07-17,0.10627792053274217,0.10627826902604993,0.5379382487072489,2.7486725488618773,0.15714424407712774
2023-07-18,0.0899076706910585,0.08990786771806943,0.5315203336623378,2.69239818453778,0.12866366514038016
2023-07-19,0.07526511417532475,0.07526516351964445,0.5250289582841628,2.6609582940386214,0.10515139784154015
2023-07-20,0.06525199058870142,0.06525188951742135,0.5207893485055274,2.518976802667841,0.08560123415582006
2023-07-21,0.0656821830633817,0.06568215854803088,0.5278185020028731,2.443017568504936,0.08469519627773081
2023-07-24,0.05746293980909234,0.057462768916014186,0.5211789601321843,2.3341778064472223,0.06990506618575085
2023-07-25,0.0674140886409556,0.06741419686470528,0.5158980859950141,2.498590600808403,0.08689798103580137
2023-07-26,0.05877374487896098,0.05877369703984742,0.510294383472097,2.379587340495953,0.07136837389201349
2023-07-27,0.053700482244421616,0.05370026692121282,0.506244846500808,2.2807042073053223,0.062002294943891374
2023-07-28,0.06278029704341927,0.06278033952066486,0.5260851304901658,2.2350795109722568,0.07381971607469726
2023-07-31,0.056258341887230195,0.056258225394147814,0.5211369614675068,2.144498775325765,0.06287306133608532
2023-08-01,0.0469938986855421,0.04699365896595431,0.5148854694308802,2.092375066208434,0.05062810220436882
2023-08-02,0.01162638732495541,0.011626214290319617,0.5160521248771454,2.0763417329104845,0.012457680567130883
2023-08-03,0.024255485826245288,0.024255486958345597,0.5106681449178916,2.1823551714429485,0.027031750953499845
2023-08-04,0.023346066432971463,0.02334595687718989,0.5168222845496502,2.0976290284320727,0.025309503925761184
2023-08-07,0.0031706504917607503,0.003170523573771259,0.5329295666434889,2.0569015098954577,0.0034756151664610273
2023-08-08,0.0012042344561949143,0.0012039644494493968,0.5271946073430163,1.9824776619728106,0.0012586074874657836
2023-08-09,0.032426106197565786,0.03242551523415686,0.5256233000001698,2.00416037278538,0.03415874293965822
2023-08-10,0.02643904421855962,0.026438377394164332,0.5190643927786304,1.9959327530922797,0.027391315732770687
2023-08-11,0.038464599560934946,0.03846424088937999,0.5255227801534145,1.9777048867545575,0.03997737265890902
2023-08-14,0.037800588189284015,0.03780022667688882,0.525657568217357,1.9245976186526723,0.03824207275080135
2023-08-15,0.03336393240794449,0.03336347142619289,0.5197350010807543,1.8594160736172085,0.03224302489068789
2023-08-16,0.03614838744258182,0.03614799535256754,0.5140869531048421,1.8880311083274655,0.035086064410638634
2023-08-17,0.05776933414680252,0.05776944917782703,0.5111151696253179,2.007521196734205,0.0592756427872028
2023-08-18,0.07298018911851754,0.072980594053222,0.5051624793657472,2.869408193932099,0.10578605088523911
2023-08-21,0.046006047297168784,0.04600647907438395,0.5006387293536272,3.0038468583131346,0.06918582959858187
2023-08-22,0.03901375379709892,0.03901398694718098,0.5030486625003403,2.828066728512728,0.05550311913512111
2023-08-23,0.03426930668481157,0.034269385424532325,0.4967212495924884,2.7150332965422455,0.04621609184177896
2023-08-24,0.062256529732996356,0.06225617653731833,0.5160665697577713,2.6392570886779936,0.08479540764841165
2023-08-25,0.0633605476866583,0.06336029771977118,0.5122327771770492,2.6078649996986,0.08463916950549094
2023-08-28,0.05650163608475808,0.05650130812538881,0.5058282189702566,2.532746503561549,0.07238620393936092
2023-08-29,0.04980809071685539,0.04980766650035098,0.5010499412754041,2.406460225192132,0.0600564418113001
2023-08-30,0.14724665840364984,0.14724555612631413,0.5060316049477616,2.617622807242865,0.19504290462313711
2023-08-31,0.12936741535275056,0.12936632553831356,0.4996557916447284,2.6206835362727308,0.16939883045053958
2023-09-01,0.08169563497057396,0.08169466571840986,0.49419986606407384,3.078323645413894,0.12428415223738189
2023-09-05,0.08165371332280967,0.08165297335449889,0.49666228578424404,2.9829614620606932,0.12097197338678656
2023-09-06,0.07311844814423381,0.07311772264019577,0.4995998661081485,2.8303069384924697,0.10339101878816347
2023-09-07,0.06551156484028323,0.06551083481639539,0.4951630996826942,2.693602570833245,0.08737753005487599
2023-09-08,0.07117483661651594,0.07117397453118816,0.49137376812243544,2.639312790689329,0.0923058677534554
2023-09-11,0.061120648828128545,0.06111976326205904,0.48522333203792334,2.6332347279870048,0.0780942764975072
2023-09-12,0.0672743146519445,0.0672737399822525,0.47991082931914814,2.8236913647667166,0.09116477361750187
2023-09-13,0.06554252477138044,0.06554184377171458,0.474283949518393,2.788877520787482,0.08669439822500188
2023-09-14,0.061325889943079824,0.06132512683356915,0.4686747565050402,2.713357552503347,0.07798704204065758
2023-09-15,0.04505103497188916,0.04505027031912197,0.4641339919339853,2.6245988325753693,0.0548796180462346
2023-09-18,0.03660048488999197,0.0365996717334594,0.4609869196332392,2.4955063837523386,0.04210504412363193
2023-09-19,0.032714981041511125,0.03271410449205277,0.45542094454221166,2.3915113890418525,0.03563133760186902
2023-09-20,0.006701908013029239,0.006701120983614891,0.4532305829234933,2.359440982531891,0.007166824813081775
2023-09-21,0.0069711634908152026,0.0069703309038494825,0.4478610215015857,2.2789324933232957,0.0071150834008417985
2023-09-22,0.06689908064995682,0.06689960985434028,0.4566938406613469,2.410872832813589,0.07365794650534513
2023-09-25,0.05501359930896591,0.05501392742939767,0.4542238637521565,2.311264771246832,0.057755015784737365
2023-09-26,0.07528166034530077,0.07528239540668853,0.4619629720296138,2.324741540054582,0.08084832591013831
2023-09-27,0.0663212976936658,0.06632181865979024,0.45633557409867287,2.264026892103955,0.0685202474082027
2023-09-28,0.05013699404318288,0.05013731480789722,0.45589243017593356,2.1788671042460086,0.04980253111780465
2023-09-29,0.06451345376245804,0.06451342391263296,0.4518132046400539,2.2116727403451497,0.06446590402010159
2023-10-02,0.055489891852478664,0.055489714193747264,0.44624454731103697,2.1525888614799746,0.05330253813822498
2023-10-03,-0.020712570498659155,-0.020712428320610942,0.457678943779863,2.172384774249042,-0.020593571995748475
2023-10-04,-0.005696509996773707,-0.005696305323948798,0.4702263084412028,2.113986796902631,-0.00566262833791388
2023-10-05,0.020075856118297365,0.020075672299002846,0.4729329844034161,2.0863164306568547,0.019808603429932885
2023-10-06,0.007181806091670873,0.007181560457243928,0.46797572153978023,2.1492650427113067,0.007223488282619631
2023-10-09,-0.02917901913139089,-0.029179125166436996,0.470549946131768,2.1469558856350686,-0.029478103386903827
2023-10-10,-0.07546297518119097,-0.07546289463905548,0.5005328294624101,2.19199851400597,-0.0827955025711927
2023-10-11,-0.06131596816482382,-0.061315967263574564,0.4948846536302972,2.1859088901548254,-0.06632994435725967
2023-10-12,-0.08571155344489276,-0.0857114932706578,0.49513390235495325,2.3080278519626027,-0.0979496922168169
2023-10-13,-0.05290262550397142,-0.052902271742860545,0.5095869537446066,2.2663691766143534,-0.06109788574289187
2023-10-16,-0.04116172507187445,-0.04116164085679213,0.5111016359228305,2.174258089019136,-0.04574166122867174
2023-10-17,-0.1227243592082785,-0.12272385808648881,0.5121776343458402,2.409191502483329,-0.15143375999873282
2023-10-18,-0.09878219903422952,-0.09878174363223854,0.5280085620475579,2.308783226525624,-0.12042116198043623
2023-10-19,-0.08076666962389528,-0.08076630409203961,0.5268364103841003,2.245720697106118,-0.09555726232547627
2023-10-20,-0.08699107795245084,-0.08699079982826483,0.5258928516347068,2.207895522083726,-0.10100677354677436
2023-10-23,-0.024042831391928355,-0.02404314061631664,0.5259275181299803,2.284821665275396,-0.028891082474196025
2023-10-24,0.0880590505361682,0.08805813254267994,0.5241422117315424,2.8279441885797114,0.13052508046304317
2023-10-25,0.0877596352422077,0.08775867071554859,0.5182238045563622,2.820731010195495,0.1282843981232006
2023-10-26,0.04782231910888901,0.04782149223466405,0.5285799343412898,2.754209079178883,0.06962067206979751
2023-10-27,0.028056335474504864,0.028055590733987945,0.5329951443035312,2.7081312561512934,0.04049709846685002
2023-10-30,0.022188382712718988,0.022187605627005082,0.5268350263882193,2.652281872243071,0.0310041597717156
2023-10-31,0.008409066388150437,0.008408308919962179,0.522622169213768,2.592925775697726,0.01139529819383041
2023-11-01,0.00515591396336299,0.005155111224359131,0.5171678012153968,2.4798620533409705,0.006612484434468075
2023-11-02,0.05899115888561813,0.0589900901475862,0.5379250859821424,2.466144263877857,0.0782577224162727
2023-11-03,0.03005289299935757,0.03005194144406794,0.5397415392371495,2.4902578670731574,0.04039396167660678
2023-11-06,0.011793212804251297,0.011792327945554024,0.545405917235712,2.444584478064745,0.01572378260040745
2023-11-07,0.0006088302281394127,0.0006079597207769236,0.545107041765809,2.360507721017637,0.0007833997425083264
2023-11-08,0.015266763329354194,0.01526577984346393,0.5442605161968563,2.3033145715632912,0.019138463022609322
2023-11-09,0.0191586681671791,0.01915762708449229,0.5408386816394464,2.2227123250853285,0.023031186841669583
2023-11-10,-0.057688391617502485,-0.05768895267327611,0.5542325099654465,2.27176166872321,-0.07263454077641425
2023-11-13,-0.047067920902106465,-0.047068604975299536,0.5472597569553213,2.25689267368841,-0.05813389674574527
2023-11-14,-0.036777003081691594,-0.036777660142335376,0.540363523235212,2.3905561071305055,-0.04750740428235235
2023-11-15,-0.12409682757204096,-0.1240969112053555,0.572056912217632,2.587040581345082,-0.18365516985575914
2023-11-16,-0.18657441367986677,-0.18657411333750912,0.5757707892939012,2.7903797052141046,-0.29975402130985873
2023-11-17,-0.21308416562827662,-0.2130835998611547,0.5784186410102216,3.119255209094824,-0.38445398607139925
2023-11-20,-0.18870203601770735,-0.18870175535061162,0.5711157492755551,2.973176710757999,-0.320421349286511
2023-11-21,-0.15992816988791964,-0.15992818047489107,0.5641498675631913,2.9203503579677603,-0.2634841016233689
2023-11-22,-0.14648848634196193,-0.1464885015964719,0.5572429678692521,3.2428127698396794,-0.26470976509549493
2023-11-24,-0.1288047062725533,-0.12880493246842512,0.550154723889558,3.2551525463746533,-0.23066830465715582
2023-11-27,-0.11987961194966895,-0.11987991036041204,0.5488983716642493,3.0955364522621105,-0.2036916346288436
2023-11-28,-0.12059603585456233,-0.12059638148403938,0.5528457982523415,3.042956563814566,-0.2028769926932705
2023-11-29,-0.09198222658633723,-0.09198280968738794,0.5499979727708584,2.9311856805901666,-0.14828879541585954
2023-11-30,-0.07886953512713887,-0.07887023840135542,0.5486958454784452,2.7622926052714223,-0.11953927945371401
2023-12-01,-0.06215853103469762,-0.06215916780978425,0.5465524572990204,2.660283546191682,-0.09037754124425035
2023-12-04,0.0006276294563536645,0.0006266272950245135,0.5567191422464675,2.645454805710486,0.000924357179879079
2023-12-05,-0.06527120276981255,-0.06527177207667033,0.552815130131939,2.9653648475148966,-0.10699898832280846
2023-12-06,0.008962794981713701,0.008961870032068582,0.5551941315719476,3.0715928883353887,0.015284526268923548
2023-12-07,0.0031368825093053827,0.0031359461724284566,0.5517784944518572,2.9501238256183715,0.005106264034701107
2023-12-08,0.006247116734639789,0.006246225640691751,0.5451729704882372,2.9005840015593662,0.009878690611586173
2023-12-11,-0.019113312769161093,-0.01911410044215032,0.5472660951985434,2.828935974539256,-0.029590862790007406
2023-12-12,-0.012851376578958011,-0.012852073544975227,0.5402992836058608,3.450370054627358,-0.02395795348585929
2023-12-13,-0.011205128587337045,-0.01120590213008728,0.5342960924524047,3.225464896304717,-0.01931039522076832
2023-12-14,0.06992816301373207,0.0699269357574817,0.5669243439414361,3.199182410992924,0.12682831692612737
2023-12-15,0.06528101368491099,0.06527981467606565,0.5743048609562099,3.019278054473785,0.11319636792529746
2023-12-18,0.0604950227938178,0.06049390284072302,0.5670333332279596,3.1197282330793636,0.10701508424802564
2023-12-19,0.04737398422559737,0.04737289570652012,0.5608436251407932,3.0015991352287767,0.07975067921017107
2023-12-20,0.03863388663176256,0.03863280173045699,0.5542709517040694,2.9119297903325583,0.062355019471816875
2023-12-21,0.06361055257688021,0.06360932038313842,0.5519929638472375,2.905419377398617,0.10201676291036427
2023-12-22,0.05387548365596175,0.05387426502630815,0.5454173833003858,2.7656415140591593,0.08126733965917361
2023-12-26,0.04648364110534191,0.04648242405499906,0.538711921744728,2.6223241523577663,0.06566638384640588
2023-12-27,0.03465800028415329,0.034656816016980334,0.5319145801719642,2.862564377152617,0.052771648156475684
2023-12-28,0.06147546448469734,0.06147414690302762,0.5376344442802317,2.796233540874626,0.0924192296453962
2023-12-29,0.06928399294837283,0.06928308893875267,0.5336606550143612,2.8371515755764474,0.10490124256067096
2024-01-02,0.06917918874254729,0.06917847207483532,0.5284297782707182,2.827203208283575,0.1033522112536131
2024-01-03,-0.0017758440221885261,-0.0017762231660216365,0.5250092311725681,3.018260029757443,-0.0028140279701158177
2024-01-04,-0.022616645526870188,-0.022616991058703725,0.5193897702686622,3.3342640753454345,-0.03916711437232604
2024-01-05,-0.050570005856336704,-0.0505702471104719,0.5208110614341006,3.2618313191991697,-0.08590821629128324
2024-01-08,-0.04372075872722742,-0.04372113880348178,0.5175987950902855,3.056953150847539,-0.0691782752115695
2024-01-09,0.004169745106197264,0.0041690114268980085,0.5132231659776513,3.2015034868556125,0.0068512487876938215
2024-01-10,0.00506474792723847,0.005063977951493271,0.5067803498783264,3.1645431508511472,0.008122479508287008
2024-01-11,0.0013919380145296656,0.0013911189905421732,0.5010245703965766,3.0128934811804253,0.0021011772884321953
2024-01-12,-0.006396067685865282,-0.006396892062711118,0.5007848460427182,2.8971271117044752,-0.009279653921210433
2024-01-16,-0.05411723290474303,-0.05411761317332189,0.4962241536054654,3.659061584610844,-0.09826145735484326
2024-01-17,-0.047681347168461174,-0.047681768803271275,0.5049821081013813,3.418462592597204,-0.08231051901427304
2024-01-18,-0.03432842128420948,-0.03432881067963174,0.5015172280943597,3.3013210327190645,-0.05683651575671312
2024-01-19,-0.01145119007824713,-0.011451306099130743,0.4965138416233702,3.480675670381802,-0.01978998847342351
2024-01-22,-0.01002706170856006,-0.01002733454930217,0.49027760487655414,3.2797698780101645,-0.01612349236904392
2024-01-23,-0.04124747687390046,-0.04124758316831873,0.4861550549551493,3.643377607065007,-0.0730594466042598
2024-01-24,-0.038072896424580845,-0.03807315624539461,0.4815594999360182,3.4193351957852904,-0.06269133941151078
2024-01-25,-0.036100663550574744,-0.03610104797904038,0.47768523688830944,3.222456151605615,-0.0555704636746149
2024-01-26,-0.03523185856551691,-0.035232349226375415,0.47578088446582745,3.066541450287547,-0.051403345186651454
2024-01-29,-0.04842715447617918,-0.0484276266220305,0.4705818307127261,3.12112457896208,-0.07112711767135649
2024-01-30,0.009526481020680358,0.00952558635397039,0.47287640497055305,3.1203435665158015,0.01405667377785307
2024-01-31,0.00580444264858509,0.0058035126373387515,0.46748700433035884,3.0029072347574974,0.008148393302674839
2024-02-01,-0.016253333490718093,-0.016254139812478925,0.47802390682264034,2.9294321693781162,-0.02276017043440319
2024-02-02,0.0017495769152704446,0.0017486412259048463,0.48148740659594896,2.810403489387204,0.0023674817960799145
2024-02-05,-0.0037923572124491916,-0.0037932263408446162,0.5048986967958474,2.6623402183572304,-0.005097732477813256
2024-02-06,0.02951662324216019,0.02951646070256515,0.5215105941057945,2.6569408957192877,0.04089890688216432
2024-02-07,0.035157327115598644,0.03515697345484278,0.5202997427388883,2.556523596138061,0.04676481993918741
2024-02-08,0.018309431565336234,0.018309076143225918,0.514363704110282,2.5708893601092075,0.02421188282601883
2024-02-09,-0.003581038689564529,-0.0035813602353964827,0.5104417644270798,2.554603800547332,-0.004669590194234541
2024-02-12,-0.023194706865737286,-0.02319500105337358,0.5048833370370452,2.637912104936428,-0.030891588902693945
2024-02-13,-0.007384566192576025,-0.007385038436906237,0.4986692412696144,2.8209387806184703,-0.010387982995747393
2024-02-14,0.0002716243268775421,0.0002712402581157804,0.5198321925859595,2.687718710952512,0.0003795033807966397
2024-02-15,0.029150670172881497,0.02914999433522151,0.5156415228276824,2.755519428466211,0.041419028051130624
2024-02-16,0.027626453459256194,0.0276257048927504,0.5108292194392283,2.6189093244026527,0.03695909505001563
2024-02-20,0.020701330467767096,0.020700548747923393,0.5086264752240134,2.496433489620031,0.026285559209981702
2024-02-21,0.018736327148210677,0.01873548344530057,0.5027012151624367,2.3767537415607567,0.02238610735574101
2024-02-22,0.025462488325762363,0.025461810242028787,0.4987466991093192,2.360910337147392,0.029981984202127113
2024-02-23,0.02243478008770906,0.022434034946082846,0.4924787497114644,2.3715939998224003,0.02620291785096179
2024-02-26,0.001054149517068592,0.001053462718995192,0.4909325551723359,2.3915119761095185,0.0012376464674221206
2024-02-27,-0.02695529564116301,-0.026955813451016764,0.4852619944445968,2.6713851558100012,-0.03494273436329033
2024-02-28,-0.05063013417890476,-0.05063057905083796,0.4805124883100532,2.7910432308207955,-0.06790164895316565
2024-02-29,0.02915634818816536,0.029155531216300375,0.4773328178155488,3.1549781818905798,0.043908720549696335
2024-03-01,0.018690082436250352,0.018689255649116814,0.47235862845788157,3.141789412361683,0.02773704184173886
2024-03-04,0.032791878048941854,0.03279094517876451,0.47136561789599796,3.0420093574641296,0.047020228695571334
2024-03-05,-0.013226961557553603,-0.01322765488529067,0.466647284253295,3.362443596212135,-0.020754096989252756
2024-03-06,-0.0802571605527484,-0.08025749161110209,0.4694662367068525,3.8617548423055696,-0.14550330373122328
2024-03-07,-0.058179367359610434,-0.05817988290803092,0.4651518023869615,3.7489551498144498,-0.10145511497499349
2024-03-08,-0.0476505201282933,-0.04765115337262505,0.46004853880350366,3.5558082516465985,-0.07794883605320051
2024-03-11,-0.039216977829525004,-0.039217710241848155,0.45446516246033813,3.420417389145131,-0.06096124470817514
2024-03-12,-0.04805507102581681,-0.04805578381367291,0.44929124962373856,3.4879422930013275,-0.07530719558105184
2024-03-13,-0.034957613185888865,-0.03495821537293471,0.4482764657833176,3.3314493106060934,-0.05220606039556874
2024-03-14,-0.041446041724459884,-0.04144666908140018,0.44425359037737827,3.225161961205965,-0.05938346503800907
2024-03-15,0.006437267658484923,0.006437575099343558,0.4533008751798505,3.265428133801852,0.009528581544459873
2024-03-18,0.019615578886855268,0.019616008059000618,0.4487266537144908,3.3802083251523456,0.0297527054769318
2024-03-19,0.02583496271444522,0.025835376169659703,0.44363534978640995,3.470978509079064,0.039781935429049876
2024-03-20,-0.025990218009501666,-0.025989675351542316,0.44011265932729376,4.154517406115671,-0.0475219623631831
2024-03-21,0.013446229953183012,0.013446243163884859,0.4361108546498542,4.316195372986608,0.025310371823546098
2024-03-22,0.011354483642531752,0.011354347774070982,0.4307668467457471,4.3238318029655,0.02114844556335531
2024-03-25,-0.01508473499598957,-0.015084827552719933,0.4315024080155057,4.297255497106749,-0.027971263500352936
2024-03-26,-0.05205842163988183,-0.05205840102207091,0.42799797716032695,4.455410776653896,-0.09927055821330949
2024-03-27,-0.04479941196267243,-0.04479957441327974,0.42322847173886874,4.132679432038777,-0.0783571999723002
2024-03-28,-0.04499227336776014,-0.04499255232791531,0.42184527634907576,3.916343555103445,-0.07433133121781403
2024-04-01,-0.04241481671391825,-0.04241521946388663,0.4169463279238783,3.7237827240027532,-0.06585398807880273
2024-04-02,-0.004419279890588181,-0.004419049474547573,0.4343975881819733,3.619465911029434,-0.006948377480324968
2024-04-03,0.029625240164080413,0.029625986453110157,0.4307198231139936,4.080490082804737,0.05206778061290652
2024-04-04,0.026807023230009133,0.02680753170604282,0.4257280632925084,3.800960549937354,0.04337847019108672
2024-04-05,0.048635411973883345,0.04863550914274446,0.42353740500816006,3.7277732574677613,0.076788088864603
2024-04-08,0.053643387992977604,0.05364357293587205,0.4299977295417945,3.561855766565708,0.08215967085371685
2024-04-09,0.01596010945849802,0.01596036084549737,0.42645975955961013,3.6036136625992206,0.024527435824326302
2024-04-10,-0.014409046247211135,-0.014408777607969301,0.4251087241818553,3.7114298109017603,-0.02273403397974369
2024-04-11,-0.05060797116765052,-0.050607521187663776,0.4533508685049664,3.5474069187054433,-0.08138875177260235
2024-04-12,-0.041689440611646776,-0.04168916654899253,0.4486071325968343,3.3871888847255467,-0.06334781761286705
2024-04-15,-0.07175681721865095,-0.07175641506302508,0.4470839306487881,3.627709416202256,-0.11638170625989175
2024-04-16,0.016185471997042664,0.016187178984694312,0.45180872296087893,4.041786051719157,0.02955652015861662
2024-04-17,0.01282055675729483,0.012821913764425907,0.45068656661204315,3.7576966894720565,0.021712169528689092
2024-04-18,-0.03665573915732769,-0.03665430189235547,0.45445301560016904,3.9301083642654557,-0.06546896817812285
2024-04-19,-0.05159674687531625,-0.05159550317904235,0.4517017878033992,3.818725459547397,-0.08900052465145208
2024-04-22,-0.04398354249935239,-0.043982653917689164,0.4464333816331135,3.5809200288604,-0.0703139488093788
2024-04-23,-0.03686579421443753,-0.03686523612005949,0.44093470889677744,3.5774737558661567,-0.05815329637017561
2024-04-24,-0.03355295219154254,-0.033552640405097874,0.4358973549154067,3.39035348541682,-0.049586100094100076
2024-04-25,-0.0031128732716511087,-0.00311221180422901,0.4330655461428418,3.527807418748352,-0.004755760146110518
2024-04-26,-0.002842247112968117,-0.0028418492462641927,0.43197391714847255,3.294538887931304,-0.004044957816635058
2024-04-29,-0.010382382017122466,-0.010382156653421834,0.42836480335081456,3.2110135897863334,-0.014280812856645373
2024-04-30,-0.009309438325038076,-0.00930942353824239,0.4274048307298457,3.0159435679819464,-0.01200013457979735
2024-05-01,0.058877898821350735,0.05887919292735519,0.4279362926833156,3.412188517079314,0.08597346687612126
2024-05-02,0.01075680628152736,0.010758047656727058,0.4263630674392275,3.6565707473025113,0.016770148416146678
2024-05-03,0.021288104192939864,0.02128891198410573,0.42703509614683094,3.4667037730385273,0.03151499841089871
2024-05-06,0.09319327568370572,0.09319327858382612,0.4300178016914506,3.567952527433723,0.14298486813755681
2024-05-07,0.08302406500148594,0.08302393149894344,0.424994396924851,3.36109835573795,0.11859555700475195
2024-05-08,0.06313511506574242,0.06313491409920569,0.42151002572818874,3.2886609755697274,0.08751812204951263
2024-05-09,0.06905252413182737,0.06905253290772241,0.41852606262871317,3.2902673001016924,0.09508964966791023
2024-05-10,0.07932428366125209,0.07932402881458815,0.41563095976371456,3.2275653179881156,0.10641162836614895
2024-05-13,0.09771519846196097,0.0977155099376791,0.41345526261469695,3.406400208443799,0.13762150828600206
2024-05-14,0.09151975465724607,0.09151984683110476,0.4087215909798853,3.3477900507204468,0.12522776851100625
2024-05-15,0.06215957846604519,0.06215960545748606,0.40604013628669033,3.3495921748616664,0.08454130722041406
2024-05-16,0.17488677757574583,0.1748860332986263,0.4165849665839419,3.522824839277175,0.25665611665839055
2024-05-17,0.15833543897159685,0.15833477774868465,0.4124090751988868,3.421520817427672,0.22342179190916428
2024-05-20,0.11577701011270204,0.11577639525065893,0.4103404037136265,3.3317334496209363,0.158283942983153
2024-05-21,0.06891500903374888,0.06891452977880781,0.4061738392701483,3.462768293148881,0.09692798796206331
2024-05-22,0.05014831962467408,0.05014780220970736,0.40293591279733326,3.402476634125697,0.06875234466039129
2024-05-23,0.04919842102557275,0.049197946934530286,0.3985690448268271,3.352012641952961,0.06572950754275182
2024-05-24,0.06085016548703128,0.06085003946570208,0.39763830830864305,3.3348875587966096,0.08069212947583775
2024-05-28,0.05485143465071545,0.05485115933508821,0.3932110403783333,3.155612858296183,0.06806085670095227
2024-05-29,0.05261197328138026,0.05261170613586252,0.39769017670238815,3.0031525472066125,0.0628357564332746
2024-05-30,0.06268057635801981,0.06268059244329868,0.4004184464777309,2.947138759502437,0.07396864135099618
2024-05-31,0.0671633518941169,0.06716314135895247,0.40195939392883223,2.8260619177411237,0.0762950246557638
2024-06-03,0.03690396914948799,0.036903768113316984,0.4033181676687704,2.8047325429965446,0.041745754772835875
2024-06-04,0.06566508852486456,0.06566458056355791,0.4104495887323576,2.738620947697678,0.07381188300145271
2024-06-05,0.09725454745800131,0.0972537684485804,0.4139616535621967,2.7208348206550403,0.10953986651759272
2024-06-06,0.09215132179709966,0.09215046964202717,0.4126729958474519,2.6102077572566666,0.09926192558555595
2024-06-07,0.08095555612967449,0.08095467962018767,0.40772531486894625,2.527586649291439,0.083429643935491
2024-06-10,0.1361056498896495,0.13610630170193294,0.43354182923360407,2.625387630001494,0.15491754068261696
2024-06-11,0.1186819376257678,0.11868239519903463,0.4299575217753386,2.486819144041079,0.1268978842069656
2024-06-12,0.04600468049894509,0.04600529675524431,0.4315452910928713,2.7164658305322655,0.05393027657483897
2024-06-13,0.05610062953842959,0.05610090405614783,0.43451521161478307,2.623033463608432,0.06394057697787846
2024-06-14,0.003431382213627907,0.0034317770551540033,0.44064567822377637,2.720243492842126,0.004113072747290366
2024-06-17,-0.006301209875012912,-0.006300963860708033,0.4367535993547351,2.711115056107767,-0.007461194931832801
2024-06-18,-0.012707013545148077,-0.012706915832972739,0.437075555280574,2.591353699965605,-0.014392184101199832
2024-06-20,-0.03750101149600406,-0.037500912008138584,0.4360833879188926,2.679104066193771,-0.043812910910195985
2024-06-21,-0.027022388199110767,-0.02702235662330978,0.43237055621084974,2.6064810706483637,-0.030453303829087657
2024-06-24,-0.02347524034313415,-0.02347539329106107,0.42708107099914483,2.6011298007884136,-0.026078487239569424
2024-06-25,-0.03262831620879367,-0.032628437907084105,0.42202340948217204,3.1868611184743103,-0.04388280114787373
2024-06-26,-0.02421685392098795,-0.024217177644908397,0.41705098263366247,3.097244624919323,-0.031281126085542975
2024-06-27,0.005804196750524369,0.00580432493857694,0.4220654294199612,3.074465789937743,0.007531675009865987
2024-06-28,0.010840530644675791,0.010840432307494794,0.4179583941596343,2.9456772199818664,0.013346541757128143
2024-07-01,0.04179351195666096,0.04179396179972038,0.42059986147416006,2.9979902027493606,0.05269970710833665
2024-07-02,-0.04459319613309576,-0.04459230522086732,0.431308690866804,3.027658923773503,-0.05823227519571116
2024-07-03,-0.049503773923841185,-0.049503099690999135,0.42915798005822653,2.9721950120902467,-0.0631441035778997
2024-07-05,-0.09617061303998821,-0.09616978635648162,0.4355038923862317,3.138199367251676,-0.13143618830139175
2024-07-08,-0.15742418393632965,-0.15742290656384997,0.4383919215076213,3.6422752399950813,-0.2513661276286826
2024-07-09,-0.13929328952420394,-0.13929240641366825,0.4330515103537475,3.4305517919462982,-0.2069348958138244
2024-07-10,-0.12844239480068464,-0.12844180818481585,0.428315351411019,3.3188704652690424,-0.18258384017057072
2024-07-11,-0.11323500714082514,-0.11323471922313735,0.4232642020216135,3.153954235429698,-0.15116374343643255
2024-07-12,-0.10851818003903672,-0.10851807972430251,0.4285840200127082,3.0446556000507696,-0.14160436788823047
2024-07-15,-0.08929348368974635,-0.08929364720373696,0.4246365105323604,2.9040756857713643,-0.11011463154053613
2024-07-16,-0.14438420048955902,-0.14438410611493574,0.4221857832253727,3.3684382445083343,-0.2053297444497217
2024-07-17,-0.11891837179026629,-0.11891851349174076,0.4218508248799571,3.192714681918029,-0.1601651284396929
2024-07-18,-0.10821503610915352,-0.1082153086971428,0.41692642682024234,3.1599543570685733,-0.14256989902848513
2024-07-19,-0.09150153824651995,-0.09150185838920136,0.41417090835066883,3.0083969455040234,-0.11401004698783201
2024-07-22,-0.11247503571245829,-0.11247527856064542,0.4122152815239687,3.0465286622845036,-0.14124903710374223
2024-07-23,-0.10258268528069665,-0.10258306110614765,0.4075872662432231,2.936893316036878,-0.12279561020266858
2024-07-24,-0.09309883339435714,-0.09309929584280768,0.4027756669854685,3.0308742775367667,-0.11365155610016316
2024-07-25,-0.07326315006242903,-0.07326355086137944,0.3994148959817856,2.961559884314008,-0.0866623305945407
2024-07-26,-0.060523440633678496,-0.06052399737792525,0.39582747902361987,2.8113519046628546,-0.06735111037225738
2024-07-29,-0.003714410763591214,-0.0037153053588856715,0.39742621454375593,2.8184750938025034,-0.004160644796530552
2024-07-30,-0.011901915680478539,-0.011902813387149328,0.39351682606067645,2.8221748404121643,-0.013217949604432332
2024-07-31,-0.01788650768553239,-0.01788741754014842,0.39002880439012855,2.7791261858495115,-0.01938788796753253
2024-08-01,-0.07458426963676672,-0.0745848525233241,0.40051614977777616,2.896273845418842,-0.08651808462414523
2024-08-02,-0.05181353142060706,-0.05181427728240875,0.4011222314706166,2.7756674147771765,-0.057688248433692274
2024-08-05,-0.2528359322954474,-0.2528351452753116,0.4478751724257023,3.33076644795233,-0.37717245120276127
2024-08-06,-0.22562404576588888,-0.22562308670131517,0.4428133958730809,4.059886380850501,-0.40562060896327745
2024-08-07,-0.2327245991522337,-0.23272339265859204,0.45768385418939245,3.9293670215550422,-0.4185337443627732
2024-08-08,-0.19552280316685172,-0.19552170091568588,0.4559361590868527,3.8245674277322403,-0.34094456622744534
2024-08-09,-0.2073951574911984,-0.2073942519886969,0.45285901671156154,4.155542988718034,-0.39029178518502594
2024-08-12,-0.18963157881304044,-0.18963095654166648,0.4509823417306267,3.9382740999354517,-0.33680314448275667
2024-08-13,-0.18006395700605393,-0.18006350726317927,0.44740768482145016,3.9353499147193935,-0.3170396524463868
2024-08-14,-0.14368134900970866,-0.14368127551025692,0.4468162907339244,3.748936464472882,-0.24067859970026248
2024-08-15,-0.1338857711880933,-0.13388582144514882,0.4417895749973393,3.814094319219028,-0.22560115386592017
2024-08-16,-0.08667375594162346,-0.08667328308471516,0.4465488421388123,3.7818768950686623,-0.1463740105285245
2024-08-19,-0.06930175970269893,-0.0693015889487321,0.4417614398873501,3.6251941191271486,-0.11098475660661278
2024-08-20,-0.05794830943452372,-0.05794836899926036,0.4367671019640023,3.431494565865028,-0.08685083638699347
2024-08-21,-0.057885695857463164,-0.057885884884211355,0.435450068828463,3.296100554264013,-0.08308259909254719
2024-08-22,-0.032139054376651675,-0.03213951395513553,0.43123313860513485,3.2681054505634703,-0.04529406333403282
2024-08-23,-0.01301244018787042,-0.013012658432930837,0.4316090206763638,3.1877699158163555,-0.017903429354006004
2024-08-26,0.050961055540125026,0.050960354982245666,0.4313472623233843,3.3020856389824043,0.07258615524687334
2024-08-27,0.049373595864690076,0.049372948785399245,0.4264421035531828,3.26824448907421,0.0688128226157371
2024-08-28,0.0484885173229316,0.04848795818982727,0.42131899341128604,3.687533985671233,0.07533312338028898
2024-08-29,0.04405903749818233,0.04405843948906185,0.41629805555921323,3.5567060027468353,0.06523600475759986
2024-08-30,0.03629862954029314,0.03629796618643084,0.4121861178161734,3.3416345639571796,0.04999683858676913
2024-09-03,0.03633472515422581,0.036334109012137045,0.410841715613096,3.1821448905287855,0.047502488744931404
2024-09-04,-0.022212072810203196,-0.022212396533618704,0.41694262632040535,3.3033386911607763,-0.030592748065512498
2024-09-05,-0.008662488715025372,-0.008662998843636796,0.4213737018416555,3.127647344370708,-0.011416366118813161
2024-09-06,-0.02821899008002562,-0.028219458207703413,0.4178300680550257,3.277774817581703,-0.03864739899649525
2024-09-09,-0.03907188612481528,-0.039072337069012274,0.4132903696992803,3.528432791180603,-0.05697725360093665
2024-09-10,-0.015743567422297038,-0.015744239926482977,0.40880220437711356,3.570687779688627,-0.0229809646427322
2024-09-11,-0.0007080966092965835,-0.000708918943068163,0.40874284609937045,3.3962930209421116,-0.0009829871307392081
2024-09-12,0.0004946275365167637,0.000493765360845436,0.40393441495993326,3.2360669590586104,0.0006465567439449023
2024-09-13,-0.005391907058473359,-0.005392792401285362,0.3999187326053806,3.0960180755499254,-0.006676020053372112
2024-09-16,0.01677249273153474,0.01677146400060504,0.39601542251487526,3.125121867349915,0.02075757757472573
2024-09-17,-0.015349597926212882,-0.015350461468815808,0.39319024451076523,3.35041836587431,-0.02022082071051037
2024-09-18,-0.029280067579300285,-0.029280885899296786,0.3894606498270444,3.3058690989490933,-0.03769826056653118
2024-09-19,-0.052845405978791254,-0.05284608383079166,0.3906897469191724,3.213785638709101,-0.06635232699950867
2024-09-20,-0.05162879873301318,-0.05162953787960557,0.3863416039280799,3.1213208627948714,-0.06225896747899812
2024-09-23,-0.045119024953061804,-0.045119856649882994,0.3817996545512413,2.9508233235513286,-0.05083214593925867
2024-09-24,-0.03911898658027269,-0.03911989778428362,0.3774257783871328,2.7842815668601895,-0.0411085640618521
2024-09-25,-0.028178169970416084,-0.028179174591254866,0.3732707305287798,2.702908742148223,-0.028429426842845714
2024-09-26,0.005663680177294869,0.005663365795536691,0.3740333746860837,2.7491730502963154,0.005823863062378797
2024-09-27,-0.00531392259025686,-0.005314306743452227,0.36989047913454004,2.754989865802459,-0.0054151237031300715
2024-09-30,0.009454691478674407,0.009454109497738871,0.37008147089684235,2.6533745394773454,0.009284173776969523
2024-10-01,0.04729476370039103,0.04729502704167356,0.3680052016530945,2.9322214400853763,0.0510344903649831
2024-10-02,-0.010463054806575939,-0.010462672445281153,0.36735535711518724,3.2293982194756854,-0.012412706289733386
2024-10-03,-0.0031506604629329615,-0.003150374352009794,0.3655393731482754,3.094544470035361,-0.0035639573151697006
2024-10-04,-0.0036888730466111165,-0.0036887949564285588,0.3698887471634819,2.9105595508031876,-0.003971378844055168
2024-10-07,-0.06308540545367661,-0.06308492185117645,0.3947427182969685,2.8483521407894377,-0.07093110181460745
2024-10-08,-0.05758911893579319,-0.05758885556110173,0.3946447138971859,2.699917526135881,-0.061361677284803
2024-10-09,-0.050929923779511596,-0.05092988887211226,0.39003660675438195,2.581117855380817,-0.051272705082257154
2024-10-10,-0.008285777266813243,-0.008285185733013171,0.38960927427994335,2.7276424787635283,-0.008805418186014949
2024-10-11,-0.006367275615589696,-0.006366916909781318,0.3849928636837575,2.6555767909876593,-0.006509763231965884
2024-10-14,-0.0027978709964853743,-0.0027977613732865416,0.38043218461072315,2.6949178123245003,-0.0028684709922666804
2024-10-15,-0.03656657873804124,-0.03656640987129678,0.37696016443834485,2.8593993359386833,-0.039414370867716646
2024-10-16,-0.005285392443912764,-0.005285599094719306,0.3798450068109404,2.783586438092349,-0.005588411442673364
2024-10-17,-0.0003146264594076732,-0.00031499993629087117,0.37612995442251185,2.670164153850584,-0.0003159883897233446
2024-10-18,0.006918946993846932,0.0069186322758069685,0.3799276083623056,2.566226817321139,0.0067458378267841665
2024-10-21,0.010479111928612705,0.010478644345283165,0.37567054748290923,2.5042471636788806,0.00985845407095429
2024-10-22,0.05297897960354999,0.05297941095605626,0.3892102446795495,2.5422444968192,0.05242098393875669
2024-10-23,0.04728277757740667,0.0472830341728139,0.3850446984625763,2.4325533221924815,0.044287024028488386
2024-10-24,0.054618645570809275,0.05461901813765016,0.38221988267077883,2.4691549693808033,0.051546899645216124
2024-10-25,0.06479133921495639,0.06479138923680917,0.3789292594438521,2.4716405096899416,0.06068207214376906
2024-10-28,0.07435828927630139,0.07435859554029055,0.3759472642938189,2.5838268546121452,0.072230351149791
2024-10-29,0.02056109172153173,0.020561488743061393,0.3733690781012678,2.6958388085708735,0.02069561987419003
2024-10-30,0.020879908298555735,0.020880066509873684,0.3689933151334193,2.768949934915132,0.02133350375890017
2024-10-31,0.020620526848003078,0.02062055880142411,0.36541440482067417,2.6600610736711547,0.0200436600627749
2024-11-01,0.025194185970921452,0.025194218495810116,0.3612800807593058,2.851037293253485,0.025950590601993215
2024-11-04,0.047717259372937915,0.04771770840726848,0.36839527713868214,2.824678796111227,0.04965450031645923
2024-11-05,-0.003343493111924815,-0.0033429509405591327,0.37185316614061215,2.9391915767750763,-0.003654263085639009
2024-11-06,0.0009755680358762373,0.0009758433379447564,0.367588800862111,2.8734367746121805,0.0010304370828937877
2024-11-07,-0.23422912116672442,-0.23422710494328847,0.39544235882460377,3.1948371666269186,-0.2959189688965029
2024-11-08,-0.18789931558529255,-0.18789803700223773,0.4069786345010461,3.0315830591123527,-0.23182820897244108
2024-11-11,-0.16329861370588045,-0.16329772429142198,0.4035066716479168,2.8888364109325257,-0.1903514401883676
2024-11-12,-0.18552803416126576,-0.18552721017726903,0.40084348687959165,3.354886380201981,-0.24949519770295805
2024-11-13,-0.15621129417602947,-0.15621052030611496,0.40774681292788273,3.178636409680094,-0.20246215693451522
2024-11-14,-0.1446159386940289,-0.14461540233498152,0.40306618802022043,3.1282843066201527,-0.18234705136120408
2024-11-15,-0.1252427137719768,-0.12524232484296632,0.39823076332022567,3.331055128104225,-0.16613804505736815
2024-11-18,-0.10662769588516359,-0.10662757320965147,0.39348589579594323,3.3279263039246136,-0.13962812144082257
2024-11-19,-0.09661650217291527,-0.09661656725987898,0.3901331957210951,3.163184988375952,-0.11923089575416555
2024-11-20,-0.07463878158302166,-0.07463908985689488,0.3867721840656129,3.0631869416916078,-0.08842870726541865
2024-11-21,-0.07396342067161782,-0.07396381503037747,0.3828533438631063,2.9899921143273334,-0.08466803405405064
2024-11-22,-0.07110721670695025,-0.07110769248568007,0.37844680210159354,3.0443329773718113,-0.08192390997366975
2024-11-25,-0.06127121272451894,-0.06127181881930105,0.3740570779793918,2.8931690961871595,-0.0663083422966026
2024-11-26,-0.22048539487889918,-0.22048480403302287,0.4026510172228972,3.425146685039394,-0.30407996222041545
2024-11-27,-0.18827100746731334,-0.18827050489962424,0.39881310927364916,3.3692233423041444,-0.2529779522947339
2024-11-29,-0.12534575712159263,-0.12534578251897543,0.39824468040722383,3.3663367189943623,-0.16804174222986032
2024-12-02,-0.09228683004468292,-0.0922871420597678,0.3985541729199403,3.2349941097378654,-0.11898729279474676
2024-12-03,-0.0808225687993428,-0.08082300902178804,0.3937741002999792,3.2053613201042683,-0.10201329828659886
2024-12-04,-0.06977838272636265,-0.06977891913066679,0.39156277352109126,3.012754128209214,-0.08231632737760176
2024-12-05,-0.031100010802922722,-0.03110081507895356,0.3906639086690571,2.977694671742785,-0.0361779533685971
2024-12-06,-0.026314085250558724,-0.026314935572213087,0.3860052148027994,3.0306996162263684,-0.030783949876086
2024-12-09,0.006299529235787178,0.006298479438028998,0.3841521360166932,3.016650296076732,0.0073002261792177395
2024-12-10,0.03119244894141768,0.031192007201692407,0.3831335415165297,3.0941045600684727,0.03697725198120185
2024-12-11,0.03326036939729006,0.03325997059753265,0.37976154137589196,3.01137904200138,0.03803675623076607
2024-12-12,-0.014036757432066201,-0.014037002551035746,0.3781446281945463,3.067558768255064,-0.016282370096437196
2024-12-13,0.0003892760667747671,0.0003891924375619843,0.3784521912423245,2.9853273748829072,0.0004398055353473313
2024-12-16,-0.018220177405060815,-0.01822029176361862,0.38109938084203454,2.8730937568821497,-0.019949896315564538
2024-12-17,-0.013994560489333684,-0.013994839131826716,0.37658680385205207,2.943038408347462,-0.015510303328433448
2024-12-18,-0.01219249156330978,-0.012192909859795173,0.3721435695215529,2.782248300813078,-0.012624054726391784
2024-12-19,0.1351605143947735,0.1351630551735268,0.3861301283235987,3.3047871321534767,0.17247534259028002
2024-12-20,0.1510869152845301,0.1510896507419871,0.38845015598750526,3.4080621437482908,0.20001826684046783
2024-12-23,0.13172006990810173,0.13172241013899869,0.38728002952386564,3.1874666250475236,0.16260080875271124
2024-12-24,0.14982547395946827,0.14982807693520014,0.38836100791583744,3.3361898687585714,0.1941207850276651
2024-12-26,0.13184039242407355,0.1318425618866292,0.3837640360533974,3.325710373643486,0.16826631547733065
2024-12-27,0.1089549024112923,0.1089567040225872,0.3793451543986377,3.4112984996111155,0.14099413264217403
2024-12-30,0.10818839952741265,0.10819012709970509,0.3769935241970792,3.393092591723228,0.1383917806453794
2024-12-31,0.06243493576585842,0.062436498766364874,0.38211547245854166,3.36098900766482,0.08018430783331702
2025-01-02,0.0513051230451016,0.051306362623615764,0.3785013929892355,3.1776197109113,0.06170638953945887
2025-01-03,0.04777538254173339,0.047776270122573676,0.3740723106382292,3.169510877509878,0.05664374800564635
2025-01-06,0.03448868240551358,0.03448933759110136,0.37054361643531514,3.0424505933559423,0.03888118326560406
2025-01-07,0.015084393180645885,0.015084874924856963,0.366574638636204,3.0688463467499587,0.016969357666045237
2025-01-08,0.08477698877965022,0.08477880498980568,0.36902539415475916,3.4384401053155496,0.10757112315737515
2025-01-10,0.0635349151279696,0.06353642147973013,0.365395632005585,3.4547285799820986,0.08020283839659544
2025-01-13,0.06310978404167474,0.0631110409140532,0.37754315862360605,3.2867259096923473,0.07831172445134878
2025-01-14,0.05697038237904432,0.056971385275852125,0.37436735166302737,3.1123808215327555,0.06638039495993406
2025-01-15,0.05045900438281215,0.050459729179137915,0.3699659944412624,3.0265035999156007,0.05649911947562799
2025-01-16,0.153999048099196,0.1539987709446047,0.39734942361406506,3.060621199901657,0.18728379709011186
2025-01-17,0.13041296193644447,0.13041264364602304,0.3945197797036201,2.9433383345599315,0.15143620841912128
2025-01-21,0.11907785376214047,0.11907744376780557,0.38995517949246056,3.010622446003154,0.13979833106679015
2025-01-22,0.11884283665376946,0.11884227805367036,0.3884169126354293,2.9216460738342045,0.13486484139219593
2025-01-23,0.12081373651117507,0.12081352198315787,0.3857396437880611,3.004080485851785,0.13999810450411662
2025-01-24,0.10447609457358585,0.10447575984481777,0.38340680904442426,2.828671922333468,0.11330767569590625
2025-01-27,0.09509791111731622,0.09509746062572308,0.37990650781886476,2.7060219026517123,0.09776401254409864
2025-01-28,0.01918013084635977,0.019179950390150923,0.3875863913862752,2.8458477800265927,0.021155912020365132
2025-01-29,0.01610969221889129,0.016109375245355686,0.38298495585835673,2.78627683835624,0.01719068658959547
2025-01-30,0.004702347362640294,0.0047019603611258565,0.3789225435309096,2.7442744849126237,0.00488981804550449
2025-01-31,0.011101913024297232,0.01110136889641173,0.37565996680936037,2.6445220946350227,0.011029096490427366
2025-02-03,0.023607379926629264,0.023607081580752736,0.37204293336791383,2.7469292468423245,0.024126166613138
2025-02-04,0.017860750126366502,0.017860333879550123,0.3677659251077521,2.7203967652911527,0.01786913098057781
2025-02-05,-0.017903353577909162,-0.017903672598810365,0.3652328044025556,2.971883147818743,-0.019432823045620357
2025-02-06,-0.045019029012930416,-0.04501928760534388,0.37115956906973446,2.9611965661054827,-0.049479354203107014
2025-02-07,-0.0381888941551073,-0.03818928753177902,0.3671661101200553,2.80913335431538,-0.03938873446615764
2025-02-10,-0.030098649094448128,-0.030099103101367753,0.3665344091585115,2.670541917791789,-0.029461927341696892
2025-02-11,-0.02717945241529212,-0.027180027229020597,0.362295933448792,2.568929116136629,-0.025296258065556604
2025-02-12,-0.0030564121344616286,-0.0030566044349067995,0.3603188753431291,2.6251393902202533,-0.0028910213381225995
2025-02-13,-0.055541953547388966,-0.05554188010762191,0.3716120229536201,2.5912983553846676,-0.05348454761591786
2025-02-14,-0.07852931085050818,-0.07852922980021393,0.382542445181563,2.589837336391429,-0.07780077144709446
2025-02-18,-0.05611150928355587,-0.05611171443774526,0.38349692288197185,2.491604523407086,-0.0536158190429674
2025-02-19,-0.006192680347571596,-0.006192063928354355,0.387302674351836,2.5876965949121273,-0.0062064393167305335
2025-02-20,-0.0009742210965550355,-0.0009738862197974393,0.38323350560974045,2.4997209064863792,-0.0009332812144533453
2025-02-21,0.01170917297766837,0.01170920839338239,0.37986386954195533,2.461351926481117,0.010947826943476352
2025-02-24,-0.04043950728107311,-0.04043932077147237,0.3854710260274279,2.5813803261349992,-0.04023922345871005
2025-02-25,-0.0710448813734925,-0.07104454768907469,0.38233013292458706,3.0349740626770587,-0.08243778325518598
2025-02-26,-0.12830491398699181,-0.12830428856121137,0.3955322325896614,3.208500057997196,-0.16282730020127464
2025-02-27,-0.14490551741026333,-0.14490480124652055,0.39317818708418945,3.5893116230157966,-0.20449632281961028
2025-02-28,-0.12789482124581808,-0.12789441245017927,0.38887586777082045,3.3497048346486533,-0.16659827203384642
2025-03-03,-0.11563305839132394,-0.11563289359571954,0.39248163922714363,3.1840908371397667,-0.14450630828251418
2025-03-04,-0.08129858286507505,-0.08129878587005848,0.39171824877523026,3.0832001075059408,-0.09818801767094472
2025-03-05,-0.0818259000269147,-0.0818261756315759,0.3898823753340594,2.9653032791698615,-0.09460051748621898
2025-03-06,-0.12925824287902846,-0.12925817216774096,0.3948411417742248,2.9926063067829536,-0.15273206858791444
2025-03-07,-0.11160650682523067,-0.11160662483276237,0.39029702849024067,2.8822433221875903,-0.12554961977981902
2025-03-10,-0.07815826199128116,-0.07815813728206032,0.3861967173597246,3.1241598578895586,-0.09430109143420051
2025-03-11,-0.19737329413236887,-0.19737202610954463,0.39510125338096985,3.869580334663735,-0.3017593003909043
2025-03-12,-0.2022463146151123,-0.20224519141471822,0.3938175124425108,3.8507949666204464,-0.30670865862429336
2025-03-13,-0.18469140415810256,-0.18469057090942134,0.3919837928610527,3.6404797051875515,-0.2635563038376052
2025-03-14,-0.18649393401942677,-0.18649321307381397,0.3915332688698072,3.734043966819538,-0.27265458666224757
2025-03-17,-0.18490108529316338,-0.18490048719550053,0.39031789680652845,3.6445837910653203,-0.2630303510635453
2025-03-18,-0.16206755351183222,-0.16206728468924558,0.38578383107478914,3.406366116739801,-0.21297637071712938
2025-03-19,-0.14589314300427791,-0.14589310262328972,0.38154891896792437,3.362586432474404,-0.1871796212769158
2025-03-20,-0.08412101508640907,-0.0841214960413877,0.37969310351033003,3.394771390465918,-0.10842957290757049
2025-03-21,-0.0841760493117336,-0.08417655974184533,0.3758456921922172,3.4875138013459788,-0.11033519088553603
2025-03-24,-0.07209971462546216,-0.07210033546278148,0.37165224564168364,3.3006130227452597,-0.08844329537749986
2025-03-25,-0.12298884770185475,-0.12298902596919947,0.37785697255307216,3.297441136157682,-0.15323932303035998
2025-03-26,-0.10679281886235306,-0.10679320042918766,0.37399980163665947,3.0909806525597463,-0.12345529133535317
2025-03-27,-0.0862197314676857,-0.08622012440533991,0.3712982130036948,2.982508789454498,-0.09547974647383514
2025-03-28,-0.07513074964896128,-0.07513129609447378,0.3672476142119804,2.815064914370649,-0.07767211289415293
2025-03-31,-0.14679893903410787,-0.14679897818487755,0.3817708225098925,3.0187010707935773,-0.1691787295237324
2025-04-01,-0.14792833050150678,-0.14792840728734621,0.3800683811896179,3.0944523905570134,-0.173979028841816
2025-04-02,-0.09554213228341357,-0.09554261417540708,0.37921221693207674,3.059408806264799,-0.1108446566196972
2025-04-03,-0.07270771935488593,-0.07270807880063944,0.37498740837750505,3.2080307148669975,-0.08746528685862179
2025-04-04,-0.04420832563965089,-0.044208878180068245,0.4003005863506069,3.0319601134098364,-0.05365544196522027
2025-04-07,-0.03186328832332693,-0.03186397687272279,0.3980588190625685,2.8927055183041785,-0.03668952318403755
2025-04-08,0.13958101891892244,0.13958380002661802,0.4290013467285209,3.361910071807384,0.20131267146568269
2025-04-09,0.16482579548770507,0.16482890912064121,0.43164642781556845,3.5932277631816145,0.2556454562874385
2025-04-10,0.08869024884618538,0.08869325717161147,0.42942015701661185,3.763631282077558,0.14333932976093275
2025-04-11,0.11386414805323697,0.11386734499706692,0.43502156117947965,3.84798535523375,0.19060364175332095
2025-04-14,0.05330043115544723,0.05330345963449285,0.43879357233861377,3.8040187026890817,0.08896795801951753
2025-04-15,0.06518223195919526,0.06518456121173664,0.44858641720264725,3.613867784601821,0.10566900217379989
2025-04-16,0.051293597133274284,0.051295594357636067,0.445499063588422,3.479138204145937,0.07950265511645353
2025-04-17,0.04714056517902712,0.04714217418916549,0.44474972747783004,3.263173406296806,0.06841488931809224
2025-04-21,0.03558744372753381,0.03558875688766008,0.4412912709676483,3.1051732271070547,0.04876497022038322
2025-04-22,-0.009105853529482389,-0.009104605309045216,0.44381692426323766,3.0734471659728504,-0.012420820094008718
2025-04-23,-4.7757013028914045e-05,-4.694718559278112e-05,0.4384167953982335,3.2473873992755813,-6.7992097715708e-05
2025-04-24,0.0011198923898476487,0.0011204443259519624,0.4332893290008524,3.0688367930679696,0.0014891144544681378
2025-04-25,0.003014032566635264,0.0030143365293617773,0.4353654933255369,2.8918907481988025,0.0037947557412432793
2025-04-28,0.0100416078022337,0.010041667422565412,0.433890984702297,2.762632521649593,0.012036687948243172
2025-04-29,0.01091686085791894,0.010916738843087342,0.43275111140442724,2.619421533222699,0.01237489037244796
2025-04-30,0.0003853571096318851,0.00038513698606280726,0.4306061834093088,2.566544321173981,0.0004258850608562312
2025-05-01,-0.0008564939698364653,-0.0008568507031345465,0.42599316173293916,2.4575546661841603,-0.0008966648066707513
2025-05-02,-0.034879822482931915,-0.03488009898167473,0.42595891011932424,2.4554544123117856,-0.03648159759469403
2025-05-05,-0.038986570710076,-0.03898688213255298,0.4334965554559207,2.355172328465844,-0.0398036938282611
2025-05-06,-0.015971641468873476,-0.01597167612226689,0.4293374475711565,2.4922436764037457,-0.017089872607796118
2025-05-07,0.0016070274235034767,0.001606720309376112,0.4255969899345251,2.4668846098465718,0.0016872159456973509
2025-05-08,0.003489740389327871,0.003489289031459461,0.42223034592233416,2.3546176826897134,0.003469468622378684
2025-05-09,-0.14828245941178694,-0.14828192735636317,0.43328955614004216,2.582204684102197,-0.1659046911167276
2025-05-12,-0.13083844975409914,-0.13083819202962732,0.42803049356147954,2.453636118603443,-0.13741060624241616
2025-05-13,-0.10468094249226735,-0.10468070496349181,0.4337141076071565,2.3603995962838638,-0.10716592198462659
2025-05-14,-0.09537717972210671,-0.0953771499479318,0.4286839597660793,2.3088440554860585,-0.09440093822381324
2025-05-15,-0.07311851067837513,-0.07311845408488245,0.42738019547300554,2.2677102895866867,-0.07086459360282743
2025-05-16,-0.06049325954670802,-0.06049342922633172,0.4326083338588919,2.164753486134562,-0.056651356760748145
2025-05-19,-0.0532527739708937,-0.05325310777100118,0.42736114960883886,2.1057254784306254,-0.04792245147111233
2025-05-20,-0.05015116544529705,-0.05015161539419983,0.42224757843001104,2.11660760562024,-0.044821723259642766
2025-05-21,-0.04939498142426583,-0.049395522720192826,0.4176283588592504,2.0834018032717445,-0.04297796459077511
2025-05-22,-0.11297257992876857,-0.11297267205487725,0.4260010299956223,2.135989385260742,-0.10279755518815792
2025-05-23,-0.0719890606543572,-0.07198950919628831,0.42396114126919027,2.1401506805459745,-0.0653186064870793
2025-05-27,-0.10165266136919344,-0.1016528008326417,0.4210459724807233,2.498462006927005,-0.10693528236774186
2025-05-28,-0.07037299212850809,-0.07037344978269595,0.4205284387256325,2.437138721063956,-0.07212430435620865
2025-05-29,-0.050133051811509774,-0.05013338284169251,0.41743231986013224,2.4337462363866447,-0.05093138744373584
2025-05-30,-0.07230273685860271,-0.07230298739704581,0.41662529946227145,2.545633710979225,-0.07668250458244834
2025-06-02,-0.07970309343156226,-0.07970337598596713,0.41400908274311987,2.6011508703817445,-0.08583226816479535
2025-06-03,-0.08589525816479242,-0.08589556493292302,0.41216640836271545,2.5479350916727426,-0.09020490289687844
2025-06-04,-0.07256872959725785,-0.07256915830197691,0.4075476166221746,2.462339132021156,-0.07282420378737374
2025-06-05,-0.07997783631640637,-0.07997827469510368,0.4168317837137416,2.4219137385487586,-0.08074007497388719
2025-06-06,-0.03499062615427743,-0.034990386465692094,0.413968063257193,2.6496700134980085,-0.03838047475923725
2025-06-09,-0.0888925501424434,-0.08889201625766667,0.42688735954648005,2.6380847868558703,-0.10010768307984533
2025-06-10,-0.04882322704273968,-0.04882318510578821,0.4222626595104311,2.8003822265326983,-0.057733312019922274
2025-06-11,-0.04223114624889761,-0.04223129233286608,0.4178700037165279,2.6500499918856284,-0.046765774699213836
2025-06-12,-0.055636395933171996,-0.05563657082842755,0.41734960776179864,2.669402923671345,-0.06198307680370569
2025-06-13,-0.08336562609696753,-0.08336569842664042,0.4174520644341623,2.8184231664895067,-0.0980843750382041
2025-06-16,-0.07083482986999642,-0.07083503900044522,0.41603425653978054,2.6701146604892494,-0.07868752015019871
2025-06-17,-0.06645976630730166,-0.06646009387004799,0.4135610963256103,2.554771663304957,-0.07021834322508462
2025-06-18,-0.08945379218690572,-0.08945402963803505,0.4145740072243075,2.649673221401827,-0.09826370662883721
2025-06-20,-0.07771902085353323,-0.0777194340947216,0.4096799840553445,2.5098421601767775,-0.07991319172393746
2025-06-23,-0.0700310220263957,-0.07003154774793308,0.40481719218515144,2.5502323234776214,-0.07229847865681259
2025-06-24,-0.03527522380599977,-0.03527601643043751,0.403183518511606,2.522613620191643,-0.0358775918256489
2025-06-25,-0.024586535620415795,-0.024587433010939068,0.40172903123705866,2.4157461119483776,-0.02386062664515994
2025-06-26,-0.01920180691395546,-0.019202777078153026,0.3969519869578083,2.3563388400464276,-0.017960475085527648
2025-06-27,-0.02237491404921463,-0.02237589281589768,0.39564259786176337,2.2870941049776983,-0.02024642994197087
2025-06-30,-0.018795537583851867,-0.01879655268875525,0.3928499360519151,2.1824944080891844,-0.016115158383222798
2025-07-01,-0.017083853125021142,-0.017084894316222416,0.3923117518461361,2.0926204469393728,-0.014025153116723145
2025-07-02,-0.001772160025572907,-0.0017729164308797594,0.38859531561345234,2.1580599436683494,-0.001486154636646095
2025-07-03,-0.029264495972337937,-0.029265154283102716,0.3854453306684635,2.2120510264473165,-0.024951633250462804
2025-07-07,-0.036771079839523345,-0.036771747263259796,0.3847362785840054,2.151558973146399,-0.030438467152152798
2025-07-08,-0.010637467275416637,-0.010637718108472147,0.38350419710883904,2.1952868641819805,-0.008955702062331893
2025-07-09,-0.012191893591228539,-0.01219227632807126,0.37978108240696284,2.118324605718566,-0.009808373659410508
2025-07-10,0.03804572386857872,0.03804496855008005,0.3828117506420452,2.1377644808172973,0.03113515045518626
2025-07-11,0.022515091138420783,0.022514372257269568,0.37833552899560036,2.270030476136192,0.01933670734348043
2025-07-14,-0.00833431315422561,-0.008334939766943241,0.3806168753950061,2.2388707815658226,-0.0071021016337739174
2025-07-15,-0.012370006401610567,-0.012370688929770748,0.376239219476821,2.238421899752566,-0.010417798072511034
2025-07-16,0.01980220897694607,0.01980218848418193,0.3766925158212985,2.321890761954956,0.017319781734249945
2025-07-17,0.02343405853739923,0.02343383852824942,0.37420261559253754,2.2431036134198346,0.019669968489946347
2025-07-18,0.019806429046469433,0.019806071401877873,0.3698270062540372,2.1601953769174393,0.015823328221704056
2025-07-21,0.002202335587042376,0.0022019395325681506,0.3676403053635621,2.188124684442275,0.0017716530659996448
2025-07-22,-0.008757510880151604,-0.008757967030192514,0.36704834768445027,2.1578965607378837,-0.006936407222465013
2025-07-23,0.019638757871208747,0.019638054902948097,0.3652638564328969,2.1703009400216002,0.015568281446843817
2025-07-24,0.0344147954002833,0.03441445078714985,0.36498784286960834,2.183102269923352,0.027421908176834996
2025-07-25,0.03367484565746125,0.033674473029916066,0.36160126484037924,2.1372523116151503,0.026025036680287404
2025-07-28,0.020573893939641978,0.0205734473199021,0.35888319454852025,2.1224426386098414,0.01567132006345718
2025-07-29,0.016627344345801424,0.01662678633605857,0.35630144142873493,2.035132187799273,0.01205682877795589
2025-07-30,0.009851951616350283,0.009851348984435156,0.3648917657092213,1.962428703776948,0.007054727138648738
2025-07-31,0.011996473065061863,0.011995867814938698,0.3641495360371828,1.905070529812456,0.008322319852078932
2025-08-01,0.003594277524098867,0.003593623776250851,0.36002520138915173,2.0361889773862307,0.0026348906190446332
2025-08-04,-0.11354533351069108,-0.11354531455452037,0.3945464750567292,2.204647729981562,-0.09876581765296573
2025-08-05,-0.09098261419760191,-0.09098283312788633,0.3905684878604887,2.1742925418030676,-0.07726335947000484
2025-08-06,-0.07669574042334212,-0.07669604377679377,0.38608833703568024,2.16605075552619,-0.06413964561992615
2025-08-07,-0.06891067762151923,-0.06891111680269214,0.3817089811516891,2.102189449909636,-0.05529562245157744
2025-08-08,-0.0663692351493604,-0.06636976199984311,0.37739920196329996,2.1217550933404152,-0.05314507737131019
2025-08-11,-0.049407188669383116,-0.04940762683088002,0.3747010481305254,2.102383454398536,-0.03892126801058676
2025-08-12,-0.041190365202907114,-0.04119093592123664,0.3702914511598384,2.096455207758082,-0.03197605748870142
2025-08-13,-0.037019025891653644,-0.03701969676031877,0.36596969745088603,2.0691816853818783,-0.028032945933463047
2025-08-14,0.011797528135318905,0.011796586262693464,0.36537581696306387,2.1198431389877457,0.009137650584512779
2025-08-15,0.06853640307264985,0.06853684483221162,0.3643343457140059,2.4902110925735803,0.06218098328846565
2025-08-18,0.0690329723047312,0.06903342482792106,0.3615637387082449,2.4826745412498172,0.061967108577393445
2025-08-19,0.0648704253539996,0.0648707825868776,0.35773033276213073,2.475280100704629,0.057441644199801536
2025-08-20,0.023791175890391453,0.023791505273713518,0.35539314650282644,2.6905255613134194,0.022748987846851542
2025-08-21,0.026088350254577283,0.026088435454767057,0.3519440694601303,2.5965694184384907,0.023840766035235543
2025-08-22,0.04244179656008768,0.04244216105203168,0.35074584325133407,2.6359136368964866,0.03923895826966712
2025-08-25,0.10808282080502052,0.10808253294083346,0.3558987679864714,2.693492924549704,0.10360936076944131
2025-08-26,0.12527325502838527,0.12527359947268463,0.35294048882832246,3.2078382086507724,0.14183137096146117
2025-08-27,0.11672587230302672,0.11672601653442381,0.3507982537722501,3.064284935477521,0.12547398670011836
2025-08-28,0.09814184268286351,0.0981418777153944,0.3478699636794216,2.936905828114008,0.10026772491121776
2025-08-29,0.09280564916904116,0.09280550119189927,0.3455182065460821,2.81964864959313,0.09041497049550117
2025-09-02,0.08996144530985098,0.08996140270296892,0.3417969383272746,3.0689736446692457,0.09436647904872952
2025-09-03,0.052995898434588185,0.052995872780080666,0.3410872040031932,3.0008691411087316,0.05424437925041671
2025-09-04,0.050774755013477245,0.05077455222703093,0.3407179840031328,2.84792101278095,0.04926866946124281
2025-09-05,0.02623650920627632,0.02623629651340807,0.34346088564943145,2.7876401370872026,0.02512002374911832
2025-09-08,0.017776056081603306,0.017775746798673275,0.3473976730720502,2.655713306235798,0.01639998710150257
2025-09-09,0.029252664281303662,0.02925215654763913,0.3466241345374882,2.5734959081155417,0.026094423546957287
2025-09-10,0.030488368328627734,0.030487887143837086,0.34448454351447666,2.494138415354217,0.026195366230451923
2025-09-11,0.047300327555911424,0.047299640297611655,0.3426149902847922,2.473876073845412,0.04009114400954035
2025-09-12,0.049604980540698625,0.04960418101552496,0.33947094159638225,2.4199516169464963,0.04075065292990745
2025-09-15,0.036202910967921796,0.036202083558510616,0.33846480850991695,2.32449482995207,0.028482991281814685
2025-09-16,0.02644397242518391,0.026443115434997402,0.33533339547500807,2.282032798346469,0.020236033239067718
2025-09-17,0.025756648290545282,0.025755721485641966,0.33164160513083013,2.2310372605766893,0.019057467140703187
2025-09-18,0.026508400593904212,0.02650753765924528,0.32960944071517917,2.1682429682968927,0.018944847511651687
2025-09-19,0.014254739325017354,0.01425387237241055,0.3300051808775199,2.094864836483163,0.009854532924600654
2025-09-22,0.016790700631556032,0.01678988877607695,0.32641444881384013,2.145566388861918,0.011759264263906328
2025-09-23,0.04042859395868845,0.04042835318024843,0.32383476569583536,2.3508496730135278,0.03077775706790333
2025-09-24,0.022237750638892148,0.022237456470438604,0.3226664870545365,2.3315039790422176,0.016729419743690917
2025-09-25,0.005030945642111798,0.005030604471768941,0.3216237120327971,2.2735839866574086,0.00367882125261723
2025-09-26,0.05004401012401009,0.05004458263532777,0.31998993100794954,2.6006410410737493,0.04164557166415123
2025-09-29,0.04249713500396895,0.04249748281881155,0.3165959821443021,2.4784235214575343,0.03334575643546183
2025-09-30,0.08661038421573054,0.08661019552706654,0.3158796633446006,2.575870545967118,0.07047184874230071
2025-10-01,0.07561664886905582,0.07561635005182298,0.3124518967131112,2.4623857663700823,0.05817771825615728
2025-10-02,0.11845082565982061,0.11845014267232276,0.31284075410585005,2.5454516919415506,0.09432488312030411
2025-10-03,0.11034228579134445,0.1103415192481653,0.3097911412848336,2.5080076395602067,0.08573138226293804
2025-10-06,0.08246189485900622,0.08246114209910305,0.3079070604179199,2.4469208135494633,0.06212878673380377
2025-10-07,0.040500629777867794,0.0404999852222678,0.30798224428528037,2.4288753377344894,0.030296515448622562
2025-10-08,0.003977427731075057,0.003976893902613408,0.30657966397793707,2.596763899239466,0.0031664898926777227
2025-10-09,0.0046170247550934235,0.004616382880468936,0.30325137055892415,2.528118509655378,0.003539666974223466
2025-10-10,0.009560500926724844,0.009559904684539164,0.3002129851914767,2.541809271860612,0.007295466716481402
2025-10-13,-0.17633280857157463,-0.1763318810140631,0.3106890703529082,3.283342829936346,-0.17987687434266447
2025-10-14,-0.1528230776708473,-0.15282252396378407,0.3074156362420715,3.1431432593343245,-0.14766551043928278
2025-10-15,-0.1483253080186431,-0.14832492596852953,0.3063503668971565,3.1470087236650546,-0.1429985423361746
2025-10-16,-0.11929475091080828,-0.119294408190432,0.30350215192854874,3.192234366434985,-0.11557871938096127
2025-10-17,-0.13943390865150135,-0.13943353942145204,0.3076690541201392,3.264227256076931,-0.14003371321283006
2025-10-20,-0.11083486430525574,-0.11083450965755594,0.30525011046058753,3.2473447566257057,-0.10986531922389227
2025-10-21,-0.0796057433995553,-0.07960577008899639,0.30245587423627623,3.2334418172488846,-0.0778523052340024
2025-10-22,-0.08049135256802394,-0.0804914893259679,0.30037949027534505,3.220852770784214,-0.07787362193880248
2025-10-23,-0.07044430518293644,-0.07044462036982536,0.29714972484615954,3.1159588316300404,-0.06522482663376046
2025-10-24,-0.0856412527538606,-0.0856415071106692,0.2982635426115621,3.032211751811862,-0.07745379646727289
2025-10-27,-0.07148372823807779,-0.07148417554324908,0.29526075111803235,2.8960192457840286,-0.06112436479852571
2025-10-28,-0.06156617281100463,-0.061566758770871866,0.29210654959198973,2.870130242892242,-0.0516160845065833
2025-10-29,-0.05667685577609994,-0.05667753651881693,0.2892684814788426,2.8083604752797697,-0.046042586969228624
2025-10-30,0.03370748368304146,0.0337085697323137,0.3025372681339109,2.943047876038002,0.03001252542457194
2025-10-31,0.04185509272347345,0.04185614892343464,0.3003884145074424,2.9632204263424646,0.03725593315693411
2025-11-03,0.03744897811470857,0.037449737223531475,0.29717670426027415,2.838471976447706,0.031589252140142875
2025-11-04,0.03876423756066675,0.038764865835935663,0.29410853157226197,2.977582368450583,0.033947097941152686
2025-11-05,0.00883506067674172,0.008835582725331253,0.29146633787532833,3.3509011258437402,0.00862898182388155
2025-11-06,-0.02452477936460896,-0.024524233576045565,0.29731206702415597,3.233090225406396,-0.02357411891148492
2025-11-07,-0.06319468332795498,-0.06319405709500164,0.3029421915186267,3.2927091549671386,-0.0630367299509877
2025-11-10,-0.05201680687762126,-0.05201648764575959,0.299743455578376,3.176051631623607,-0.04952003609933801
2025-11-11,-0.05775134601547366,-0.05775116977423151,0.2972847435700953,3.110450425907606,-0.053402060802703745
2025-11-12,-0.08082824160220156,-0.08082804235707068,0.29743381959067833,3.2201803457854994,-0.07741652517286285
2025-11-13,-0.07118078139565658,-0.0711808023643987,0.2942580640629693,3.1797938152019363,-0.06660243155609019
2025-11-14,-0.03545072058243702,-0.03545034738600355,0.29452890284273686,3.2037932911137665,-0.033451644627761824
2025-11-17,0.009659425933002216,0.00966041781481495,0.2926853722135929,3.6252641912950367,0.010249247859727835
2025-11-18,-0.0011564839255671317,-0.0011557185826636053,0.2899552953360337,3.6757802778111945,-0.0012325943948411223
2025-11-19,0.0026966918084971817,0.0026971523897730133,0.2878801802386979,3.4590325745009967,0.0026853304328662937
2025-11-20,0.007188489197369261,0.007188819572224321,0.2850795700898352,3.402941310082072,0.006973618395422223
2025-11-21,-0.04071887609445505,-0.04071840972605545,0.2841171124813794,3.791554504016377,-0.04386422675026345
2025-11-24,-0.05795046160609954,-0.05795008142284449,0.28539241011904004,3.7504291168324557,-0.06202692914582884
2025-11-25,-0.031492422111392776,-0.03149242861942473,0.28334833602473586,3.6710914548043356,-0.032758343634113264
2025-11-26,-0.03552354290522159,-0.03552367800096443,0.2829122371740272,3.519574560347849,-0.035371882697089456
2025-11-28,-0.020235643941553885,-0.02023601279630536,0.28021862509472206,3.46397753046141,-0.019642153164225733
2025-12-01,-0.020795502365528514,-0.020795978153032527,0.2786392580244601,3.2623234365135976,-0.018903348340222188
2025-12-02,0.092504643465102,0.09250645831482877,0.2879413065217387,3.6288633262907095,0.09665806933593729
2025-12-03,0.08773432653006319,0.08773569751306587,0.2850344434664718,3.662788409277715,0.09159646666466484
2025-12-04,0.09209315032223275,0.0920940988670574,0.28362610300367297,3.5442903412775015,0.0925769393465821
2025-12-05,0.094626544571483,0.09462754591895314,0.2845570232993643,3.458833836393656,0.09313480067858414
2025-12-08,0.10622725214267632,0.1062285046248739,0.28360522569799435,3.568049878370412,0.1074932250928154
2025-12-09,0.08282884176121422,0.08282985007757092,0.282628813005255,3.386170423358917,0.07926963071901492
2025-12-10,0.05789354174012138,0.05789436776636164,0.2807242666172145,3.2811890193747244,0.05332628440172335
2025-12-11,0.04033263070007112,0.040333253190102496,0.2816174399614494,3.147392796800484,0.03574925886034016
2025-12-12,0.035197541997356946,0.03519792078323415,0.2786926634455647,2.973399390757758,0.02916695690879257
2025-12-15,0.06100394960302008,0.06100480353869824,0.2789643192594055,3.064254214161843,0.052147249234515414
2025-12-16,0.03791546723033117,0.03791607893001498,0.2762540242605513,3.376765140925474,0.03536925248013989
2025-12-17,0.04590423855232865,0.045904512164394104,0.2764577523123929,3.2253770305510017,0.04093191366037312
2025-12-18,0.04137273151819375,0.04137284648262484,0.27363484781582065,3.228289135109251,0.03654752939192465
2025-12-19,0.024599463982429425,0.024599473984788664,0.27338714005452125,3.129336595243207,0.021045342824263975
2025-12-22,-0.007425257880720454,-0.007425236862668678,0.272724070619627,3.0898865157604294,-0.006257164042940044
2025-12-23,-0.00885714637139771,-0.00885729412738371,0.27054519272739014,2.927278918731547,-0.007014516616378379
2025-12-24,-0.004071812258981055,-0.00407204177783492,0.26792627951118064,2.892545714210341,-0.0031556097577006108
2025-12-26,-0.002904317850762846,-0.002904699548471552,0.2678394635137135,2.7282052840418864,-0.002122246159334273
2025-12-29,-0.004702676059301416,-0.0047031770709733195,0.2654988893813723,2.625732367098569,-0.003278371986821474
2025-12-30,-0.006515721718846489,-0.006516324354887035,0.26365876547137707,2.5195507358710345,-0.0043284046012139615
2025-12-31,-0.01411529419426744,-0.014115949335535475,0.2615424789405696,2.461019851080212,-0.009085467659219327
2026-01-02,0.011050769305936146,0.011050587905876525,0.2640569332296869,2.4502908055826724,0.007150027599317442
2026-01-05,-0.0062718422281758425,-0.006272080540977069,0.26187842338385575,2.4653215523678425,-0.0040491924176142445
2026-01-06,0.06444327932356211,0.06444254706970722,0.26288356349389264,2.5762283530428975,0.04364408782374281
2026-01-07,0.056161239598206354,0.05616044940432559,0.2605030263632778,2.4482948870181955,0.03581897745742935
2026-01-08,0.0195226114382894,0.01952192004206729,0.25926250103386916,2.619481327670721,0.013258455148517484
2026-01-09,0.025827516955704493,0.025826975702086356,0.2607464672705098,2.538196851518543,0.01709331867951743
2026-01-12,0.018537546627954433,0.01853693308236025,0.2585703892701545,2.4792638074348803,0.011883757643453948
2026-01-13,0.011387219404011066,0.011386543369477415,0.2567823915143513,2.385248407157064,0.006974555625381949
2026-01-14,0.03784068322174951,0.03783981729211756,0.25482442119613286,2.5068246388925552,0.024172633650672275
2026-01-15,0.05259257693285956,0.052591575866770365,0.2541557942714656,2.4731658752575703,0.03305808649363948
2026-01-16,0.06276945000327788,0.0627688543806572,0.2536687214115853,2.5009429389620803,0.039821629398511485
2026-01-20,0.05710053944694284,0.057099957753335394,0.258289571437636,2.3964638753005145,0.03534418482755558
2026-01-21,0.1988130212998736,0.1988153330658511,0.2633116255463368,3.241138097853997,0.16967286578319254
2026-01-22,0.17985741688571524,0.17985940574184844,0.26315800942498313,3.072561817542559,0.1454271769911195
2026-01-23,0.1591808537114215,0.15918258539730992,0.2605486242549376,2.889179222341858,0.11982683733619544
2026-01-26,0.1387698204151064,0.1387712918823983,0.2590487224104733,2.7304584326912504,0.0981549148020377
2026-01-27,0.11016251720916691,0.11016379482157708,0.2573758862216928,2.736368699672126,0.07758474196116207
2026-01-28,0.09137938217833474,0.09138041706257764,0.2554900071150225,2.624788162724834,0.06127966671966622
2026-01-29,0.07932587386194129,0.07932664635990631,0.25341835931055334,2.4863247972538836,0.04998167443308399
2026-01-30,0.03632234230819782,0.036322974554437754,0.25135146375436124,2.9753629780682647,0.027164093742201988
2026-02-02,0.03463961329853926,0.03464007955940831,0.2491550770253023,2.8928128348416813,0.02496681320372021
2026-02-03,0.09183733384372006,0.09183880366253806,0.2487460210115213,3.500459583732951,0.0799650986183185
2026-02-04,0.06532703153189627,0.06532828861334289,0.24666440598157563,3.7371310026360134,0.060219581215300404
2026-02-05,0.060249831816342525,0.06025086023282135,0.24437179347187732,3.8790180535542955,0.0571121771439858
2026-02-06,-0.10204859328969514,-0.10204657556929314,0.2569265849491205,4.504412130347345,-0.11810116620797968
2026-02-09,-0.08196824495890553,-0.08196686901983052,0.25442161062365565,4.724951970032983,-0.09853647732341843
2026-02-10,-0.07290596567111597,-0.07290492263043165,0.25196313457700387,4.365409515084751,-0.08019089490268498
2026-02-11,-0.08547661477842174,-0.08547574439611048,0.25761933003189375,4.240574019092873,-0.09337925585251056
2026-02-12,-0.05120792652867777,-0.0512068101264681,0.2584418013441126,4.215558986129127,-0.0557898406600095
2026-02-13,-0.06458170809269151,-0.06458081661522741,0.27089926122460606,4.042889263136853,-0.0707309015786104
2026-02-17,-0.01407417279546309,-0.014073862973162411,0.27478133123946435,3.9429722728792074,-0.015248735281279973
2026-02-18,-0.011940262575423615,-0.011940131445848545,0.2719698941988931,3.8548277308943484,-0.01251813653941802
2026-02-19,0.0017633683366194935,0.001763610724553414,0.27113766451119997,3.767050894391743,0.0018010856948731653
2026-02-20,0.0031017821474775735,0.003101826097091474,0.2686334189572209,3.5357178759486594,0.002946109847628151
2026-02-23,0.002407291387326749,0.0024071677217113265,0.2659257402537415,3.376238290126975,0.002161335216341159
2026-02-24,-0.0649565692017987,-0.06495638114074381,0.26844228487197774,3.7119590372425004,-0.06472576326667417
2026-02-25,-0.05593271631106552,-0.05593271984151862,0.2657515717174573,3.5792136809222876,-0.053202174017178964
2026-02-26,-0.06535159991453825,-0.06535168588748361,0.263454237071268,3.6436157011187937,-0.06273269955445072
2026-02-27,-0.06131094569128413,-0.061311177791036085,0.2636106563817806,3.4524796379367,-0.05579973074835526
2026-03-02,-0.08829914599114687,-0.08829930302801424,0.2676872688697937,3.4852963452063417,-0.08238040654059066
2026-03-03,-0.1522586101053743,-0.15225818622713483,0.2798280683767517,3.4693831391997905,-0.1478173455606861
2026-03-04,-0.13063361721308855,-0.13063338773614658,0.2777325484881949,3.3016660933758772,-0.11978843238787659
2026-03-05,-0.15349860800303156,-0.15349832607809083,0.27682501480354943,3.421371211698708,-0.14538177603643365
2026-03-06,-0.1043830250924864,-0.10438229448535966,0.2782968194997592,3.4453988339321264,-0.1000869890233043
2026-03-09,-0.07791425107838339,-0.07791351139483632,0.2756907621134585,3.6576305835889067,-0.07856678005761868
2026-03-10,-0.06641192057036613,-0.06641149231050048,0.2765175321503157,3.411753358524187,-0.06265364468265681
2026-03-11,-0.08049598393553316,-0.08049560883254782,0.2778692384114538,3.2993655164442854,-0.0737980888587678
2026-03-12,-0.0738317886211114,-0.0738315479847813,0.28411418631220164,3.109842879620953,-0.06523411222392915
2026-03-13,-0.06719903403979263,-0.06719896262830735,0.28590001061638226,2.9365893161489165,-0.056418354607652134
2026-03-16,-0.06141589805024453,-0.06141601019956428,0.28350638558627345,2.795153421956995,-0.04866865032247827
2026-03-17,0.045182984302323044,0.04518206452999265,0.288054109483298,2.9244930298837963,0.038062698808763507
2026-03-18,0.03149595784487205,0.0314950631968105,0.2863024239059645,2.8676224957171605,0.025858410409437416
2026-03-19,0.09593247524925148,0.09593310871854073,0.29165078004804296,3.1195560859825147,0.08728137729057349
2026-03-20,0.08643368605514101,0.08643416941455974,0.2885987082598768,3.156685968536294,0.07874242710483098
2026-03-23,0.04641497670454823,0.04641525534128136,0.31656245513993136,2.996040778720522,0.04402154315812607
2026-03-24,0.04509704862310879,0.045097138781279696,0.3158387222424458,2.8435596526162947,0.04050194110331877
2026-03-25,0.04705630253538344,0.047056405580878403,0.31639639023049226,2.748572254112139,0.040921964799351965
2026-03-26,0.05785102264267527,0.05785085096497357,0.32194987360393823,2.6472109880562225,0.049304647274891686
2026-03-27,0.14748098570725646,0.14748263796770317,0.34040709150428794,2.900371125045136,0.14560899465414148
2026-03-30,0.12933655829954357,0.12933788680989322,0.3365425479151211,3.1556923907572627,0.13735862697971177
2026-03-31,0.11276638942914018,0.112767474120298,0.3486989376244768,2.9730111614112085,0.11690331841949424
2026-04-01,0.11100388421772835,0.11100465501192477,0.3458589258684545,2.913401821071604,0.11185040255381944
2026-04-02,0.0986907791511321,0.09869137869747102,0.34216493816539395,2.7682098663944905,0.09347836226746464
2026-04-06,0.07103904155888166,0.07103955727992768,0.3398429705382725,2.811322423977423,0.06787128024715876
2026-04-07,0.03581126724510475,0.03581177067964848,0.33831255138041977,2.795890941483267,0.03387334043915802
2026-04-08,0.06564208841946081,0.06564212554585584,0.33630857264936287,2.877016412627342,0.06351300587269453
2026-04-09,0.049245909446126425,0.04924585998761246,0.33409494282829477,2.8179867796502567,0.046363799098130314
2026-04-10,0.042164448454029765,0.04216426366154361,0.3303521186586188,2.696663581300547,0.03756213681357565
2026-04-13,0.025011365867745963,0.025011121505414964,0.32771867414839634,2.634162431745602,0.021591417237529664
2026-04-14,0.038566058424615524,0.038565586067980245,0.32549814558172874,2.599969580166525,0.03263788743332291
2026-04-15,0.02708631405166917,0.027085787199317257,0.3254300135521841,2.5061476927394737,0.022090938936701027
2026-04-16,0.016468957435988595,0.01646837244518615,0.32345686771514404,2.414619362056349,0.012862671031739907
2026-04-17,0.010654162856554218,0.010653504932675301,0.32116267255774944,2.315638115196889,0.007923463901228401
2026-04-20,0.07185878303549748,0.07185775916808612,0.32731169443850644,2.3399302212747863,0.055035673672421334
2026-04-21,0.06852847309492342,0.06852758484351278,0.32389927188084033,2.3983261875176187,0.053234021610795504
2026-04-22,0.048658965963181214,0.04865807589894359,0.3273432972815151,2.302994280048271,0.03668252208022751
2026-04-23,0.050473819117340814,0.050472857483355935,0.32390092336385373,2.318002408023414,0.03789590088768702
2026-04-24,0.04294974307370394,0.04294875106229437,0.3212156440958565,2.212542823153959,0.030524527058464337
2026-04-27,0.025454193851345445,0.025453241147442133,0.3188420300315069,2.2333771115224654,0.018125791241465454
2026-04-28,0.02545412552377862,0.025453220926810002,0.3172456588212382,2.1611168760330193,0.01745147438388895
2026-04-29,0.030706394140346222,0.030705657957859,0.31417118896958923,2.21778687432062,0.021395132704554922
2026-04-30,0.049810827162219545,0.04981059452657867,0.3191198807473319,2.2150957609562423,0.035210332051284134
2026-05-01,0.047547941546443616,0.047547553726820214,0.3165537554513366,2.1427023107092658,0.03225083981962217
2026-05-04,0.049384854195747556,0.049384315222163105,0.3132378359402541,2.175057653293191,0.033646412413492574
2026-05-05,-0.001562503176410796,-0.001562857037980824,0.31490354053185965,2.1905099664852554,-0.001077813666111915
2026-05-06,0.008013119957401548,0.00801258220247432,0.31201331523858683,2.1642642799708396,0.005411093819665752
2026-05-07,0.021557045181644845,0.021556348808520146,0.31722539787235643,2.098210807257141,0.01434849340165048
2026-05-08,0.04830705609141002,0.048307005234337244,0.31692199472658195,2.204517335481017,0.03375020932421558
2026-05-11,0.04159256515282774,0.04159236510785535,0.31555365854754336,2.105436698007365,0.027633195769718844
2026-05-12,0.0016337276998125046,0.001633590585618985,0.3161758155062045,2.11104293967893,0.0010904490717372714
2026-05-13,0.03176350736897871,0.03176392346474508,0.3172540486158906,2.185159553112607,0.022020074197522676
2026-05-14,0.0290547357898559,0.02905496349611093,0.31375394776965576,2.2673066188500552,0.020668853420859737
2026-05-15,0.017193955927991524,0.017194035989021847,0.31048981033565304,2.2697294932159067,0.012117060107571465
2026-05-18,0.10751345136418486,0.10751529798075905,0.3302038820912646,2.4306088311006895,0.08628991674397322
2026-05-19,0.10104690336054914,0.10104851648029281,0.3266828141375934,2.6276083413915123,0.08673810481527328
2026-05-20,0.09474102418706719,0.09474243726216969,0.3284387155932909,2.5415182626947046,0.0790834587606866
2026-05-21,0.09799914732940794,0.09800009505823404,0.3391686418440962,2.451129364709624,0.0814712204615775
2026-05-22,0.08604014570149045,0.08604086288626044,0.33549246574857816,2.330172405544393,0.06726233870651158
2026-05-26,0.06357533278493895,0.06357584691023681,0.3318913588324475,2.519835947412282,0.053168799510676025
2026-05-27,0.057338351550158144,0.057338643942403976,0.33407082206190775,2.400312399141299,0.04597815259878027
2026-05-28,0.045205190621275926,0.04520531444229549,0.33035917452437663,2.5010989430804567,0.03735128520507513
2026-05-29,0.0261158421994979,0.026115885890757102,0.32836617209489394,2.510041226220909,0.021525006964444666
2026-06-01,0.020652915372920234,0.020652803791693725,0.3251213068721626,2.4228284674648553,0.016268573183478848
2026-06-02,0.04176897714300449,0.04176926080344775,0.3225971751800611,2.622272109653972,0.035333947239923
2026-06-03,0.016021503206620116,0.016021653866035174,0.31912236659901955,3.2882209361859527,0.016812081831959678
2026-06-04,0.05105026885895388,0.051051002218243366,0.3180148527819074,3.5695108114187977,0.0579500932850413
2026-06-05,0.042525756651506263,0.042526289600873506,0.3149232837292795,3.397076074421292,0.04549483491696293
2026-06-08,0.11153653474995405,0.11153829495674006,0.32171835260666143,3.684302535451099,0.13220511817838113
2026-06-09,0.0851450873963062,0.08514665243607261,0.3187503734807451,3.5956778930615436,0.09758680016235333
2026-06-10,0.05568943523650215,0.05569083291410656,0.31770059519607,3.5843369025218452,0.06341611979758484
2026-06-11,0.050341813495440264,0.05034293540699134,0.31451653572198396,3.3991831654841445,0.0538203982479457
2026-06-12,0.10718720562358149,0.10718749474076608,0.3272545421188013,3.349008934581953,0.11747486055898572
2026-06-15,0.09372653074127466,0.09372666257873442,0.3244501860461993,3.1353561808097417,0.09534489701734773
2026-06-16,0.0919921387312827,0.09199206507445756,0.32111354071708503,3.1622785878178328,0.09341346088521096
2026-06-17,0.07149159938871445,0.07149145674051408,0.3197018714867728,3.063404837677526,0.07001717521123015
2026-06-18,0.09590995094157669,0.0959104492031893,0.3260487045435482,3.084738028697088,0.09646381538168085
2026-06-22,0.051762093375280906,0.051762596579128406,0.3262884332566751,3.169566808873259,0.0535319940216964
2026-06-23,0.026233466210784945,0.02623386460701467,0.3276372106666218,3.0477905059564434,0.026195941337825848
2026-06-24,0.014987936184408602,0.014988176706378815,0.3243502301068052,3.0782729451521935,0.014964533092972118
2026-06-25,-0.05069715000293063,-0.050696676724478876,0.3347604586521405,3.199427926824708,-0.05429877491611337
2026-06-26,-0.04939906028161737,-0.04939878643062635,0.33114867794673347,3.245792593116959,-0.05309608230250211
2026-06-29,-0.04061277059119513,-0.04061273680527247,0.32946746396042303,3.0554998863167753,-0.040884380624589656
2026-06-30,-0.035173264802578284,-0.035173423970061554,0.3257883389193688,2.877560916796933,-0.03297408425067801
2026-07-01,0.025542303678006476,0.025543252060513097,0.33161172938464967,3.004056047926749,0.025444737728460808
2026-07-02,0.0012456698921308339,0.0012464694311006698,0.33032229009442354,2.9404059758811827,0.001209896290446318
2026-07-06,0.008206930882010466,0.008207398235005601,0.3268128668442877,2.8978416648145364,0.007772389830807415
2026-07-07,0.01547394104095943,0.015474114009140413,0.3232589007970278,2.945413832847431,0.014733222640046374
2026-07-08,0.03209921804656777,0.03209962412004266,0.3289528970628104,2.876360191745156,0.030371863405883468
2026-07-09,0.04321597303445336,0.04321651131528786,0.32703763748111253,2.90119454989258,0.04100330706757975
2026-07-10,0.046899761691857736,0.046900009659734954,0.32472493321989365,2.8008707545649942,0.042655922729358545
2026-07-13,0.035423870595328824,0.03542396140327487,0.32136478089075743,2.71830725403419,0.030945167407414924
2026-07-14,0.07610066404840023,0.07610160351650212,0.32273444812353586,2.891916839133062,0.07102636195630398
2026-07-15,0.10191087751560121,0.10191128125693776,0.3214620234889309,2.9396428832571364,0.0963041027761856
2026-07-16,0.08525667375151451,0.0852569132383971,0.31998189743519445,2.7963485595252475,0.07628604480219843
2026-07-17,0.07784803227298985,0.07784818411449965,0.31657915563381417,2.802429622803663,0.06906605831954483
2026-07-20,0.06716880753707993,0.06716879039930382,0.3135622312972998,2.647894192082407,0.05576889140050979
2026-07-21,0.028027855726491996,0.028027841721698966,0.3139265177019011,2.609126965756182,0.02295689189814802
2026-07-22,0.0007218013659067158,0.0007217617877175102,0.3130000727600698,2.572824748561386,0.0005812625498762437
2026-07-23,0.007813176040792192,0.007813131705942488,0.311674115047588,2.5029653020798484,0.006095132819595689
2026-07-24,0.03070692352118467,0.03070726609807261,0.3111963691774859,2.55959960603784,0.024459234639613015
2026-07-27,0.012317090987931736,0.012317302712608847,0.3089084124544219,2.6003590375628938,0.009893983945317111
2026-07-28,0.0007688507705089524,0.0007689166372162879,0.3080912397984389,2.5433104142015157,0.0006024496735432608
2026-07-29,0.001802055241950452,0.0018019240849090784,0.3079838859783286,2.4158807777674056,0.0013408234375979209
2026-07-30,0.002715518809509021,0.0027152571800582686,0.3109959289137673,2.3023097699515556,0.0019443358137371533
2026-07-31,0.0036695686578159152,0.0036691558361451595,0.30759886434092454,2.2546962769201997,0.0025450000382395504
2026-08-03,0.04961892282415109,0.04961946425793295,0.30727562776505907,2.4822274145733734,0.03784574112618059
2026-08-04,0.04938418810753236,0.049384454098576794,0.30518190137458034,2.3958757924389396,0.036108628425015325
2026-08-05,0.060708031999806025,0.06070798537782855,0.30958788990046643,2.3240336681355482,0.04367898460316771
2026-08-06,0.055187647474296886,0.055187435085478735,0.30637061381090985,2.2539227047354164,0.038109039816006496
2026-08-07,0.058978219140059365,0.05897814640865075,0.30873128293896474,2.2115205042523183,0.0402682969678054
2026-08-10,0.05997817654037599,0.059977902933777305,0.3070533751890108,2.1540520967186523,0.03967010376594744
2026-08-11,0.0881042120044952,0.0881046630977739,0.3108843773523104,2.2253842594721385,0.06095377133043866
2026-08-12,0.07209005048118644,0.07209032369115245,0.3078076566088457,2.20273653817665,0.048878436332571266
2026-08-13,0.060197794428044134,0.06019789123012624,0.30475083924574536,2.143144554678746,0.039316690605722585
2026-08-14,0.047824574135569314,0.04782452345120578,0.30618550000713807,2.063194762484241,0.030211755275032597
