date,rho_dcc,rho_adcc,sigma_tok,sigma_eq,h_cov_dcc
2023-01-05,0.0012875287725874316,0.0012875287725874316,0.03710706934549094,3.1579284121560156,0.00015087451240818558
2023-01-06,0.000748005762913038,-0.01197688200570036,0.0465404013832077,2.9861483075827078,0.00010395525344658391
2023-01-09,0.0027683921588667047,-0.00958613264328537,0.052825380456969516,2.838565951061333,0.0004151157708112086
2023-01-10,0.0020778280225096446,-0.010454623132218885,0.05704763914026722,2.748040760362103,0.0003257395150356222
2023-01-11,-0.0039171288916947196,-0.013535194763100084,0.06084651827705005,2.669398080293864,-0.0006362340943119122
2023-01-12,0.007489840533215471,-0.003974680120817705,0.06313093451546152,2.670093700516987,0.0012625287934756057
2023-01-13,0.04790571320399478,0.04416759266666493,0.06797153164058907,2.8046078184826273,0.009132433254628869
2023-01-17,0.006662885392726395,-0.0048421527136729555,0.06843004123102815,2.9474083497027532,0.001343845849337167
2023-01-18,0.015539443078065313,0.005690400005392907,0.0690035405908441,3.117036279008889,0.003342325035891135
2023-01-19,-0.0004983965225507075,-0.012527891589885534,0.06922749237545799,3.139947533811087,-0.00010833679797222667
2023-01-20,0.005605125969731042,-0.006214553422907612,0.06973973315756067,3.0344575522000046,0.0011861694251219016
2023-01-23,0.017129041897396387,0.007607957380363082,0.07002206831445316,3.2515381658053273,0.003899930454074383
2023-01-24,6.041586358716657e-05,-0.012517354055731005,0.07005225555911017,3.119077137393097,1.3200768847964726e-05
2023-01-25,0.001967223965476761,0.021025885444650116,0.07002319458368148,3.0686513018535924,0.00042271072609770596
2023-01-26,0.00881127438304863,-0.0023412552957603333,0.07083198664822896,2.9840168476406896,0.0018623848022013608
2023-01-27,-0.0002749961943903145,-0.013068963011221036,0.0714645448424672,2.8466639761284576,-5.594400078142188e-05
2023-01-30,0.0013377557576804042,-0.011339640748841806,0.0711431212964701,2.6879295648121713,0.00025581595545325016
2023-01-31,0.0013559196792946,-0.00775381774631946,0.07085303779509965,2.6603243102271485,0.0002555800920529232
2023-02-01,0.0012180638873867337,-0.01147691252287669,0.0706264962895221,2.5763321778680104,0.00022163563444829205
2023-02-02,0.008871385409665136,-0.002322124383795191,0.0708269865570253,2.571552540066739,0.0016157925954685336
2023-02-03,-0.004794031653711693,-0.017826105919268267,0.07188467851421344,2.546323407726073,-0.0008775074139864457
2023-02-06,0.002160088900382542,0.02653942764526678,0.07204026331885864,2.442481390919911,0.00038008276815992815
2023-02-07,0.011659659435511022,0.33080381410464116,0.07217526779767575,2.6556954689399754,0.0022348714212739747
2023-02-08,0.00022182430342139708,-0.012549175627147779,0.07168061641709456,2.614341250393745,4.1569340386520403e-05
2023-02-09,-0.000829874233588423,-0.013196400935664907,0.07136309611443989,2.622130468519816,-0.00015528884554707025
2023-02-10,-0.024659160664707917,-0.026955156951434345,0.07206998559668056,3.0630068069615652,-0.005443530836325291
2023-02-13,0.0013211986286884637,-0.009476132459495575,0.07157804766352097,2.996096672326857,0.0002833373221657797
2023-02-14,0.0025080131463160065,-0.009915961085145902,0.0714482213231895,2.8478982708399045,0.0005103236580063711
2023-02-15,0.0003726038820494859,-0.012382171688871308,0.07111057727202663,2.780041059006111,7.36601823694105e-05
2023-02-16,-0.003410283634739457,-0.016252657664884953,0.07084766431566604,3.130968578229332,-0.0007564752912448344
2023-02-17,-0.011489014078723093,-0.02360322506561429,0.07213026328491727,3.200331137307166,-0.0026521323685679927
2023-02-21,0.007227765260577196,-0.004281189040378524,0.07178966437075508,3.1943237009325753,0.0016574669835756797
2023-02-22,0.0018726924495782507,0.01638748025717508,0.07151801240549535,3.041145648975895,0.0004073044133855241
2023-02-23,-0.0012393398383946628,-0.013975696555500128,0.07140001718569093,2.9780267820810153,-0.00026352227171065205
2023-02-24,-0.0044877055459132615,-0.017521040044346885,0.07231955312354546,2.922739518247057,-0.00094857177764409
2023-02-27,-0.003161582272964293,-0.013661014341168618,0.07186370411826533,3.1086943284647357,-0.0007063047179538474
2023-02-28,0.002662168493981946,-0.009756146379584631,0.07150583277396388,2.9769283988452124,0.0005666898021749823
2023-03-01,0.002857898947776477,0.06063573378979737,0.07120883623031742,2.972200052920732,0.0006048654722786559
2023-03-02,0.0029362328531559265,-0.009423919133588376,0.07094223021228296,2.898620246428683,0.0006037910236939389
2023-03-03,-0.003129770097256025,-0.01613446774130208,0.07247053275942664,2.8063895546814193,-0.0006365343517296975
2023-03-06,-0.008025370297879666,-0.015215169022053625,0.07205748749199337,3.2002608983294056,-0.0018506725379241493
2023-03-07,0.0012908775866407815,-0.01123930764375916,0.07156836393260942,3.0091041533813643,0.0002779990870256556
2023-03-08,0.005512501074935421,0.13810578278196908,0.0725490483241131,2.936994643450483,0.0011745825958564876
2023-03-09,0.004760765764112349,0.13466282750608252,0.0721147972012095,3.021891665124887,0.0010374808555626011
2023-03-10,-0.04099338852747127,-0.036792905317646674,0.07393830579255947,3.5912440314265344,-0.010884994926621951
2023-03-13,-0.006648724179660774,-0.019817487444564644,0.07598345972830524,3.482833600250003,-0.0017595033847035012
2023-03-14,0.09103629793981359,0.0946391197248502,0.0807399376063789,3.8628469220139823,0.02839294859140585
2023-03-15,-0.0004129054288880306,-0.013141441629458314,0.0785120426576946,3.729851716025848,-0.00012091451437417371
2023-03-16,-0.007361287729339465,-0.02054366610779055,0.07975992379035732,3.624942644896858,-0.002128333412323503
2023-03-17,0.00211266713015902,-0.010399992466477052,0.07767473918646822,3.5114341292277413,0.0005762293896650306
2023-03-20,0.05805563014154434,0.05601913133489611,0.07947497558152204,3.7760026486773177,0.01742236213991089
2023-03-21,0.0002535153713881328,-0.012381357729890496,0.0775001145387638,3.5952143378870987,7.063686699737875e-05
2023-03-22,-0.0045351945304081724,-0.01168220242890472,0.07812740240892341,3.4253939283341004,-0.0012136957435303702
2023-03-23,-0.005344810718719213,-0.01673092694812008,0.0766997437658821,3.532432325266037,-0.0014481051335594852
2023-03-24,0.02529598004035848,0.017547181863893646,0.07950857260465599,3.475927827430695,0.006990950338498554
2023-03-27,-0.004793196473962648,-0.01649475797750264,0.07781069119087473,3.5515365704984228,-0.001324587936116751
2023-03-28,0.0029907874170743733,0.06658471795641283,0.07626083863593529,3.4733507302116613,0.0007922016838306742
2023-03-29,0.0011729905005157695,-0.011466884466098066,0.07490037545249217,3.259212205026642,0.00028634600454327904
2023-03-30,0.0011054226924768129,-0.011544377789868122,0.07380462327396625,3.2546056836201096,0.00026552799857903537
2023-03-31,8.769655892871517e-05,-0.012575844691162638,0.07302638589693246,3.1548764548237824,2.0204342285963328e-05
2023-04-03,0.0018007986711249234,-0.010785666763366869,0.07233650783273614,3.033435340964488,0.0003951458656460799
2023-04-04,0.0075984872387886955,0.2277139352663698,0.0723396729423131,3.111034094264686,0.001710048586866231
2023-04-05,0.004545529422180722,-0.0074581060651878,0.07230274075916283,2.978929880515143,0.0009790379222656292
2023-04-06,0.0010914480009521544,-0.01110247929220853,0.07509133927430363,2.805538239494115,0.000229937122641723
2023-04-10,0.0007515573839382765,-0.011933464073738319,0.07399450682188437,2.708513841587994,0.00015062348277566977
2023-04-11,-0.016984097975855556,-0.026351085083653705,0.07390385772073346,2.8578031977219687,-0.003587087025479791
2023-04-12,0.002124379294750628,-0.010383194125666734,0.07302647496345216,2.806086987748972,0.0004353249183804935
2023-04-13,0.0011438339294002706,-0.011542714913088427,0.07233676707826775,2.682901953989783,0.00022198665734930558
2023-04-14,0.006424030003816106,-0.004962448862825756,0.07409519092362633,2.575275682877893,0.0012258047760205476
2023-04-17,0.0008664368057323996,-0.01096227354067415,0.07343275042999148,2.4514720471999376,0.00015597451117504077
2023-04-18,0.007260838897480066,0.20126255487672065,0.0728080369550543,2.7182753880662784,0.0014370092891600515
2023-04-19,0.005309689934435511,-0.0065702740535880265,0.07224447800309111,2.7230344316372115,0.001044544510430312
2023-04-20,-0.001059417767938931,-0.009170033237944563,0.07172353722656628,3.1596825004940494,-0.00024008907424632683
2023-04-21,-0.013616002098514575,-0.02596238550802202,0.07362349170782885,3.2155784815521042,-0.0032234811438025084
2023-04-24,-0.0061514832623176235,-0.01651005036009251,0.0730522396182982,3.4076356326618233,-0.0015313220373499843
2023-04-25,0.0012601651388101736,-0.011435512705838034,0.07234885042410827,3.2173366034453514,0.00029332940136591343
2023-04-26,0.00785728620252392,-0.0035339871451756494,0.07215998847216457,3.159934241189578,0.001791624830436405
2023-04-27,0.0016287170784141441,-0.010994340184967274,0.07168657833402459,2.9875455295238096,0.00034881731474441875
2023-04-28,0.0058367215150553885,-0.005932895045433371,0.07136649334558566,2.9990630316495577,0.0012492487507489258
2023-05-01,0.0011306359092814779,-0.011553714950520875,0.07103588597819749,2.8607630011904717,0.0002297642503015541
2023-05-02,0.01538628564333989,0.4018069635871414,0.07151515451695467,3.185578397120366,0.003505259456565535
2023-05-03,0.003958586668203681,-0.008202570974195437,0.07128751261871626,3.0783707839820873,0.0008687094537793108
2023-05-04,0.003684344312928829,-0.008517390268401048,0.0712253172363731,2.9504406740191946,0.0007742504889201965
2023-05-05,-0.0030977217826281545,-0.016014419437414128,0.07358346546322675,2.839925522347283,-0.0006473357582926702
2023-05-08,0.000218199250373443,-0.012560639309170165,0.07278425793048958,2.79500058035541,4.4388719318676654e-05
2023-05-09,0.007632220154228128,0.1732907245420592,0.07221207995900668,3.366124906186467,0.00185520100482017
2023-05-10,0.002006373260291943,0.022550067832617055,0.07184772256618582,3.2078986015745263,0.00046242932785524614
2023-05-11,0.0004127104287145525,-0.012315541308266632,0.07206023035743207,3.0347382985541396,9.025314298875746e-05
2023-05-12,-0.011135003050838395,-0.02329399980199199,0.07306467908391412,3.1030657662076657,-0.002524578048018371
2023-05-15,0.0013171021300199103,-0.009759576179133452,0.07235848861235124,3.012658368274033,0.00028711694547639083
2023-05-16,0.0006586587476082563,-0.012054729916962421,0.07182448132252933,2.9002072705125785,0.00013720249197168302
2023-05-17,0.00218394267114202,0.03065791093681796,0.07154485591929646,2.7961090681694953,0.0004368916609116568
2023-05-18,0.0023477763856877983,-0.010134069357533226,0.07120435079524928,2.7011272126262034,0.0004515525503282909
2023-05-19,-0.006076140421161298,-0.01804551343123503,0.07140839537984069,2.7779788880441694,-0.0012053301413784822
2023-05-22,0.0012961323275004497,-0.010899339692699163,0.07107973872758933,2.6249993531758755,0.00024183790179607855
2023-05-23,0.0018321471490246643,0.014065647803149381,0.07108546899623819,2.511576716689331,0.00032710533885689177
2023-05-24,0.002550629072270534,-0.009889889878041264,0.07084532426251688,2.4493074764688574,0.0004425902129595091
2023-05-25,0.005192900970353612,0.135412939255211,0.07069374220543934,2.6926409133370712,0.000988483564797477
2023-05-26,0.002563486456179801,-0.00968373309761904,0.07176155189227737,2.558982205556958,0.00047074976862882575
2023-05-30,0.004232411669080917,-0.007830070508151073,0.07184521460584263,2.468910784255342,0.000750742748806838
2023-05-31,0.0029804669758440013,-0.009288498299668137,0.07141039881419989,2.5359748559957955,0.0005397475950105314
2023-06-01,-0.0013066168315545208,-0.013394942048400325,0.07115026203955079,2.5815158673827114,-0.00023999353959609941
2023-06-02,-0.015341403325798,-0.028205818119192528,0.07484574426805925,2.6222986694504815,-0.003011024946430443
2023-06-05,0.005477255416254121,-0.006369487914685466,0.07415442047788233,2.556229125601169,0.0010382449265445449
2023-06-06,0.0100600821047816,0.2416256261400291,0.07337134876820245,3.0635183890631152,0.0022612496854476968
2023-06-07,0.005411671776162471,-0.006369996744056844,0.07263670313048398,3.157760384366352,0.0012412713865907967
2023-06-08,-0.0039199890830818795,-0.01497986122833918,0.0721848450189646,3.295300254401921,-0.0009324506967520609
2023-06-09,0.0035651476812874616,-0.008127626140035609,0.07537220205432821,3.102635642186077,0.0008337186287027802
2023-06-12,0.0010445613714253359,-0.011670282487664562,0.07426763584248709,2.9340193544178295,0.0002276127232699357
2023-06-13,-0.0006464589734018484,-0.012316568038435642,0.0733415083817381,3.0061578719796884,-0.0001425287873758094
2023-06-14,0.0009851759134256535,-0.01173003053746479,0.07273595302409977,2.845559840817097,0.00020390629889983642
2023-06-15,-7.487736148681977e-05,-0.01070102601691966,0.07210886958993225,3.0266600644111428,-1.6341911953562872e-05
2023-06-16,0.014318152406207629,0.004662651195261515,0.07609354568565534,2.924465376363193,0.0031862605463468803
2023-06-20,0.009854465813912514,-0.0011451468117382238,0.07524145186574165,2.90642324544231,0.0021550091213635198
2023-06-21,-0.008580995810507414,-0.021611723084048698,0.07422735937533097,3.1450336470120797,-0.0020032123864334806
2023-06-22,-0.0015212577652540978,-0.014414802154872432,0.07329379783678569,3.2818412618572896,-0.0003659212282739651
2023-06-23,0.0005483058297307843,-0.01213756939684005,0.07335997845626897,3.094830204645894,0.00012448553363781853
2023-06-26,0.0042971790965587765,-0.007794500869807724,0.07267953862642865,3.035590294062066,0.0009480664360608509
2023-06-27,-0.0004546035939915092,-0.012963727785912581,0.0721436767642779,2.995204274374903,-9.82330398893624e-05
2023-06-28,0.003315398910150653,-0.00896969377169049,0.0717962768726893,2.879222470369349,0.0006853508205758236
2023-06-29,0.0004367320669449939,-0.011397916506996144,0.07137216088419526,2.9248259487778854,9.116832041936574e-05
2023-06-30,0.0025599541583351346,-0.009878164805830566,0.07112038453492772,2.8050850813179076,0.0005107076025155825
2023-07-03,0.0015600758429562358,-0.010647143628431104,0.07348442586933115,2.6498645821259954,0.0003037838612473772
2023-07-05,0.0008076647319466386,-0.011924490224436653,0.07269186957191263,2.618436809754647,0.00015373015157354886
2023-07-06,0.00014636378881136472,-0.011464957932464,0.07207784251549423,2.6984805518845474,2.8467852975026118e-05
2023-07-07,-0.01582709001533488,-0.027870522133593614,0.0742316744210236,2.7853288153055122,-0.0032724031453418875
2023-07-10,0.0023918907504818033,-0.0100811288375685,0.07331676598872235,2.693181179698644,0.0004722915877865949
2023-07-11,0.0014603888011740372,-0.011194647050146476,0.07259395118651199,2.556810945109844,0.0002710613180565564
2023-07-12,0.0006727996250018133,-0.011839364490297382,0.07206046026793643,2.453642956438205,0.00011895813280915648
2023-07-13,-0.0009420550123122046,-0.01370745744113989,0.0718218549333261,2.416988782846299,-0.00016353379563959698
2023-07-14,0.03138035861828952,0.024622664138414782,0.07437111733565324,2.4784961705416215,0.005784295359772648
2023-07-17,-0.008060401894663633,-0.01676702839938447,0.07364071080635047,2.7486725488618773,-0.0016315398033799925
2023-07-18,0.0013377170317477698,-0.008734399696270432,0.07281157205595076,2.69239818453778,0.00026224302957174767
2023-07-19,0.0013471209589311268,-0.008188503242432857,0.07215980062511426,2.6609582940386214,0.0002586663801338209
2023-07-20,0.0013121447810430606,-0.011361783336934857,0.07173690080748797,2.518976802667841,0.00023710927126060658
2023-07-21,-0.0022587383493279543,-0.015186497052962291,0.07306571471154236,2.443017568504936,-0.00040318665812677057
2023-07-24,0.0018064669756684014,-0.010764044233871674,0.07252160987506974,2.3341778064472223,0.00030579571692068214
2023-07-25,0.0014446216615238182,-0.002827600639669479,0.07193223831078087,2.498590600808403,0.0002596407165308735
2023-07-26,0.001292501797402641,-0.01115908342335365,0.0714702975803169,2.379587340495953,0.00021981554201553908
2023-07-27,0.0018105096033049892,-0.010770397768291952,0.07119776106493318,2.2807042073053223,0.0002939924200240292
2023-07-28,-0.002170959940130021,-0.01513192003772898,0.07193390283249412,2.2350795109722568,-0.00034904258067932915
2023-07-31,0.002444749737871924,-0.009896917080382308,0.0723089706231923,2.144498775325765,0.00037909878265217925
2023-08-01,3.7739914216372465e-05,-0.0127566451700284,0.07202000290772209,2.092375066208434,5.6871355472386605e-06
2023-08-02,0.00391066847227051,-0.008260747073064588,0.07163418018436925,2.0763417329104845,0.0005816612444601536
2023-08-03,-0.002971767449493646,-0.014482401715096672,0.07137548995681246,2.1823551714429485,-0.0004629023184972755
2023-08-04,0.0005141977187815163,-0.012137234207042205,0.07208279230834518,2.0976290284320727,7.774821586910005e-05
2023-08-07,-0.0014267842575040092,-0.014338624098560451,0.07243211909793967,2.0569015098954577,-0.000212570501486818
2023-08-08,0.0011310543605416513,-0.011513379277387048,0.0718810679670591,1.9824776619728106,0.0001611782001974065
2023-08-09,0.0036696688563445214,-0.008530301463524497,0.07146773986714218,2.00416037278538,0.0005256169900425273
2023-08-10,0.000850291970656099,-0.011653376331383058,0.07111549868854503,1.9959327530922797,0.00012069193294899043
2023-08-11,-0.0035534587924857183,-0.01659412659259048,0.07233469302422289,1.9777048867545575,-0.0005083460027149836
2023-08-14,9.002575325420302e-05,-0.01269897901851397,0.07229448008741177,1.9245976186526723,1.2525983830343125e-05
2023-08-15,0.0010334446899882756,-0.011674598120095431,0.07191498885421045,1.8594160736172085,0.00013819210634906625
2023-08-16,-0.0013360328207733599,-0.01384946731182994,0.07161782648024843,1.8880311083274655,-0.00018065392814830818
2023-08-17,0.00013790544851755194,-0.011057744207197231,0.0712326463482304,2.007521196734205,1.9720623586181645e-05
2023-08-18,-0.05557728220389457,-0.03254414274266246,0.0724201895277619,2.869408193932099,-0.011549130711060904
2023-08-21,-0.0038820084947770164,-0.014996731712802405,0.07201651992943937,3.0038468583131346,-0.0008397816877308426
2023-08-22,0.0012854333259325894,-0.01140736672170275,0.07153630101808854,2.828066728512728,0.0002600552870589491
2023-08-23,0.0006499615705645954,-0.012085289768060888,0.07124868855595028,2.7150332965422455,0.00012573023125841092
2023-08-24,0.003958561690291326,-0.008201993048408579,0.07109744832850977,2.6392570886779936,0.000742802109345944
2023-08-25,-0.005665890982002843,-0.018767507418000248,0.07257577542571868,2.6078649996986,-0.0010723708603505337
2023-08-28,0.000994093635097192,-0.011631207619309976,0.0719837268338007,2.532746503561549,0.00018123970448316438
2023-08-29,0.0012413633217531123,-0.011377613437394338,0.07153115372729757,2.406460225192132,0.00021368440456847037
2023-08-30,0.02022548687149216,0.011279046980344222,0.07152387255904505,2.617622807242865,0.0037866666217818822
2023-08-31,-6.474827601336636e-05,-0.012380226481482738,0.07118936162840514,2.6206835362727308,-1.2079748386331145e-05
2023-09-01,-0.038008943835900325,-0.03641894764838215,0.07321050207201307,3.078323645413894,-0.008565909178713691
2023-09-05,-0.0029721377334170134,-0.015980527096910568,0.07378589254282887,2.9829614620606932,-0.0006541689236182141
2023-09-06,0.0013865883347181343,-0.006507109309538024,0.07294121514405917,2.8303069384924697,0.0002862556532367793
2023-09-07,0.001081833723692707,-0.011628534962262798,0.0722990884607574,2.693602570833245,0.0002106817199304162
2023-09-08,0.014560903566371857,0.004704309125869446,0.0743947397889419,2.639312790689329,0.002859047805579094
2023-09-11,-0.0018933331145018798,-0.014483194096328339,0.0736590791591065,2.6332347279870048,-0.0003672340059392117
2023-09-12,-0.003150977006368104,-0.013536709285433785,0.07291302000686523,2.8236913647667166,-0.0006487353245103797
2023-09-13,0.0022736713723032374,-0.010198013514219853,0.07224777122648615,2.788877520787482,0.0004581224656631869
2023-09-14,0.003397374826410184,-0.008876461063234508,0.07180588609576899,2.713357552503347,0.0006619276715871308
2023-09-15,0.008351383064860867,-0.0027625311914888403,0.07312145154963101,2.6245988325753693,0.0016027513078862698
2023-09-18,0.001673734787438915,-0.010921412119561918,0.07256574790908829,2.4955063837523386,0.0003030937657988292
2023-09-19,0.0019540682325733237,-0.010600211902983894,0.07205463919601103,2.3915113890418525,0.0003367240417909328
2023-09-20,-0.0005870832557908241,-0.013267130882218111,0.07163840778862468,2.359440982531891,-9.923268386036883e-05
2023-09-21,0.000937937254877662,-0.011771231309633728,0.07127727335065678,2.2789324933232957,0.0001523548643566845
2023-09-22,-0.015470354719744315,-0.026564651951811638,0.07271303609065054,2.410872832813589,-0.0027119823177264757
2023-09-25,0.0005676092960115245,-0.012160750532433814,0.07258656471466095,2.311264771246832,9.522597815185816e-05
2023-09-26,0.0006783012950254445,-0.011572556297348005,0.07199142517452863,2.324741540054582,0.00011352149277012349
2023-09-27,0.001318843713567005,-0.009782354909700117,0.07151663576016785,2.264026892103955,0.00021354135350777802
2023-09-28,0.0019277410641059208,-0.0106312462291084,0.0712330115460643,2.1788671042460086,0.00029919941933333216
2023-09-29,0.020033710914114183,0.011077066083547825,0.07267541740620513,2.2116727403451497,0.0032201032895555555
2023-10-02,0.001063352169036885,-0.011598652852938467,0.07206183631024528,2.1525888614799746,0.00016494666335561172
2023-10-03,0.005743766680260525,-0.006058850044016604,0.07169338886320192,2.172384774249042,0.0008945665394019742
2023-10-04,0.0009632225018549851,-0.011721973321162166,0.07130404040963735,2.113986796902631,0.00014519211438719984
2023-10-05,0.00801299909598632,-0.003292433542484934,0.07182514659741716,2.0863164306568547,0.0012007477821630414
2023-10-06,-0.014779709987150075,-0.02749240348213799,0.0747398458536831,2.1492650427113067,-0.002374149621078106
2023-10-09,0.006372010195200769,-0.005313663954521269,0.0739302600623895,2.1469558856350686,0.0010113973626300853
2023-10-10,0.0013723790393828485,-0.0066978156640117754,0.07303950890315977,2.19199851400597,0.0002197213082626977
2023-10-11,0.0013482471672872445,-0.008147256608199763,0.07233883958183308,2.1859088901548254,0.00021319308331349668
2023-10-12,0.0014125956936108068,-0.004386736560289769,0.07178886490512944,2.3080278519626027,0.00023405396881364762
2023-10-13,-0.004291209177660496,-0.017353419783728324,0.07368264624854953,2.2663691766143534,-0.0007165979390365754
2023-10-16,0.002403589029547068,-0.009978246720462882,0.07350024434930252,2.174258089019136,0.00038411395940257025
2023-10-17,0.00434919882073114,-0.007406059524430281,0.07270920021023003,2.409191502483329,0.0007618508418671548
2023-10-18,0.0012983819386791935,-0.010861627320559442,0.0720794394953658,2.308783226525624,0.000216071270178968
2023-10-19,0.0013150047516828612,-0.009981135883365808,0.07158556254794995,2.245720697106118,0.0002114017148338503
2023-10-20,0.009879157622832275,-0.0009899122642883095,0.07268834620402385,2.207895522083726,0.0015854889563665922
2023-10-23,0.020234284552022877,0.011245225288973036,0.0730936894386443,2.284821665275396,0.0033792478409770117
2023-10-24,0.02970017481572835,0.02279123683008999,0.07263260240196362,2.8279441885797114,0.006100443999478352
2023-10-25,0.002493460264683456,-0.009919515187265344,0.07202769509794875,2.820731010195495,0.0005065981999395241
2023-10-26,-0.0013061274771755727,-0.013711402075706083,0.0717037989508653,2.754209079178883,-0.0002579435289485721
2023-10-27,-0.007017835631478569,-0.020197412716844252,0.0742480901186835,2.7081312561512934,-0.0014111012890777076
2023-10-30,-0.002552733246003555,-0.015501466070492511,0.0741137589690101,2.652281872243071,-0.0005017922532136635
2023-10-31,0.0019685902123343342,-0.010578337373791985,0.07319206099642815,2.592925775697726,0.0003736021638893178
2023-11-01,0.0005844039786128335,-0.011622251180006017,0.0726159974801818,2.4798620533409705,0.00010523809898602041
2023-11-02,0.00939010704473016,-0.0016915545566480986,0.07256568836549616,2.466144263877857,0.0016804296693904463
2023-11-03,-0.00979332424316075,-0.022759694240129125,0.07422807285472098,2.4902578670731574,-0.001810267021457243
2023-11-06,-0.002771378919019501,-0.01575318869975222,0.07429302142803329,2.444584478064745,-0.0005033255537814492
2023-11-07,-0.0002728811295989671,-0.012191710942814592,0.07359274510401578,2.360507721017637,-4.7403884627418234e-05
2023-11-08,0.003581794898340241,-0.008652821694476372,0.07292939307698652,2.3033145715632912,0.0006016675207221521
2023-11-09,0.0018714118144006204,-0.010704979560952973,0.07229085071646651,2.2227123250853285,0.00030070175315216857
2023-11-10,0.015854369692516714,0.006025288818638736,0.07258348160168401,2.27176166872321,0.002614264613831004
2023-11-13,0.010050902009051076,-0.0008757582555273655,0.07281626436587545,2.25689267368841,0.0016517500952143054
2023-11-14,-0.001221155451541876,-0.01230302858157301,0.07220191845517192,2.3905561071305055,-0.0002107747733723762
2023-11-15,-0.012981988951794811,-0.022648159539504466,0.0725123319680476,2.587040581345082,-0.0024353217560641586
2023-11-16,0.010282919416721579,-0.00048685122282129804,0.07201520748876797,2.7903797052141046,0.002066350327127361
2023-11-17,-0.029431485262127424,-0.034108590131708916,0.07384678641784771,3.119255209094824,-0.006779453547169998
2023-11-20,0.0030321205106141704,-0.009295321555395154,0.07322665063896705,2.973176710757999,0.0006601404586343713
2023-11-21,0.0011694190432804507,-0.011510432056197747,0.07248590057324199,2.9203503579677603,0.0002475475646800835
2023-11-22,-0.016754076155315,-0.02378828326491605,0.07273121176640732,3.2428127698396794,-0.003951510889545947
2023-11-24,0.020554525996395574,0.011661334621271962,0.07357120547842094,3.2551525463746533,0.0049225108708233585
2023-11-27,0.002305131826678869,-0.010182426617322674,0.0728450586857068,3.0955364522621105,0.0005197946282844235
2023-11-28,-0.00034398394923339866,-0.012889682875685652,0.0722728219451186,3.042956563814566,-7.565000199194224e-05
2023-11-29,0.005315583554286008,-0.006545777569238203,0.07223563674562956,2.9311856805901666,0.0011255007399511815
2023-11-30,0.001345587335959872,-0.011294812922035354,0.07196079137027038,2.7622926052714223,0.0002674714934575058
2023-12-01,-0.0011172142309222378,-0.013992741757177175,0.07251667271127478,2.660283546191682,-0.00021552728419260914
2023-12-04,0.013626463203416194,0.003406269846596164,0.07306709001172608,2.645454805710486,0.0026339365310029342
2023-12-05,0.010834221844367121,0.0003244562500246595,0.07242241148406123,2.9653648475148966,0.0023267452751552856
2023-12-06,0.00790156011844359,-0.003411880724669241,0.07194210662404295,3.0715928883353887,0.0017460619683980802
2023-12-07,0.00021030449274998851,-0.012555365900858704,0.07163950801223821,2.9501238256183715,4.4446891230884774e-05
2023-12-08,-0.005695041156937281,-0.01879395219980545,0.07299739349411924,2.9005840015593662,-0.0012058399478385277
2023-12-11,0.002065553251570217,-0.010460937123519459,0.07231487011771051,2.828935974539256,0.0004225587750451448
2023-12-12,0.014304110039151488,0.32859531474882314,0.07204829636191541,3.450370054627358,0.0035559056929642843
2023-12-13,0.0013225007047736616,-0.011321666858625696,0.0718121760731928,3.225464896304717,0.00030632773440546223
2023-12-14,0.016056824111428607,0.0063055861588057855,0.07263241506842058,3.199182410992924,0.00373103341349564
2023-12-15,0.0036086387757843347,-0.008229853788750281,0.07472915456501396,3.019278054473785,0.000814210297602605
2023-12-18,-0.0037102607637622275,-0.015211455848800499,0.07386622910100991,3.1197282330793636,-0.0008550019901438597
2023-12-19,0.0029634576213076105,-0.009396308362952199,0.07307661782132002,3.0015991352287767,0.0006500246879275692
2023-12-20,0.002087572600654743,0.026754106012010975,0.07243914621736827,2.9119297903325583,0.0004403477793663753
2023-12-21,0.008081897196110225,-0.0032667481992427866,0.07212226976379646,2.905419377398617,0.0016935247049126322
2023-12-22,0.005941832844632829,-0.005264373849573696,0.07573300956677506,2.7656415140591593,0.001244519000099975
2023-12-26,0.0020738035523236737,-0.010346912600262145,0.07528253875339312,2.6223241523577663,0.00040940038373866165
2023-12-27,-0.00540811853994373,-0.014964151154834564,0.07426333541120751,2.862564377152617,-0.0011496771920472032
2023-12-28,-0.0004646326434700331,-0.013147235000715627,0.0733722298381865,2.796233540874626,-9.532676984023559e-05
2023-12-29,-0.01337863256519413,-0.026105364283879204,0.07552993032106944,2.8371515755764474,-0.0028669053102717665
2024-01-02,-0.006529415604145935,-0.019477719011780602,0.07575833737494664,2.827203208283575,-0.0013984977521918828
2024-01-03,-0.010230947660695352,-0.022823970875469494,0.07474553502845559,3.018260029757443,-0.0023081167374086387
2024-01-04,0.005426712086145191,0.13850708329466446,0.07375490050187308,3.3342640753454345,0.0013345278928882653
2024-01-05,0.01357038724233901,0.00337492454845523,0.0743631866990064,3.2618313191991697,0.0032916354550627334
2024-01-08,0.0012779239194152005,-0.011391273465725684,0.07354077785260146,3.056953150847539,0.0002872909869369036
2024-01-09,0.008656402295693496,-0.0024814741040577446,0.07282024412996393,3.2015034868556125,0.0020181039910422837
2024-01-10,0.0006939388628125022,-0.01158700625475651,0.07217497772544451,3.1645431508511472,0.0001584962132237239
2024-01-11,0.0023022926246310626,-0.010185590411801289,0.07174842724964292,3.0128934811804253,0.0004976874456263051
2024-01-12,-0.0038255191933447845,-0.01670268927997828,0.07503043262166281,2.8971271117044752,-0.0008315634380675562
2024-01-16,-0.03950616190548767,-0.03091173418575252,0.07536167433983042,3.659061584610844,-0.01089394296135897
2024-01-17,0.0012225185680137703,-0.011411451250516394,0.07418768832158658,3.418462592597204,0.0003100402901647099
2024-01-18,0.0005414883351173018,-0.012073953039320202,0.07327848746494271,3.3013210327190645,0.00013099459023178402
2024-01-19,-0.00877235102272827,-0.01921786780973543,0.07302124016267295,3.480675670381802,-0.002229609281652151
2024-01-22,0.0029217763901732406,-0.009363957269804738,0.07297583110459517,3.2797698780101645,0.0006993094516344935
2024-01-23,-0.009044635214065094,-0.016899369640463086,0.07254100455794109,3.643377607065007,-0.0023904452757926905
2024-01-24,0.000935569880515877,-0.011535371890524277,0.07201936981930712,3.4193351957852904,0.00023039191005599653
2024-01-25,0.0010654363899587982,-0.011581638469967221,0.07155950540648759,3.222456151605615,0.000245686827725282
2024-01-26,-0.0014778186769707064,-0.014238481692860194,0.0734920401292262,3.066541450287547,-0.00033305065634655734
2024-01-29,0.010596155400984877,-0.00024784959089930357,0.07294809766875868,3.12112457896208,0.0024125337279077685
2024-01-30,0.001099211478167546,-0.011553810613611135,0.07226705692414183,3.1203435665158015,0.0002478700406261444
2024-01-31,0.0013266864150607725,-0.009382784722067416,0.07173268089077683,3.0029072347574974,0.0002857769919120113
2024-02-01,-0.0014094007165022739,-0.01422941858281546,0.0716796161371474,2.9294321693781162,-0.00029594677060269423
2024-02-02,0.010134116637394967,-0.00026600990030526577,0.07575257507596815,2.810403489387204,0.0021575058151663755
2024-02-05,0.001049428209847764,-0.01125234992380565,0.07459722215772097,2.6623402183572304,0.00020841978461941084
2024-02-06,0.0033333395206044795,0.08090139254111685,0.07372451626785542,2.6569408957192877,0.0006529401529370375
2024-02-07,0.003611696638166376,-0.008590862678056307,0.0732392603545515,2.556523596138061,0.0006762464840716796
2024-02-08,0.008181658944846478,-0.003146827742056382,0.07274771078796267,2.5708893601092075,0.001530185528253756
2024-02-09,0.01567262821230184,0.0059027006323617345,0.07384311526582303,2.554603800547332,0.002956483064192878
2024-02-12,0.009205702824346502,-0.0018901969685547837,0.07313192139889949,2.637912104936428,0.001775923506252354
2024-02-13,0.00093054774728651,-0.01155330708074506,0.07241145928624945,2.8209387806184703,0.00019008140050900686
2024-02-14,0.002368187756640231,0.030538387735743355,0.07319156985348357,2.687718710952512,0.00046586599218993697
2024-02-15,0.012483972723409849,0.002000028788624132,0.07281582851008397,2.755519428466211,0.0025048520771867883
2024-02-16,0.003758474221564372,-0.007965155004903806,0.07546516511912117,2.6189093244026527,0.0007428114070939301
2024-02-20,0.0015840008692604491,-0.011047734359668441,0.0742895191935706,2.496433489620031,0.00029376696954191566
2024-02-21,0.0014193411249962774,-0.011243687100336974,0.07335839421478713,2.3767537415607567,0.00024746899180884884
2024-02-22,0.0008091621762105543,-0.011617407564034139,0.07259761497785432,2.360910337147392,0.00013868753228798026
2024-02-23,-0.004673192130373032,-0.01749886109502895,0.07281765135043376,2.3715939998224003,-0.0008070317979208354
2024-02-26,-0.002993971506325159,-0.015568539285562566,0.0725320528486333,2.3915119761095185,-0.0005193381089305978
2024-02-27,-0.006702494698843862,-0.01984615283900683,0.07201235889802676,2.6713851558100012,-0.0012893773142553626
2024-02-28,0.005735414528836689,-0.005965987249655004,0.07156961030513762,2.7910432308207955,0.0011456712847505387
2024-02-29,0.0049955688419470665,-0.006480867549927848,0.07119448667774049,3.1549781818905798,0.0011220899470364414
2024-03-01,-0.009693360747770286,-0.02271080094566001,0.07321860854579433,3.141789412361683,-0.0022298359797882357
2024-03-04,0.00886494931112948,-0.0022492024027447716,0.07359305218530283,3.0420093574641296,0.0019846028810647782
2024-03-05,0.0076794987290168554,-0.003420575338905207,0.07280444528660085,3.362443596212135,0.0018799477460139983
2024-03-06,-0.006065212592736617,-0.01304346404416461,0.07224245521981189,3.8617548423055696,-0.0016920890896084469
2024-03-07,0.0054167280102459135,-0.006457184501020213,0.07187509342265047,3.7489551498144498,0.0014595725799233955
2024-03-08,0.005782775372281609,-0.005911768377835834,0.07245916754925395,3.5558082516465985,0.0014899373131635944
2024-03-11,0.0034479798119225412,-0.00881582111332987,0.07197415014202266,3.420417389145131,0.0008488293065624329
2024-03-12,0.0010531193785488938,-0.011541338918698789,0.07150308265299689,3.4879422930013275,0.00026264652609289717
2024-03-13,0.0004665479743702671,-0.012261373600792935,0.07122268084297488,3.3314493106060934,0.0001107000544453886
2024-03-14,0.002035364956194614,-0.0104976532300048,0.07092370406235109,3.225161961205965,0.0004655702603543835
2024-03-15,-0.010254309405723206,-0.022687513320065276,0.07218434978979427,3.265428133801852,-0.0024170720500117245
2024-03-18,-0.007368306785563501,-0.018722710221099025,0.07217542496264884,3.3802083251523456,-0.0017976308659804425
2024-03-19,0.00022670282052726973,-0.011150257195259127,0.07166918320527085,3.470978509079064,5.63950911719583e-05
2024-03-20,0.0016143361025660447,0.0035077992743317173,0.07126435524285035,4.154517406115671,0.0004779548824794091
2024-03-21,0.017610754440767325,0.008142086830020762,0.07131595060215698,4.316195372986608,0.0054208293006319875
2024-03-22,-0.00972011599463252,-0.021989948762185834,0.07224517671118767,4.3238318029655,-0.003036330882736521
2024-03-25,-0.006780459478243564,-0.01921494340429462,0.0725515722170671,4.297255497106749,-0.002113961769123508
2024-03-26,-0.0017113293162862272,-0.014603980151735583,0.07197493362105317,4.455410776653896,-0.0005487854826344926
2024-03-27,0.0015083569243270333,-0.011137648703617966,0.0715402529143651,4.132679432038777,0.0004459501468510413
2024-03-28,-0.003980291917798313,-0.01687465634359523,0.07486096546949221,3.916343555103445,-0.0011669469982159863
2024-04-01,0.004537516121728585,-0.007491433727713591,0.07413520021014613,3.7237827240027532,0.001252642027309336
2024-04-02,0.0010272136902151326,-0.011368684939425357,0.07320328517016497,3.619465911029434,0.0002721672473950732
2024-04-03,0.001062280358775658,-0.007860712337055126,0.07246741299731677,4.080490082804737,0.00031411902159361217
2024-04-04,0.0012755720287780366,-0.011418799571188477,0.07188968922087954,3.800960549937354,0.00034854989445243565
2024-04-05,0.023523711810004608,0.015383852187460514,0.07477316384803029,3.7277732574677613,0.006556938281653618
2024-04-08,-0.0005952516478708085,-0.013426727469481701,0.07406964969284643,3.561855766565708,-0.00015704250938956168
2024-04-09,0.0010624394525853794,-0.011548660981685409,0.07314933330260237,3.6036136625992206,0.00028006109753971894
2024-04-10,0.0014031420400073104,-0.004800846329402243,0.07242507684343524,3.7114298109017603,0.0003771654071604302
2024-04-11,-0.002575875646529802,-0.013376723798287107,0.07246743044265476,3.5474069187054433,-0.0006621841238781575
2024-04-12,-0.00152942233349454,-0.014444568496679475,0.07291046474606783,3.3871888847255467,-0.00037770845772932697
2024-04-15,-0.005347336236051837,-0.015187673319802725,0.07240053647007985,3.627709416202256,-0.0014044677446538767
2024-04-16,0.0015155696828972115,0.0003494697224473626,0.07183726405415074,4.041786051719157,0.0004400469484638031
2024-04-17,0.0012810542561774159,-0.011412542891020958,0.0713958907468432,3.7576966894720565,0.00034368649111784496
2024-04-18,-0.0029880448450852813,-0.0136626341299214,0.07113900081701795,3.9301083642654557,-0.0008354094765912328
2024-04-19,0.01536917951744559,0.00555223178550228,0.0726089722528909,3.818725459547397,0.004261469746191711
2024-04-22,0.0026717448982653377,-0.00968287840461261,0.07250577662719945,3.5809200288604,0.0006936848660730239
2024-04-23,0.002765060829905204,-0.009569069116433168,0.07192810339002273,3.5774737558661567,0.0007115079473532357
2024-04-24,0.0007108121909110528,-0.012024191253249132,0.07155523236691158,3.39035348541682,0.00017244128284311965
2024-04-25,-0.003976168463718831,-0.015015981541737323,0.07133640970406116,3.527807418748352,-0.001000646990521677
2024-04-26,0.0013458268858581226,-0.01125162532417657,0.07150811965158548,3.294538887931304,0.0003170583509023881
2024-04-29,-0.0011957355344586983,-0.013940082377112799,0.0713940663252992,3.2110135897863334,-0.00027411916335613306
2024-04-30,0.0012692729544450715,-0.011425449378145417,0.07105746196812843,3.0159435679819464,0.0002720119154200678
2024-05-01,0.0015722736572121574,0.002300092615492452,0.07078615418535998,3.412188517079314,0.0003797602222847371
2024-05-02,-0.011061142530768406,-0.020440526832830087,0.07111619250322096,3.6565707473025113,-0.0028763548694731218
2024-05-03,0.007211599074823048,-0.004044562653854586,0.07300576895533986,3.4667037730385273,0.0018251791003695607
2024-05-06,0.017233714266795864,0.007667438365676739,0.07281875453092014,3.567952527433723,0.004477557813267363
2024-05-07,0.001498072665044574,-0.011153259333791705,0.0721738783148271,3.36109835573795,0.0003634077159304435
2024-05-08,0.0013463692733686186,-0.008215555726903691,0.07165956394538452,3.2886609755697274,0.0003172907838867497
2024-05-09,-0.0011368356702658386,-0.01333274819826898,0.07134591188944853,3.2902673001016924,-0.00026686890051517184
2024-05-10,0.012400313279208005,0.0019417393887698569,0.07205336596358003,3.2275653179881156,0.002883778973607172
2024-05-13,-0.007536449864043745,-0.018024641986011596,0.07193769328477048,3.406400208443799,-0.0018467962876861132
2024-05-14,0.006014413134288642,-0.005739985738200736,0.07163611173456859,3.3477900507204468,0.0014423925690585664
2024-05-15,0.0005249270880980604,-0.011483629010951011,0.07124682414596845,3.3495921748616664,0.00012527269717228735
2024-05-16,0.017894184866169855,0.008481599102423163,0.07130336975563101,3.522824839277175,0.0044948274502853965
2024-05-17,-0.0026943409729850367,-0.015605071937733535,0.07164612730462303,3.421520817427672,-0.0006604872867476685
2024-05-20,0.006172928789436615,-0.005551006658322836,0.07150258121399197,3.3317334496209363,0.001470561649762646
2024-05-21,0.011142591566983506,0.0004527088420601909,0.07129504781132383,3.462768293148881,0.0027508632950306406
2024-05-22,0.0007096391457004799,-0.011608729351628424,0.07098013884904013,3.402476634125697,0.00017138371808840275
2024-05-23,-0.0006428761705275302,-0.013098167451936229,0.07081490538319286,3.352012641952961,-0.00015260109684121195
2024-05-24,-0.010859496057843428,-0.02387178260016778,0.07325855694702944,3.3348875587966096,-0.002653073166869533
2024-05-28,0.0025637607154990806,-0.009851095594742358,0.07276493215945588,3.155612858296183,0.0005886854940262212
2024-05-29,0.0023396193466159007,0.033959038506387255,0.07272832295326799,3.0031525472066125,0.0005110062009721796
2024-05-30,0.0024194798234038993,0.041795256780724224,0.07216933762347481,2.947138759502437,0.0005146065482738939
2024-05-31,0.0038750784756530956,-0.008276262411347735,0.07202054302860117,2.8260619177411237,0.0007887122140530519
2024-06-03,-0.005582699864404665,-0.01855610657664887,0.07278495483689996,2.8047325429965446,-0.0011396653662256815
2024-06-04,0.006598782270141186,-0.005026696157039443,0.07258625070734394,2.738620947697678,0.0013117470283092096
2024-06-05,0.006254781701726256,-0.005452754326607249,0.07216111489691525,2.7208348206550403,0.0012280542952006776
2024-06-06,0.0016146392502237382,-0.011012830782305265,0.07165813911126304,2.6102077572566666,0.000302006372797623
2024-06-07,-0.00037069667561211785,-0.013199388664693976,0.07162590377454871,2.527586649291439,-6.711117753112382e-05
2024-06-10,-0.0077782457011349735,-0.019534493709248906,0.0718971758511901,2.625387630001494,-0.0014682057606812949
2024-06-11,0.001323067363710678,-0.011320673973615084,0.07169897042615965,2.486819144041079,0.00023590604961443767
2024-06-12,-0.00032721552554415263,-0.01035544994730625,0.0712962112834462,2.7164658305322655,-6.337304866218876e-05
2024-06-13,0.005882134713409652,-0.005821673103932803,0.0718137652522101,2.623033463608432,0.0011080171830686735
2024-06-14,-0.0020870269181652076,-0.01363312216367704,0.07146869941959781,2.720243492842126,-0.0004057436293123672
2024-06-17,-0.006606173780928336,-0.019602186975247442,0.07259988173339545,2.711115056107767,-0.0013002709386072814
2024-06-18,0.0023266615616303653,-0.01014613031317109,0.07215696902804439,2.591353699965605,0.0004350490174755589
2024-06-20,-0.0051622352020432635,-0.016968033307838436,0.07201236838453172,2.679104066193771,-0.000995942959874697
2024-06-21,-0.0004500905882656888,-0.013248123399452662,0.07178716097931967,2.6064810706483637,-8.421729443403807e-05
2024-06-24,-0.0070902418454285125,-0.020133155434156235,0.07310208005741649,2.6011298007884136,-0.0013481952988873755
2024-06-25,-0.01105446501911957,-0.01468307478490101,0.07254942187347937,3.1868611184743103,-0.0025558468301277526
2024-06-26,0.0037523857012718605,-0.008450170164991853,0.07204140456361743,3.097244624919323,0.0008372692701353608
2024-06-27,0.0027489879024511633,0.056070998813863224,0.07162814350141182,3.074465789937743,0.0006053773787994158
2024-06-28,0.003586615513502567,-0.008635041402577813,0.0714825123295668,2.9456772199818664,0.000755213573028257
2024-07-01,-0.012149832030220582,-0.024611244256825628,0.07314750257312123,2.9979902027493606,-0.002664403442231981
2024-07-02,0.010960899677544106,0.00017672057177344047,0.07276794852341233,3.027658923773503,0.0024148673685126156
2024-07-03,-0.0006027414364564589,-0.013223353461314714,0.0722554785966043,2.9721950120902467,-0.00012944316754047019
2024-07-05,-0.00865012848028982,-0.019278393702990743,0.07222832748003791,3.138199367251676,-0.0019606977345290153
2024-07-08,-0.02716198413610853,-0.028667274432203353,0.07295534227778246,3.6422752399950813,-0.007217575775055245
2024-07-09,0.0001192002868232492,-0.012628309138976009,0.0731068381752729,3.4305517919462982,2.9895049863272237e-05
2024-07-10,0.00038960396566881794,-0.012365243230832672,0.07241063470206471,3.3188704652690424,9.363021601357875e-05
2024-07-11,0.0014971677850589488,-0.001118302845862128,0.07186555264411815,3.153954235429698,0.000339349044495583
2024-07-12,-0.0008106392253753689,-0.01364930201106039,0.07178601271525799,3.0446556000507696,-0.00017717629680523076
2024-07-15,0.0070224352709460265,-0.004151969869378173,0.07433772025116515,2.9040756857713643,0.001516019940791395
2024-07-16,0.03823999193466578,0.032638006389924416,0.07401296608378771,3.3684382445083343,0.009533539945330769
2024-07-17,0.0015657367691350869,-0.011071758581334037,0.07311290461237233,3.192714681918029,0.0003654878108701135
2024-07-18,0.0013663164192787083,-0.007153394575403195,0.07239652879810107,3.1599543570685733,0.00031257183370415003
2024-07-19,0.0007657438713000034,-0.011967999052699936,0.07192189469764079,3.0083969455040234,0.00016568370150910674
2024-07-22,0.028860966051950033,0.021611046828423647,0.07409348785487949,3.0465286622845036,0.006514726252806903
2024-07-23,0.0042150393624544825,-0.007888086692727165,0.07342041549641115,2.936893316036878,0.0009088802021921168
2024-07-24,-0.0019757594888815833,-0.013499311364146121,0.07272474859745755,3.0308742775367667,-0.0004354960566947106
2024-07-25,0.0008576786606688268,-0.01163194721737007,0.07209985236090073,2.961559884314008,0.00018313843514331042
2024-07-26,0.0012636894292519124,-0.01143177847731977,0.07160159649452241,2.8113519046628546,0.0002543772507894742
2024-07-29,0.022618019142759554,0.01419778637885128,0.07352508686100821,2.8184750938025034,0.004687101031772967
2024-07-30,-0.004495774639944005,-0.017172677003787346,0.07337285164196479,2.8221748404121643,-0.000930944621830388
2024-07-31,0.0008127643223932555,-0.01161949307576189,0.07260901495988058,2.7791261858495115,0.00016400739954196026
2024-08-01,0.0014352397092608313,-0.003442363126642987,0.07200086064795608,2.896273845418842,0.0002992965782744594
2024-08-02,0.003446515130537852,-0.00879519460451947,0.07182146152654097,2.7756674147771765,0.0006870713746149382
2024-08-05,-0.0625965473358982,-0.05106129227889638,0.076674975203336,3.33076644795233,-0.01598630905520797
2024-08-06,-0.01092410902264796,-0.014342881222681274,0.0753683039882947,4.059886380850501,-0.0033426326264253334
2024-08-07,-0.0028353345462432387,-0.014971360015748085,0.0744435451930231,3.9293670215550422,-0.0008293807525909368
2024-08-08,0.00020428812967042255,-0.012241343715019379,0.07348054158178087,3.8245674277322403,5.741135577657039e-05
2024-08-09,0.004518923162391114,-0.007169039540668044,0.07269381223133312,4.155542988718034,0.0013650865295293591
2024-08-12,-0.0012651064410989861,-0.014165281683134816,0.07289623212418753,3.9382740999354517,-0.0003631935165207338
2024-08-13,-0.0068236101440844405,-0.019227997917230268,0.07305925535811769,3.9353499147193935,-0.0019618816342267045
2024-08-14,0.006107382527168151,-0.0055847616081613725,0.07300778161530463,3.748936464472882,0.0016715999706119174
2024-08-15,0.0024892088190297686,0.042181973287638785,0.07233296324826032,3.814094319219028,0.0006867347383418943
2024-08-16,0.002196743113241972,0.030958242936652825,0.07180501809446928,3.7818768950686623,0.0005965425927354102
2024-08-19,0.009798526695660429,-0.0010867305915984113,0.0728561701984991,3.6251941191271486,0.0025879649196665195
2024-08-20,0.0027252181197596043,-0.009672572138684048,0.072356724599826,3.431494565865028,0.0006766490596330608
2024-08-21,-0.000722606121037386,-0.01355879239353852,0.07216673300523262,3.296100554264013,-0.0001718854571401201
2024-08-22,0.008040563003157345,-0.0033163000611943503,0.0719072154914949,3.2681054505634703,0.0018895352235223557
2024-08-23,-0.0006914355183274105,-0.013367350691748055,0.07161069100099784,3.1877699158163555,-0.0001578397982685968
2024-08-26,0.03165019504183625,0.024828988805188457,0.07296477340414392,3.3020856389824043,0.007625669190044712
2024-08-27,-0.0014185131959775794,-0.013894890824953628,0.07244138924202838,3.26824448907421,-0.0003358417530353873
2024-08-28,-0.005375450501363226,-0.013202252160989105,0.07195654847962824,3.687533985671233,-0.0014263339588359146
2024-08-29,-0.00041993216052720327,-0.01313860692264905,0.07164837618297983,3.5567060027468353,-0.0001070122403732137
2024-08-30,0.0014361493894177368,-0.011227467201205295,0.0712562606430367,3.3416345639571796,0.0003419649541233518
2024-09-03,-0.0006614562953959932,-0.013504153737647474,0.07177416484886365,3.1821448905287855,-0.00015107383442449111
2024-09-04,-0.011902584577299334,-0.023196151040185152,0.07249280331804031,3.3033386911607763,-0.0028502914804568198
2024-09-05,0.0035039849042219056,-0.008658225096797464,0.0726554969588779,3.127647344370708,0.0007962482351229893
2024-09-06,-0.005454503548219063,-0.016361695849292736,0.07229164465987982,3.277774817581703,-0.0012924758830796595
2024-09-09,-0.020776118723861235,-0.029140820496651107,0.07349536935618538,3.528432791180603,-0.0053877352262890685
2024-09-10,0.003085406713730051,-0.009157795100885867,0.07270627420021625,3.570687779688627,0.0008010067713104545
2024-09-11,0.00492895226033723,-0.006983724267609526,0.07272643644261353,3.3962930209421116,0.0012174526304442228
2024-09-12,0.002005322818754876,0.022528288225431545,0.0722477948832226,3.2360669590586104,0.0004688418718881475
2024-09-13,0.001717423228154937,-0.010887511378283877,0.07172526659271455,3.0960180755499254,0.0003813756766033647
2024-09-16,0.028255634832277225,0.020897506558252905,0.07394734639933376,3.125121867349915,0.006529720935312361
2024-09-17,-0.020876064233405957,-0.029719818114864786,0.07504265131206687,3.35041836587431,-0.005248749360244227
2024-09-18,0.004885863095815567,-0.007082176015755871,0.07400393851551398,3.3058690989490933,0.0011953133784277177
2024-09-19,0.009086216978109832,-0.0020270451231760795,0.07391009685614963,3.213785638709101,0.0021582600934330755
2024-09-20,0.006190657676947276,-0.005522640961175835,0.07338473242167193,3.1213208627948714,0.0014180153099141895
2024-09-23,0.0032984428779615905,-0.008753621929096398,0.07432061209825683,2.9508233235513286,0.0007233715977244598
2024-09-24,0.0016214709901742474,-0.010931191530344324,0.07384005868924742,2.7842815668601895,0.00033336067627049115
2024-09-25,0.001872762173049561,-0.010697025273652494,0.07297649157089638,2.702908742148223,0.00036940008577282475
2024-09-26,-0.0013198225284877594,-0.01334902820133046,0.07237539043043777,2.7491730502963154,-0.0002626083522507085
2024-09-27,0.002542408794745213,-0.009854761099803697,0.07182559872511855,2.754989865802459,0.000503088792751377
2024-09-30,0.005416620297197412,-0.006376989785751201,0.0722139264635353,2.6533745394773454,0.001037881831936142
2024-10-01,0.0014482657630856242,-0.0022363521239296942,0.07169089436236399,2.9322214400853763,0.00030444512724090057
2024-10-02,-0.0048046110414646445,-0.013845820562099657,0.07138246813956244,3.2293982194756854,-0.0011075705428725316
2024-10-03,0.001759134013873676,0.011434582115002367,0.0710872372169171,3.094544470035361,0.00038697890370847845
2024-10-04,0.001163731436528442,-0.01053709969224153,0.0710913032913302,2.9105595508031876,0.0002407940392070835
2024-10-07,0.008596599435640452,-0.0026230865948080576,0.07147316795019386,2.8483521407894377,0.001750102168637528
2024-10-08,0.0009105063243683339,-0.01124510164123564,0.07126689907323992,2.699917526135881,0.00017519484663216118
2024-10-09,0.000745869248440551,-0.011996087519535464,0.07110995693043386,2.581117855380817,0.0001368992133713142
2024-10-10,-0.0013584427599664338,-0.012310532158735687,0.07086554537100125,2.7276424787635283,-0.0002625813776252304
2024-10-11,0.0013273503658180683,-0.009303345851850744,0.07063620733085152,2.6555767909876593,0.00024898421276950823
2024-10-14,0.021455888155192063,0.012738206951765115,0.07196323380096757,2.6949178123245003,0.004161047682308638
2024-10-15,0.012136766401106622,0.0016585655134590221,0.07165809601223116,2.8593993359386833,0.0024868126599830224
2024-10-16,0.0011971839118209528,-0.011492721418137508,0.07125567967769762,2.783586438092349,0.000237457051511935
2024-10-17,0.002409370005945264,-0.010057696068689007,0.07102983937782177,2.670164153850584,0.0004569643221037043
2024-10-18,0.001708575318734212,0.008982830735802673,0.07083763331256966,2.566226817321139,0.00031059410632007945
2024-10-21,0.008970939103482243,-0.0020969766151664724,0.07187037325019098,2.5042471636788806,0.0016146001908794092
2024-10-22,-0.002058691338857276,-0.014303113885688331,0.0715854049406302,2.5422444968192,-0.00037465629952867114
2024-10-23,0.0016380332067561848,0.005534673982227064,0.07135862948732286,2.4325533221924815,0.00028433581761963804
2024-10-24,0.004737197473167146,0.13505520829741188,0.07130255518306847,2.4691549693808033,0.0008340170524691115
2024-10-25,0.003689021677498795,-0.00850597163236413,0.07101435929055212,2.4716405096899416,0.0006475043418492761
2024-10-28,-0.010711854892586888,-0.022271277128392282,0.07179024757911229,2.5838268546121452,-0.001986980201000661
2024-10-29,0.021838400807846287,0.013145313487288644,0.0721969537234436,2.6958388085708735,0.004250437424700963
2024-10-30,-0.0009062879379786757,-0.013777013908767973,0.07169706387732669,2.768949934915132,-0.00017992133885752054
2024-10-31,0.00023724958272405649,-0.012546680784211143,0.07153674483881751,2.6600610736711547,4.514672376029445e-05
2024-11-01,-0.006419889692574288,-0.016671540318945067,0.07141530644343401,2.851037293253485,-0.0013071389872660066
2024-11-04,-0.006143452890435206,-0.019181584135881353,0.07259071999678379,2.824678796111227,-0.001259687170409638
2024-11-05,-0.0068124161400856306,-0.018238138030662418,0.07245015833174585,2.9391915767750763,-0.0014506692403600183
2024-11-06,-0.000617600508231854,-0.013305062599222858,0.07194806032179782,2.8734367746121805,-0.00012768161886741726
2024-11-07,-0.014857732067099413,-0.027357296604180164,0.07176197727441165,3.1948371666269186,-0.0034064000216437575
2024-11-08,0.00266432259763758,-0.009730919882298123,0.07158968470504433,3.0315830591123527,0.0005782381341459895
2024-11-11,0.006572806157839568,-0.004679827728919529,0.07419496042126074,2.8888364109325257,0.0014087962315865947
2024-11-12,-0.0037365702583738473,-0.01643230241784415,0.07326566758380862,3.354886380201981,-0.0009184414601728345
2024-11-13,0.0016157279700727727,0.0045759526141215005,0.07259009538373502,3.178636409680094,0.00037280906508210777
2024-11-14,0.004610716273824939,-0.007416110529224119,0.07207320110042488,3.1282843066201527,0.0010395572837290968
2024-11-15,-0.0001529330920709525,-0.010612335198266903,0.07158919633877063,3.331055128104225,-3.6469581245355096e-05
2024-11-18,0.005873698215074472,-0.005888124177055075,0.07129033710053034,3.3279263039246136,0.0013935289576522392
2024-11-19,0.0005295620738426641,-0.012228646174026797,0.07112960569598112,3.163184988375952,0.00011914940183440101
2024-11-20,0.004304306301929494,-0.007788914449348976,0.07100470869597951,3.0631869416916078,0.0009361896185163079
2024-11-21,0.004923385211369164,-0.007048353722002861,0.07090745787131823,2.9899921143273334,0.0010438203881580736
2024-11-22,-0.0028033096480743155,-0.01571928899984538,0.07074218526671863,3.0443329773718113,-0.0006037285239654216
2024-11-25,0.003364680746981555,-0.008833602493385901,0.0712005786249689,2.8931690961871595,0.0006931084660030927
2024-11-26,-0.01563178267211127,-0.01917240205218131,0.07127068013751788,3.425146685039394,-0.003815914076111394
2024-11-27,0.000705686214295264,-0.011602847234703976,0.07096100963862635,3.3692233423041444,0.00016871792300653639
2024-11-29,0.0059537762367215565,-0.005791813441762026,0.07079976503804307,3.3663367189943623,0.0014189983126093285
2024-12-02,0.009633373088005598,-0.0012393358993657727,0.07234343910333088,3.2349941097378654,0.002254504077812598
2024-12-03,-0.0027046841220291612,-0.015313520486439306,0.07213964696319689,3.2053613201042683,-0.0006254139384178879
2024-12-04,0.0011003378791224286,-0.011551923966199232,0.07207908403017801,3.012754128209214,0.00023894558643363972
2024-12-05,-2.6224371252850102e-05,-0.012827272770747935,0.07160450818812637,2.977694671742785,-5.5914650475014966e-06
2024-12-06,-0.0035603558823249434,-0.015595183742519062,0.07146743366509696,3.0306996162263684,-0.000771159995465396
2024-12-09,0.020223736778074354,0.01133419185313592,0.07314942584568064,3.016650296076732,0.004462695895630734
2024-12-10,-0.006146379068357298,-0.018016514519107556,0.07292770146723253,3.0941045600684727,-0.001386905443538965
2024-12-11,0.002214547979830281,0.032573590069450535,0.07232271056117956,3.01137904200138,0.0004823088291132846
2024-12-12,0.004909530252827023,-0.007000326800038015,0.07181372521215328,3.067558768255064,0.001081534276326423
2024-12-13,0.0008906481938048279,-0.011640665333158606,0.07138580500564203,2.9853273748829072,0.00018980603467700345
2024-12-16,0.0045255033218395,-0.0075018210857221435,0.07141264737612854,2.8730937568821497,0.0009285211909828428
2024-12-17,0.017184145741562115,0.007602022317508825,0.07172825168679953,2.943038408347462,0.0036275559763624004
2024-12-18,0.0011835437843575073,-0.011449570006365295,0.07132998124233156,2.782248300813078,0.00023488339990864002
2024-12-19,-0.0015853200594137316,-0.008945702716158622,0.07100929635812879,3.3047871321534767,-0.00037202802359266677
2024-12-20,-0.006845843668960665,-0.018332254531384373,0.07121702961345852,3.4080621437482908,-0.0016615688372389572
2024-12-23,0.0013198386070624086,-0.011253822323370966,0.07158411081224367,3.1874666250475236,0.00030115016726544225
2024-12-24,-0.0014004400047028381,-0.012334625940749338,0.07123738291904876,3.3361898687585714,-0.0003328305813891262
2024-12-26,0.010389339383800237,-0.0005087161570124938,0.07129923904131727,3.325710373643486,0.0024635265847797153
2024-12-27,-0.004449297731817144,-0.0160725346736782,0.07123479498399755,3.4112984996111155,-0.0010811933607780709
2024-12-30,-0.004159225667555219,-0.016738758471022977,0.07143586604256214,3.393092591723228,-0.001008148503379906
2024-12-31,-0.004486297345812761,-0.017211100938953165,0.07175150759680907,3.36098900766482,-0.0010818976497619576
2025-01-02,0.0017747971154287987,-0.0108201392966174,0.07136779966443331,3.1776197109113,0.0004024880052074211
2025-01-03,0.005608864110766929,-0.006209619737591965,0.0711171148734308,3.169510877509878,0.0012642742552536588
2025-01-06,0.005143449820120212,-0.006747192016074038,0.07134311249893369,3.0424505933559423,0.0011164263907580602
2025-01-07,0.009748827816128963,-0.001268444238780811,0.07126810310645111,3.0688463467499587,0.0021321744947758086
2025-01-08,-0.007408864238984395,-0.015281352532348611,0.0711136593165059,3.4384401053155496,-0.0018116159151318186
2025-01-10,0.003224112707193796,0.07533243838051289,0.0709028873598969,3.4547285799820986,0.000789747153575528
2025-01-13,0.00016148832353001256,-0.01262764645009713,0.07092069800837997,3.2867259096923473,3.7642426903027295e-05
2025-01-14,0.0005983863671527401,-0.012153450976728099,0.0709379936760042,3.1123808215327555,0.0001321153629969572
2025-01-15,0.0020670851031860324,-0.010458603571415079,0.07070141073955297,3.0265035999156007,0.00044231088942678473
2025-01-16,0.006463410956992636,-0.00517313810196379,0.07059765612275082,3.060621199901657,0.0013965665467615433
2025-01-17,0.0010213754090625585,-0.011618563936924075,0.07043571952391302,2.9433383345599315,0.00021174762098118255
2025-01-21,0.025155819437654853,0.017123838279222536,0.07180653513178667,3.010622446003154,0.005438244575705957
2025-01-22,0.006537716623811153,-0.005090984591767535,0.07188108156390505,2.9216460738342045,0.0013729929271624126
2025-01-23,0.003606705717711247,0.08935234460204494,0.0715025920164321,3.004080485851785,0.000774718734000682
2025-01-24,0.001327836395759472,-0.01135156573491347,0.07117122050774831,2.828671922333468,0.0002673200671834872
2025-01-27,0.004609002440673333,-0.007299841689526066,0.07191342546616518,2.7060219026517123,0.0008969086689612985
2025-01-28,-0.006622637002043902,-0.017673569682360172,0.07182502484846176,2.8458477800265927,-0.0013536874507111731
2025-01-29,0.0008649337127708269,-0.011638315549425137,0.07139458858185561,2.78627683835624,0.0001720570154024686
2025-01-30,0.0011655674601047756,-0.011515546244044111,0.07104956680519028,2.7442744849126237,0.00022726177614500239
2025-01-31,0.0012265468954528872,-0.011469597277113207,0.07077997300480307,2.6445220946350227,0.00022958406968154256
2025-02-03,-0.009188424141213052,-0.020878053346127842,0.0714083723419915,2.7469292468423245,-0.0018023438193222306
2025-02-04,-0.0010080310315305826,-0.01360642936104852,0.0712165982456336,2.7203967652911527,-0.0001952933146986427
2025-02-05,0.000920512424632134,-0.009085934099662437,0.07091062277953832,2.971883147818743,0.00019398702543825514
2025-02-06,0.0013674863648193462,-0.007052931939874984,0.0706714196369186,2.9611965661054827,0.0002861765588824536
2025-02-07,0.001000008442998854,-0.011719185539683357,0.07057548806610348,2.80913335431538,0.00019825763139840046
2025-02-10,0.0006397622081576162,-0.012074240600402943,0.07092190273284317,2.670541917791789,0.00012117090729354011
2025-02-11,0.0020710786619503687,-0.010466129069997027,0.07071906890276025,2.568929116136629,0.00037625757257333587
2025-02-12,0.004289976778729279,0.11826644415129635,0.07068331496514146,2.6251393902202533,0.0007960204393564694
2025-02-13,-0.002972075739015125,-0.01496862352972335,0.07077722183595853,2.5912983553846676,-0.000545093249373848
2025-02-14,-0.0020618931954421754,-0.01465123429486885,0.07082358588849941,2.589837336391429,-0.0003781956809588915
2025-02-18,0.0063977402153454115,-0.005023501350701788,0.072657415551508,2.491604523407086,0.0011582055927546009
2025-02-19,0.00022820701116898261,-0.01123838746503477,0.0720478918617795,2.5876965949121273,4.254647801842494e-05
2025-02-20,0.0035703321257050595,-0.008654580374367376,0.0718121922147155,2.4997209064863792,0.0006409118844753409
2025-02-21,0.002999837224906507,-0.009347022998963528,0.07141480668033467,2.461351926481117,0.0005273023038927033
2025-02-24,-0.009803765033360883,-0.02120569257020582,0.07190202924346821,2.5813803261349992,-0.001819642354846188
2025-02-25,-0.01459467395431978,-0.019050038534521002,0.07181712217190866,3.0349740626770587,-0.0031811004230552086
2025-02-26,-0.004465094592239676,-0.015091805500423848,0.07154060002272442,3.208500057997196,-0.0010249089687883609
2025-02-27,0.005949963142212166,0.15025743112040313,0.07123661349136444,3.5893116230157966,0.0015213484843108968
2025-02-28,0.0012721726453783016,-0.011339794980373208,0.070946705053576,3.3497048346486533,0.00030233249187478016
2025-03-03,-0.00048357773698338465,-0.0133051427377173,0.07153824553508793,3.1840908371397667,-0.0001101514028289708
2025-03-04,0.005415837752860433,-0.006450615339628103,0.07146420205989898,3.0832001075059408,0.0011933172172457868
2025-03-05,0.0016936812733349279,-0.010913681966598015,0.07110915191622919,2.9653032791698615,0.00035712997432859803
2025-03-06,0.006222225950893206,-0.0054656251929221375,0.0709156076476827,2.9926063067829536,0.001320496313859507
2025-03-07,0.0010169990764185095,-0.011620072206429887,0.07068386321121405,2.8822433221875903,0.00020719128214380524
2025-03-10,-0.019653757990543072,-0.02807368746366704,0.0720030424833325,3.1241598578895586,-0.004421093500477497
2025-03-11,-0.012229125309250685,-0.014717819919130423,0.07169076423697232,3.869580334663735,-0.003392520436323738
2025-03-12,0.006111136355205452,-0.0055998903095178095,0.07137024802758325,3.8507949666204464,0.0016795369993240989
2025-03-13,0.0004142199989423932,-0.012124803961468745,0.07110320044980897,3.6404797051875515,0.00010722074657256979
2025-03-14,0.0026664782406873614,0.049076347408044695,0.07084286342776115,3.734043966819538,0.0007053644670056566
2025-03-17,0.014954508222567605,0.0050298523277989195,0.07212245788462107,3.6445837910653203,0.003930887312510749
2025-03-18,0.0013510613392636994,-0.011328810789479,0.07162844059133076,3.406366116739801,0.0003296490946092089
2025-03-19,0.0020642929029252534,0.02531283811349266,0.07125335943800418,3.362586432474404,0.000494595454776811
2025-03-20,0.0010821232855945182,-0.01153966038833404,0.07093912987557822,3.394771390465918,0.0002605992330078775
2025-03-21,-0.002181886129050272,-0.013635126220111309,0.07078268717615753,3.4875138013459788,-0.0005386108060779939
2025-03-24,-0.0003839551651847573,-0.013167763233709771,0.0716156633830765,3.3006130227452597,-9.075762916281459e-05
2025-03-25,0.005887753776155814,-0.00587223199220129,0.07131290522535287,3.297441136157682,0.0013845059318009461
2025-03-26,0.001284860069142769,-0.0114079039408743,0.07098573535337767,3.0909806525597463,0.0002819182589379023
2025-03-27,0.0013277852633916745,-0.009310407952331115,0.07073009760808975,2.982508789454498,0.00028010046763057004
2025-03-28,0.0014956733421102426,-0.011143824579445651,0.07061962177275274,2.815064914370649,0.0002973380947969581
2025-03-31,-0.009954068317657327,-0.01987232103275493,0.07095351987188009,3.0187010707935773,-0.0021320366734690764
2025-04-01,-0.0008095948668064292,-0.012437057894096848,0.07074342437824954,3.0944523905570134,-0.0001772301599516466
2025-04-02,0.006463879862594025,-0.005202441332177754,0.07072111792742146,3.059408806264799,0.0013985561446420171
2025-04-03,-0.000567537290020765,-0.011504903280151083,0.07054199642333218,3.2080307148669975,-0.00012843419452892717
2025-04-04,0.0012673513779515575,-0.011427768284695999,0.07038374963792349,3.0319601134098364,0.0002704536984924886
2025-04-07,0.005496112730824519,-0.006171901524645475,0.07177415803079025,2.8927055183041785,0.00114111118587136
2025-04-08,-0.009065542767743675,-0.015164034560107691,0.07151175316618102,3.361910071807384,-0.0021795022845023508
2025-04-09,-0.003586668860034988,-0.01363618786688285,0.07123002382779169,3.5932277631816145,-0.0009179924691450463
2025-04-10,-0.004658477404895842,-0.017719353900548764,0.0709938154698113,3.763631282077558,-0.0012447197493651281
2025-04-11,0.0062378464502070565,0.18630389635698838,0.07101862507349248,3.84798535523375,0.0017046701272700076
2025-04-14,0.01754397302753488,0.00807289385368756,0.07201613206705078,3.8040187026890817,0.004806183924629982
2025-04-15,0.00332088170588288,-0.00896260832916631,0.07170084841759536,3.613867784601821,0.0008604981875906791
2025-04-16,0.0013372520990688804,-0.008802078720533716,0.07128917388088672,3.479138204145937,0.00033167180262218374
2025-04-17,0.00157459888814006,-0.011050388861006817,0.0710561450194049,3.263173406296806,0.0003650999181660995
2025-04-21,0.006080543730657333,-0.005444909169587983,0.07254554332008115,3.1051732271070547,0.0013697426757804097
2025-04-22,0.006256856377172061,-0.005448700232698539,0.07211391301621141,3.0734471659728504,0.0013867590207095023
2025-04-23,0.0009485036376335027,-0.011552125204550515,0.07161259929260341,3.2473873992755813,0.00022057817511039017
2025-04-24,0.0012639071183425433,-0.01143154282438631,0.07122008827730024,3.0688367930679696,0.0002762431132433536
2025-04-25,0.0012798874148854092,-0.011413784477708577,0.07091316137390201,2.8918907481988025,0.0002624704994072905
2025-04-28,0.004215984697482111,-0.007796196610229095,0.07151384762055717,2.762632521649593,0.0008329372614106922
2025-04-29,0.0015569281964086595,-0.011071196470563488,0.07123309376060852,2.619421533222699,0.00029050645319718383
2025-04-30,0.0026400885549573453,0.0511165721415224,0.07108388557531183,2.566544321173981,0.00048165760508614295
2025-05-01,0.0006581965848577319,-0.012087298541561296,0.07105943937955794,2.4575546661841603,0.00011494248668665037
2025-05-02,0.004421826180177706,-0.007637794778477928,0.07085536403641768,2.4554544123117856,0.0007693186765575618
2025-05-05,0.002026473498643879,-0.010511441436912617,0.0707312726361655,2.355172328465844,0.0003375787423347779
2025-05-06,5.6037331441181296e-05,-0.010977756843805201,0.07053999196944266,2.4922436764037457,9.85152251320115e-06
2025-05-07,0.0011755118607578658,-0.0115045616475098,0.0703821914539879,2.4668846098465718,0.00020409794695702463
2025-05-08,0.0016457031027216644,-0.010965593282541356,0.07034942658922624,2.3546176826897134,0.0002726041424302662
2025-05-09,0.004384250354004902,-0.007395303565034962,0.07024225268622178,2.582204684102197,0.0007952147763916183
2025-05-12,0.001077732524317618,-0.011588131679033178,0.07052455116023301,2.453636118603443,0.0001864925452648084
2025-05-13,0.0009758111462238637,-0.011737279472374101,0.070409685493126,2.3603995962838638,0.00016217492682330653
2025-05-14,0.0012110673723308586,-0.011481299128073493,0.07028061011176198,2.3088440554860585,0.00019651623160848157
2025-05-15,0.0025095657363643814,0.04527735158415134,0.07034201604569482,2.2677102895866867,0.000400314165378495
2025-05-16,0.0013352161959085955,-0.0113425975695642,0.07026594461058523,2.164753486134562,0.00020309766404156355
2025-05-19,-0.0009597718047851086,-0.013812767261571884,0.07122060230451117,2.1057254784306254,-0.00014393797271432856
2025-05-20,0.0011916400713921128,-0.011473441366279693,0.07091344148090935,2.11660760562024,0.00017886032423942167
2025-05-21,0.0026033071859154298,-0.009826442874576808,0.07071113167183678,2.0834018032717445,0.0003835184316492556
2025-05-22,0.002807247184621575,-0.009519663344327344,0.07052427418918047,2.135989385260742,0.0004228811923763532
2025-05-23,0.0046221349385363745,-0.007403829762901,0.07045938630595006,2.1401506805459745,0.000696988845706071
2025-05-27,-0.030896063702060866,-0.03253402597582075,0.07208941730892066,2.498462006927005,-0.005564772533525679
2025-05-28,0.0019082095513200423,-0.010655265288089058,0.0716024296960599,2.437138721063956,0.000332992210671484
2025-05-29,0.0019949978300516434,0.02224536168906967,0.07123279459072582,2.4337462363866447,0.0003458579025684801
2025-05-30,-0.0058736284345007345,-0.017364023459826905,0.07129144630026774,2.545633710979225,-0.0010659573010876227
2025-06-02,-0.0033663555097068684,-0.0155036138310786,0.07122456329994414,2.6011508703817445,-0.0006236706638074544
2025-06-03,0.003763204994034352,-0.008437935155336451,0.07101311351364836,2.5479350916727426,0.0006809022840048339
2025-06-04,0.00040816263930529273,-0.012349531027358038,0.07089137506542893,2.462339132021156,7.124830172469558e-05
2025-06-05,0.0008785760324876152,-0.011654340707841666,0.07066509137214584,2.4219137385487586,0.00015036368038247078
2025-06-06,-0.009305309403049416,-0.01860571444869068,0.0708535915329758,2.6496700134980085,-0.0017469661026430273
2025-06-09,0.0036871348767708863,-0.008511549420549987,0.07066621449771418,2.6380847868558703,0.0006873684611658076
2025-06-10,0.017759097185948772,0.008317192538585122,0.07085420357913623,2.8003822265326983,0.0035237396829078567
2025-06-11,0.0014054863494687888,-0.011259189546340103,0.07066673359458683,2.6500499918856284,0.000263205958236702
2025-06-12,0.0013732374017299406,-0.006708443473752959,0.07048106547987346,2.669402923671345,0.0002583641286990015
2025-06-13,-0.0027975362575609966,-0.013725134353569791,0.07042617298635526,2.8184231664895067,-0.0005552850908185017
2025-06-16,0.0007749703717948352,-0.011829490583234457,0.07134671028469183,2.6701146604892494,0.0001476348759707987
2025-06-17,0.001267770012190756,-0.01142643928877584,0.07101199857642099,2.554771663304957,0.0002299981278380789
2025-06-18,0.002577449935738825,0.045895370483592934,0.07077147865858521,2.649673221401827,0.0004833267416043812
2025-06-20,0.0013955308960357487,-0.011214393314873124,0.07093423037249057,2.5098421601767775,0.00024845155957128694
2025-06-23,-0.008155716270836935,-0.020812742151745826,0.07195679052885123,2.5502323234776214,-0.0014966272178116849
2025-06-24,0.007366403368695327,-0.004118936239643985,0.07186097932077615,2.522613620191643,0.0013353630776083282
2025-06-25,0.0014916033717512365,-0.01116102511718282,0.07142274843124272,2.4157461119483776,0.00025736009249516343
2025-06-26,0.0012141240778727473,-0.011479339443788596,0.07107158540499693,2.3563388400464276,0.00020332782602040662
2025-06-27,0.0005663972596181511,-0.012167607205355726,0.07088578946258262,2.2870941049776983,9.182572341391987e-05
2025-06-30,0.001135187080528786,-0.01140956367437762,0.0716942078021103,2.1824944080891844,0.0001776252285525978
2025-07-01,0.0012911257922443259,-0.011226608398152723,0.07128382826764411,2.0926204469393728,0.00019259722999921658
2025-07-02,0.0020622834435519437,0.024434636958630334,0.07097386763476468,2.1580599436683494,0.00031587141882419696
2025-07-03,0.0012733125831203963,-0.011331163271185702,0.07072059726586084,2.2120510264473165,0.00019919392606462731
2025-07-07,0.005350645892232849,-0.006449311993347586,0.07137310286052026,2.151558973146399,0.0008216635889026466
2025-07-08,-0.003620939551543454,-0.016064033455240222,0.07140778926079308,2.1952868641819805,-0.0005676205906340183
2025-07-09,0.0022689103705843213,-0.010214346328656412,0.07122248134267171,2.118324605718566,0.0003423158048544139
2025-07-10,0.0024751529435695467,-0.009945569221371034,0.07092362107247487,2.1377644808172973,0.0003752777339975314
2025-07-11,0.0009990711485106342,-0.01154273986693456,0.07068154937534196,2.270030476136192,0.0001603002376380457
2025-07-14,0.006200756546283908,-0.005507355943198495,0.07086531845584311,2.2388707815658226,0.0009838014360266996
2025-07-15,0.006951640545723143,-0.004619978077543345,0.07089532255956678,2.238421899752566,0.0011031811602977967
2025-07-16,0.00352915234679351,0.08675274791481304,0.07073255186302002,2.321890761954956,0.0005796041905046848
2025-07-17,0.0029918583071269515,-0.009340652833240069,0.07078819680987002,2.2431036134198346,0.00047506299933497344
2025-07-18,0.0017289645972003171,-0.010874677644378612,0.07061496152599782,2.1601953769174393,0.0002637399137020029
2025-07-21,-0.005302496606245099,-0.018079458935527336,0.0712863576059717,2.188124684442275,-0.0008271016545578061
2025-07-22,9.504883352734211e-05,-0.01259142349429244,0.07105638948975891,2.1578965607378837,1.4574059916292705e-05
2025-07-23,0.0011356323356449178,-0.011535858506760003,0.07078527738643141,2.1703009400216002,0.000174461919635739
2025-07-24,0.0013633392544098986,-0.007326105550092701,0.07057359550174287,2.183102269923352,0.00021004882893467983
2025-07-25,0.001322920671342694,-0.009566233298038388,0.07040842817748286,2.1372523116151503,0.00019907386446656254
2025-07-28,-0.0030073452715147983,-0.01597060554844691,0.0711248334619931,2.1224426386098414,-0.00045398396789396
2025-07-29,0.0014518008722947142,-0.011195534691731015,0.07093020661309964,2.035132187799273,0.0002095708626616862
2025-07-30,0.0010685859193618648,-0.01164308386251305,0.07077532233511895,1.962428703776948,0.0001484175269393806
2025-07-31,0.001993372095292135,0.02045964777752065,0.07099797736895237,1.905070529812456,0.0002696158438215029
2025-08-01,0.004172227947021762,0.10862338564163254,0.07081556431210054,2.0361889773862307,0.0006016097003768053
2025-08-04,-0.029661893639863757,-0.038691311459569847,0.07514178452245768,2.204647729981562,-0.0049138238468220755
2025-08-05,0.008722983035541067,-0.0024350994617934637,0.07500989988483388,2.1742925418030676,0.0014226615360874637
2025-08-06,0.0038566487727556007,0.09894769575171104,0.07430439143490326,2.16605075552619,0.0006207163709268876
2025-08-07,0.0026905991116151686,-0.009715094626245766,0.07348914883315637,2.102189449909636,0.0004156655805612513
2025-08-08,0.003719167279883553,-0.008469494735606098,0.07273068849489724,2.1217550933404152,0.0005739296539453913
2025-08-11,-0.0025990479415480515,-0.015552902394554226,0.07292442607432775,2.102383454398536,-0.00039847331273721665
2025-08-12,0.004175869073943473,-0.007940980471053405,0.07233832057007446,2.096455207758082,0.0006332874526546594
2025-08-13,0.0034352456869251305,-0.008831033124779968,0.07187669631107357,2.0691816853818783,0.0005109101563291527
2025-08-14,0.007657566528160534,-0.003762701252995716,0.07158801305364565,2.1198431389877457,0.0011620767522294805
2025-08-15,0.006683121199570594,0.16185620806424722,0.0712735092224574,2.4902110925735803,0.001186161005746587
2025-08-18,-0.0017596987596812795,-0.014407793736789227,0.07120875792251992,2.4826745412498172,-0.00031109392419374033
2025-08-19,9.208438261095054e-05,-0.012334084912599094,0.07094318322193433,2.475280100704629,1.617040891839501e-05
2025-08-20,-0.008827313204016552,-0.018440082879304008,0.07106706869163096,2.6905255613134194,-0.0016878508276573407
2025-08-21,0.0022407571223999985,-0.01026276846038454,0.07083248560604474,2.5965694184384907,0.0004121233348045907
2025-08-22,0.006675175403080365,0.1965362196143466,0.0712299440610437,2.6359136368964866,0.0012533041055241502
2025-08-25,0.030033300399617855,0.023000087011977314,0.07355944065114495,2.693492924549704,0.005950552857044294
2025-08-26,-0.007031585747137047,-0.012852528406187901,0.07283858745484544,3.2078382086507724,-0.0016429609762317278
2025-08-27,0.0007834900118786795,-0.011910574522625691,0.0722016285413178,3.064284935477521,0.00017334431530554553
2025-08-28,0.0005763459965933305,-0.012156068734868429,0.07176888628779018,2.936905828114008,0.00012148132182878813
2025-08-29,0.00170827958805099,-0.010899145560247573,0.071350685168016,2.81964864959313,0.0003436782867474414
2025-09-02,-0.019842253837440694,-0.028014862524762155,0.07250238452753648,3.0689736446692457,-0.004415058377299487
2025-09-03,0.010147346419575407,-0.0007515485531646024,0.0728310210251662,3.0008691411087316,0.002217767132737224
2025-09-04,0.0022743200112526167,-0.010197365834988245,0.07240969097204028,2.84792101278095,0.00046900363272554243
2025-09-05,-0.0005343012380815441,-0.013236894669927517,0.07200531732769484,2.7876401370872026,-0.00010724756935145812
2025-09-08,-0.000501750153982487,-0.013071135464185694,0.07416621680319127,2.655713306235798,-9.882682211320624e-05
2025-09-09,0.005708736320865131,-0.006059881034246148,0.07387806781160824,2.5734959081155417,0.0010853729518885316
2025-09-10,0.0026798586747501887,0.050007918404518424,0.07341638989706802,2.494138415354217,0.0004907106326451444
2025-09-11,0.002196721080571032,-0.010291995428272954,0.0726427556973481,2.473876073845412,0.0003947709336609905
2025-09-12,0.0040762846270820975,-0.008061812359850932,0.07218696101603823,2.4199516169464963,0.0007120818937703626
2025-09-15,0.0022707272003541037,-0.010212787197141799,0.07183069603760496,2.32449482995207,0.00037914350586922934
2025-09-16,-0.00020616906043545075,-0.012951672590874081,0.0715516142224843,2.282032798346469,-3.366392958578294e-05
2025-09-17,0.0036934953252806876,-0.008518490700342088,0.07133390393525336,2.2310372605766893,0.0005878146013416435
2025-09-18,0.001078636200760665,-0.011588197638225514,0.07101055995468555,2.1682429682968927,0.00016607561743813272
2025-09-19,0.001256312058437773,-0.011439577128669562,0.0707494710752189,2.094864836483163,0.00018619873778079755
2025-09-22,-0.006362782158535847,-0.018935926505584184,0.07138782428383475,2.145566388861918,-0.0009745702677895306
2025-09-23,-0.003753181124713741,-0.013672518688435923,0.07113476896217673,2.3508496730135278,-0.0006276337767442869
2025-09-24,0.0029166695931935466,0.0632096846152191,0.07100719084166582,2.3315039790422176,0.000482864999461774
2025-09-25,0.0006256274191558803,-0.012087986178091236,0.07076772690584264,2.2735839866574086,0.00010066118113085979
2025-09-26,0.0015463972291930883,0.0014189193567235646,0.07055990153014999,2.6006410410737493,0.0002837654004902609
2025-09-29,0.0025799423055580116,-0.009732811805421916,0.07124012508854842,2.4784235214575343,0.0004555228736474741
2025-09-30,0.007718665263952413,-0.0036427421669668596,0.07101962268054571,2.575870545967118,0.0014120322017173775
2025-10-01,0.0013013533038353738,-0.010713836983916175,0.0707565931179193,2.4623857663700823,0.00022673482226634394
2025-10-02,0.01167045809447793,0.0010372496932453874,0.07081885280954592,2.5454516919415506,0.002103786433637054
2025-10-03,0.002817367613124158,-0.00956260722225376,0.07062761181248858,2.5080076395602067,0.0004990532570007653
2025-10-06,0.007347959935937117,-0.0040802112054428895,0.07129835166942997,2.4469208135494633,0.0012819355294623033
2025-10-07,-0.0020240835114871316,-0.014508215005995246,0.0711302699023387,2.4288753377344894,-0.00034969394205656203
2025-10-08,0.004487333998215865,0.11790588462807707,0.07091864001447593,2.596763899239466,0.0008263827810086009
2025-10-09,0.003238074731600015,-0.009067211842576792,0.07076736402236791,2.528118509655378,0.000579318390017383
2025-10-10,0.0006092188765995213,-0.011573716218757368,0.07056820314292428,2.541809271860612,0.00010927614614126272
2025-10-13,-0.043992776703633385,-0.03241266726995266,0.0719114972713117,3.283342829936346,-0.010387138860833022
2025-10-14,0.00019146294481808498,-0.0123933798250595,0.07152382285521236,3.1431432593343245,4.3042712192050606e-05
2025-10-15,-0.0018821509073275585,-0.014186076026754181,0.07130976240856078,3.1470087236650546,-0.00042237808580959657
2025-10-16,0.005319352904651097,0.1560035460003281,0.07125971283760789,3.192234366434985,0.0012100341869120937
2025-10-17,0.00033423366861271215,-0.011220045261201784,0.07095188446844404,3.264227256076931,7.740954547001074e-05
2025-10-20,-0.008432169390864396,-0.02136867830653448,0.0724643536324784,3.2473447566257057,-0.0019842306021576133
2025-10-21,0.00703215832949906,-0.004516266778879565,0.07205056073605716,3.2334418172488846,0.0016382910399832685
2025-10-22,0.0013739583446773268,-0.006698549931328659,0.07156296934992908,3.220852770784214,0.00031668886357862975
2025-10-23,0.00014092364798050575,-0.01254569276013196,0.07126920509599693,3.1159588316300404,3.1295183536211224e-05
2025-10-24,0.002070441389908936,-0.010453651126877484,0.07095989238967279,3.032211751811862,0.0004454873904402992
2025-10-27,0.0023934186051897226,-0.010076705401780711,0.07079836920007346,2.8960192457840286,0.0004907308494400274
2025-10-28,0.00981162897501298,-0.0011924152206961383,0.0710915026531667,2.870130242892242,0.002001983141248079
2025-10-29,0.0003813994931590797,-0.012195999871154509,0.07085136740573032,2.8083604752797697,7.588941414238417e-05
2025-10-30,0.00943264700995049,0.27853328392793597,0.07124418519301393,2.943047876038002,0.001977790713751727
2025-10-31,0.00311205669089987,0.07105413326823208,0.07100768231934367,2.9632204263424646,0.0006548122508838909
2025-11-03,0.0025245112328384422,-0.009920280301144722,0.07083584412410891,2.838471976447706,0.0005075922609053076
2025-11-04,-0.008462991469437693,-0.019518071283490403,0.07116849141873866,2.977582368450583,-0.0017933929051344962
2025-11-05,-0.00329495632204176,-0.011742981310564738,0.07091621269322819,3.3509011258437402,-0.0007829910705307331
2025-11-06,0.0012043417614513532,-0.011485808410092106,0.07067577208388601,3.233090225406396,0.0002751934749524856
2025-11-07,-0.0017980757844505073,-0.013577877769405276,0.07057802549812596,3.2927091549671386,-0.0004178600652025749
2025-11-10,0.008439618893128222,-0.0027558228324244616,0.07146210290619481,3.176051631623607,0.0019155177540223882
2025-11-11,0.004366925072515811,-0.00771154613773085,0.07119367404621714,3.110450425907606,0.0009670310752741681
2025-11-12,0.0051450073125998835,0.14738363685412834,0.07105282880842262,3.2201803457854994,0.001177192711162943
2025-11-13,0.0020313827966875176,0.02386907791262322,0.07080323338236057,3.1797938152019363,0.00045734488012794317
2025-11-14,0.0013844949086712227,-0.006058180468206851,0.07058757767699024,3.2037932911137665,0.000313100765401797
2025-11-17,-0.012768268476732132,-0.019098313757392658,0.07079111689077051,3.6252641912950367,-0.003276803747304552
2025-11-18,-0.0007776465724690287,-0.012462824533175943,0.07061727273238502,3.6757802778111945,-0.00020185650353268363
2025-11-19,0.0020052532056858466,-0.01053865510649739,0.07053198214664098,3.4590325745009967,0.0004892264849025477
2025-11-20,0.0006919899928528145,-0.011607686904655412,0.07038438143552003,3.402941310082072,0.00016574123521563919
2025-11-21,0.001533321517200977,0.0009516888341693996,0.0702609029151171,3.791554504016377,0.000408473851325039
2025-11-24,-0.005714209804704093,-0.018430537562181316,0.07101232728939877,3.7504291168324557,-0.0015218466399384751
2025-11-25,0.004914839693471596,-0.007050866082228601,0.07084206555637738,3.6710914548043356,0.0012781910623452495
2025-11-26,0.0013296488388177994,-0.00920291855717075,0.0706179154779524,3.519574560347849,0.0003304775956692853
2025-11-28,0.005050239044413547,-0.006886670972398889,0.07053189420068677,3.46397753046141,0.0012338789318403723
2025-12-01,0.002635283275784578,-0.009722634137002877,0.07088430876085203,3.2623234365135976,0.0006094027793442709
2025-12-02,-0.010746298451242926,-0.018281943480187145,0.07097764134534336,3.6288633262907095,-0.002767904315294597
2025-12-03,0.009301274653297657,-0.0017879797589568783,0.07090464713492385,3.662788409277715,0.0024156221316904295
2025-12-04,0.004931910509574043,-0.0070381306144129616,0.07083050325258707,3.5442903412775015,0.001238125893645989
2025-12-05,0.002488446754894352,0.04484861042180218,0.07068192026607499,3.458833836393656,0.0006083680406887925
2025-12-08,-0.008671065232782346,-0.02006998459912019,0.07115885517329949,3.568049878370412,-0.0022015691080544126
2025-12-09,0.0025197666549285997,-0.009925701614031758,0.07095717162867973,3.386170423358917,0.0006054320847154292
2025-12-10,0.0011906696540967601,-0.011496017050374053,0.0707077550764843,3.2811890193747244,0.00027624191979443673
2025-12-11,-0.0005076467139644206,-0.013343160770961848,0.0708855480036969,3.147392796800484,-0.00011325834913554241
2025-12-12,0.002065457232129186,-0.010439943507360811,0.07091030459531039,2.973399390757758,0.00043549062058683595
2025-12-15,-0.006698068448442983,-0.018424178597460067,0.07118129834008102,3.064254214161843,-0.0014609665704571411
2025-12-16,-0.008602888912055021,-0.017058938194333746,0.07113954217983338,3.376765140925474,-0.0020665991039614663
2025-12-17,0.001747874099331673,-0.010851025196350901,0.07085859185001347,3.2253770305510017,0.0003994690650955762
2025-12-18,0.0013811692779914428,-0.006298049121880342,0.07063080862774737,3.228289135109251,0.00031492962237013886
2025-12-19,4.477617633691988e-05,-0.012629819719620164,0.07054243945755072,3.129336595243207,9.88438737325092e-06
2025-12-22,0.005048458589532868,-0.006891695567784731,0.0704815679565254,3.0898865157604294,0.001099453546071414
2025-12-23,0.002037197627774773,-0.010492668805141908,0.07047709000105173,2.927278918731547,0.00042028629713578166
2025-12-24,0.0025813990358559153,0.048920554307368656,0.07040641392323903,2.892545714210341,0.0005257116477117942
2025-12-26,0.0013730290452478935,-0.011259989302997096,0.07053635453914903,2.7282052840418864,0.0002642224899488496
2025-12-29,-0.0012532273397228518,-0.01411608661709458,0.07165767441582066,2.625732367098569,-0.00023579958030579378
2025-12-30,0.0012991674622666364,-0.010800557618134707,0.07125521546901259,2.5195507358710345,0.00023324100329996712
2025-12-31,0.0004857155607414836,-0.01224949781747515,0.07096103253968264,2.461019851080212,8.482367025104917e-05
2026-01-02,-0.002264376687543877,-0.015005507528079573,0.07108281652153116,2.4502908055826724,-0.0003943945754742232
2026-01-05,0.008217056270491983,-0.0031053476931280017,0.07106462536454244,2.4653215523678425,0.0014396048607044972
2026-01-06,0.01041436619045143,-0.0004331511151611975,0.07095540658409867,2.5762283530428975,0.0019037183357941668
2026-01-07,0.001359632026136606,-0.007641979349677404,0.07077927804266057,2.4482948870181955,0.00023560865491739592
2026-01-08,-0.0015756177535532333,-0.012209016566478796,0.07060659610813731,2.619481327670721,-0.0002914146948451213
2026-01-09,0.001020858782082395,-0.011618777341486365,0.07044269330677289,2.538196851518543,0.0001825269188337164
2026-01-12,-0.0009501837249189085,-0.013793240062182088,0.07067965289749545,2.4792638074348803,-0.00016650402484483993
2026-01-13,0.0019124749394328153,-0.010655741979039459,0.07053038857941148,2.385248407157064,0.00032174043453979504
2026-01-14,-0.006371730457584854,-0.019187650813452455,0.07053626163783566,2.5068246388925552,-0.0011266623689778358
2026-01-15,0.00020015087549845565,-0.012569604750162175,0.07040013941952684,2.4731658752575703,3.4848513602620024e-05
2026-01-16,0.00137807672847321,-0.006477092064110592,0.07027318061150413,2.5009429389620803,0.00024219590303049823
2026-01-20,0.0005570000148847641,-0.012187588516916103,0.0705478361656689,2.3964638753005145,9.41693973708638e-05
2026-01-21,-0.007126004880565213,-0.0095832013509522,0.07042752078410872,3.241138097853997,-0.0016266197897338347
2026-01-22,0.0020988229519850027,-0.01042731122131763,0.07038384620638272,3.072561817542559,0.0004538887617983418
2026-01-23,0.0012552980677586528,-0.011149491632144381,0.07033423998485017,2.889179222341858,0.00025508689192331197
2026-01-26,0.0011156816499637197,-0.011563686318351151,0.07047772438925931,2.7304584326912504,0.0002146978683473439
2026-01-27,-0.00015885624546194095,-0.012421676058530258,0.07037277565105945,2.736368699672126,-3.059028961916006e-05
2026-01-28,0.002359863476868379,-0.010116470961398094,0.07034127885122508,2.624788162724834,0.0004357038499515905
2026-01-29,0.0012685247585206688,-0.011134011883704038,0.0703010629845889,2.4863247972538836,0.0002217270613974669
2026-01-30,0.004600848326212394,0.0919728853868566,0.07021716062844065,2.9753629780682647,0.000961216318349951
2026-02-02,-0.0011777825368531226,-0.014016615352943665,0.07050204225459347,2.8928128348416813,-0.00024020782114259968
2026-02-03,-0.01616631091200117,-0.018464017649473877,0.07068075369184217,3.500459583732951,-0.003999789780861072
2026-02-04,-0.0006205989517553447,-0.010819239599772238,0.07050502107226322,3.7371310026360134,-0.0001635194457579483
2026-02-05,0.005637814167188284,0.16261047636725628,0.07051656362140403,3.8790180535542955,0.0015421396299326665
2026-02-06,-0.012542382100796647,-0.017174774366105483,0.07062066325849313,4.504412130347345,-0.00398978909297847
2026-02-09,0.016667603373226057,0.007056320509349966,0.07070552063457596,4.724951970032983,0.005568316085346868
2026-02-10,0.0010967575452521603,-0.011600793422442555,0.07067512963518213,4.365409515084751,0.00033837809051277264
2026-02-11,0.0026387639315448414,0.051402391069241424,0.07056091876948085,4.240574019092873,0.0007895677741700562
2026-02-12,0.0023215925174242566,0.03613582486100436,0.07041930138134807,4.215558986129127,0.0006891803369624722
2026-02-13,0.0013371118879877747,-0.00876971586539141,0.0702881012752302,4.042889263136853,0.0003799630872073733
2026-02-17,0.015942012356535917,0.006203247364775217,0.07169828607089687,3.9429722728792074,0.00450687630456318
2026-02-18,-0.0012895218579711523,-0.013831905494950876,0.07145188417836516,3.8548277308943484,-0.0003551790719680318
2026-02-19,0.003267249510778487,0.0781207286171276,0.07125428004748069,3.767050894391743,0.000876990210790068
2026-02-20,0.0016846660067312857,-0.010927616708142188,0.07097727592924884,3.5357178759486594,0.00042277640775335314
2026-02-23,0.0034796877690488654,-0.008773219396655792,0.07088623194500415,3.376238290126975,0.0008327895348015492
2026-02-24,-0.000573114176362135,-0.00996267212979407,0.07066084716566587,3.7119590372425004,-0.000150322214871115
2026-02-25,0.001340340769108429,-0.00862278455507811,0.07047651063336545,3.5792136809222876,0.0003381016171720263
2026-02-26,0.0010301952960000995,-0.011566750826562852,0.07033272151072821,3.6436157011187937,0.0002640034182600961
2026-02-27,0.0013117462158065696,-0.010168411753372658,0.07022063443341231,3.4524796379367,0.00031801360118444524
2026-03-02,-0.004572885122395428,-0.016706600527912056,0.0705060090502786,3.4852963452063417,-0.0011237148875922896
2026-03-03,0.006206847082172437,-0.00549443096817667,0.0704603723706337,3.4693831391997905,0.0015172887696996828
2026-03-04,0.0012159602001507131,-0.01142572705191739,0.07032089024345198,3.3016660933758772,0.0002823168957771922
2026-03-05,-0.006511266020780094,-0.019332149827033504,0.07037321600320176,3.421371211698708,-0.001567736371943884
2026-03-06,-0.0005200084950718253,-0.012445736742524747,0.07029013343594144,3.4453988339321264,-0.0001259343800797345
2026-03-09,-0.010016531075974172,-0.019948245322788598,0.07070201179259553,3.6576305835889067,-0.002590293373213519
2026-03-10,0.0013325068903539017,-0.011345680671287096,0.07054798697342249,3.411753358524187,0.0003207241901706937
2026-03-11,0.0011953932941145015,-0.011492565630758945,0.07038843601026726,3.2993655164442854,0.0002776147658573054
2026-03-12,0.0012698851609707503,-0.01142504311445416,0.07026404309116602,3.109842879620953,0.0002774827768158806
2026-03-13,0.0008655201552139925,-0.011261464805096768,0.07032909579552454,2.9365893161489165,0.00017875386214340642
2026-03-16,0.0033507453915595357,-0.008848070956406807,0.07088624130737321,2.795153421956995,0.0006639097221990734
2026-03-17,0.008647279528714795,-0.0025081784222385725,0.0707442217115138,2.9244930298837963,0.0017890441645646929
2026-03-18,0.0013437846173961585,-0.008396999852550812,0.07054153122350686,2.8676224957171605,0.0002718294625753754
2026-03-19,0.006982146530932372,0.1970850045441293,0.07054488479058829,3.1195560859825147,0.0015365520826150175
2026-03-20,0.005246930625084557,0.1534561404530849,0.07066967359568545,3.156685968536294,0.0011704956047691134
2026-03-23,0.0026401707642700247,-0.009758281019042395,0.0707384648025112,2.996040778720522,0.0005595454494362576
2026-03-24,0.0023420834336349535,-0.010111662667045457,0.07079596998043879,2.8435596526162947,0.00047149082066842013
2026-03-25,0.0010041007184297115,-0.011624901005884215,0.07059043439413508,2.748572254112139,0.00019481854270172967
2026-03-26,0.0012333965671347171,-0.011462017630630815,0.07042155791350332,2.6472109880562225,0.00022993067843998788
2026-03-27,0.007121476671872047,0.20027450893378693,0.07045162051123798,2.900371125045136,0.0014551729594012455
2026-03-30,-0.013143599523350556,-0.021918398534671084,0.07097807542239462,3.1556923907572627,-0.002943968778065305
2026-03-31,0.001835831641449867,-0.010692782714762055,0.07109844150812124,2.9730111614112085,0.00038805159382414344
2026-04-01,0.0021750889206190605,-0.010323140631309019,0.07082645720944683,2.913401821071604,0.00044882074488334815
2026-04-02,0.001168428116273642,-0.011530872478176067,0.0706183596044314,2.7682098663944905,0.00022841185261907585
2026-04-06,-0.007340954855486234,-0.019803810214660746,0.07137241937989121,2.811322423977423,-0.0014729690742290775
2026-04-07,0.0050545281494811,-0.006882090704768054,0.07112393059104231,2.795890941483267,0.0010051169480218066
2026-04-08,0.001046428993378729,-0.011551318238815337,0.07083800449091565,2.877016412627342,0.0002132644279819473
2026-04-09,0.001340144472091505,-0.008593323169387265,0.07061471829577076,2.8179867796502567,0.00026667714778777794
2026-04-10,0.0022919188160820166,-0.010197395994523873,0.07053048645571813,2.696663581300547,0.00043591606976130725
2026-04-13,0.006823540186385937,-0.004749209864273259,0.07088744907381825,2.634162431745602,0.0012741532123450587
2026-04-14,0.0001640896215539754,-0.012614497605127836,0.07067274121844196,2.599969580166525,3.0150971969293765e-05
2026-04-15,0.000866413376873011,-0.011838789976500997,0.07052370404955459,2.5061476927394737,0.00015313234194365291
2026-04-16,0.0004959319687838864,-0.012024489845130047,0.0704428294306011,2.414619362056349,8.435436784335534e-05
2026-04-17,0.0010439157680655758,-0.011604601119619232,0.07032738541499588,2.315638115196889,0.00017000457887010893
2026-04-20,0.018413867068679843,0.009133358237897137,0.07172794549585183,2.3399302212747863,0.00309055375415763
2026-04-21,0.0004095309545192545,-0.011452900988606804,0.07131948633000376,2.3983261875176187,7.004920160958511e-05
2026-04-22,0.0010196166694083008,-0.011634716370535193,0.0710116305826785,2.302994280048271,0.00016674747698284872
2026-04-23,0.005182172605123805,-0.006726998976329093,0.07083948112224832,2.318002408023414,0.0008509442899186815
2026-04-24,0.0013318116685721384,-0.01135175133540267,0.07062439796609242,2.212542823153959,0.00020810823189711607
2026-04-27,-0.002919820848620723,-0.015543986670458894,0.07081932463244549,2.2333771115224654,-0.000461817139664343
2026-04-28,0.00094641872664654,-0.011765354375286932,0.0706391269924513,2.1611168760330193,0.00014447972390382074
2026-04-29,0.0013911293901773692,-0.005761134646600886,0.07045955351602799,2.21778687432062,0.00021738382274704297
2026-04-30,0.003101681952014061,0.07111359429042291,0.07048128754767466,2.2150957609562423,0.00048424327500817853
2026-05-01,0.0018991921995416342,-0.010671663997252312,0.07037389869877149,2.1427023107092658,0.00028637979068954586
2026-05-04,0.01062289249978797,-0.00022899174985916313,0.07068172673747888,2.175057653293191,0.0016331298256602488
2026-05-05,0.007430216106277629,-0.004047197925734604,0.07073271992832136,2.1905099664852554,0.001151243092403787
2026-05-06,-0.0004735554746382561,-0.013128934686479434,0.07060560579233661,2.1642642799708396,-7.236362877517343e-05
2026-05-07,0.0019542837022824833,-0.010605887028632558,0.07047130351347496,2.098210807257141,0.0002889675225929839
2026-05-08,0.0001958813780787126,-0.011184381423220622,0.07033729836527161,2.204517335481017,3.0373326050491255e-05
2026-05-11,0.0013053437241986677,-0.011239148233323094,0.07107523550866678,2.105436698007365,0.0001953373903577229
2026-05-12,0.0012024919786123456,-0.01146514742315235,0.07079985150600884,2.11104293967893,0.00017972628691027744
2026-05-13,0.002417265406393724,0.03989990533062229,0.07060574723397388,2.185159553112607,0.00037294736554587156
2026-05-14,0.004589191874474375,0.12897931813264266,0.07059485155466377,2.2673066188500552,0.0007345468508042185
2026-05-15,-7.489148570426812e-05,-0.012875931558975961,0.07044594238701145,2.2697294932159067,-1.1974641781905562e-05
2026-05-18,-0.011887389541660985,-0.02236229550961008,0.07115785531116861,2.4306088311006895,-0.0020560061811788007
2026-05-19,-0.003518771671618821,-0.013731381334994191,0.0709561082556179,2.6276083413915123,-0.0006560568984610678
2026-05-20,0.0013178921876972512,-0.009835755830541535,0.07070693708652884,2.5415182626947046,0.0002368291427790754
2026-05-21,0.0024903562252071025,-0.00996096041924638,0.07060195135457335,2.451129364709624,0.00043096739164664104
2026-05-22,0.0013016141224897262,-0.01138757144942042,0.07043905394462738,2.330172405544393,0.000213640615927215
2026-05-26,-0.0034342862149592803,-0.01371498214935472,0.07039316547450371,2.519835947412282,-0.0006091710403387605
2026-05-27,0.001376986643341191,-0.011298010037758684,0.07027628952738965,2.400312399141299,0.0002322770595671654
2026-05-28,-0.00211914211942619,-0.013651839095952393,0.07026625155969907,2.5010989430804567,-0.00037242407034673527
2026-05-29,0.0006385646684490939,-0.011587258199525698,0.07017730453452434,2.510041226220909,0.00011248184293909218
2026-06-01,-1.1925081284810771e-05,-0.01281778513961636,0.07047262810963198,2.4228284674648553,-2.0361252218356084e-06
2026-06-02,-0.002416699007573242,-0.012648134932238177,0.07038245658169356,2.622272109653972,-0.0004460306884167173
2026-06-03,-0.009382799925343908,-0.012767717496580382,0.07035649482947129,3.2882209361859527,-0.0021706891756729184
2026-06-04,0.005252521130144985,0.1369894042041566,0.07031250926314975,3.5695108114187977,0.0013182843818876225
2026-06-05,0.0015751894845359212,0.0026557923599192035,0.0702256715819889,3.397076074421292,0.000375780273067759
2026-06-08,-0.009945829203977824,-0.01879427265953778,0.07051319592541376,3.684302535451099,-0.0025838463287638984
2026-06-09,0.0035075913132232794,-0.008731000320254697,0.07040083498054855,3.5956778930615436,0.0008879071963321648
2026-06-10,0.0013785784803872342,-0.006399345241132862,0.07027370236984547,3.5843369025218452,0.0003472427231257438
2026-06-11,0.0013104602985840625,-0.010230828420541124,0.0701746175802873,3.3991831654841445,0.00031259245408476604
2026-06-12,0.005050626540203567,-0.006886996520883737,0.07018779882499704,3.349008934581953,0.00118719807935389
2026-06-15,0.0013434594407178639,-0.011250912593462606,0.07062246847222994,3.1353561808097417,0.0002974776468300598
2026-06-16,0.004682310607706333,-0.007289266620710315,0.07048592581843886,3.1622785878178328,0.0010436689324490494
2026-06-17,9.922982661811094e-05,-0.012587795854305544,0.07043015536696652,3.063404837677526,2.140943827818245e-05
2026-06-18,0.008442815881338009,0.23788500797874002,0.07139099277174128,3.084738028697088,0.0018592981074685728
2026-06-22,-0.012000284846749695,-0.02390585735817664,0.07253169257549477,3.169566808873259,-0.002758794029115847
2026-06-23,0.0006645473177170336,-0.012056875967481711,0.0719579103471568,3.0477905059564434,0.00014574362398497121
2026-06-24,0.000502719655607836,-0.011397069536995052,0.0714980936144205,3.0782729451521935,0.00011064389436451325
2026-06-25,0.00012995113849103288,-0.01104346534502335,0.07113894379901796,3.199427926824708,2.9577388980653045e-05
2026-06-26,-0.0016096877866760707,-0.013506134539810252,0.07093877976031956,3.245792593116959,-0.0003706347431974425
2026-06-29,0.0020227030757952393,-0.010448899722726708,0.07120213588628306,3.0554998863167753,0.00044005547465733016
2026-06-30,0.0013750765452361306,-0.011295394261027417,0.07093786601802632,2.877560916796933,0.000280691667343185
2026-07-01,0.001434218080162575,-0.003443274811824469,0.07069270712274021,3.004056047926749,0.00030457751373769957
2026-07-02,0.0008859398733273087,-0.011839768965557686,0.07050387031866634,2.9404059758811827,0.00018366419656386167
2026-07-06,0.014399970977462732,0.004371821717222677,0.07184452784657996,2.8978416648145364,0.002997988510711521
2026-07-07,0.013998269696388904,0.003801763954852799,0.07191416007605664,2.945413832847431,0.0029650709584646963
2026-07-08,0.003625694369254767,0.08895343115429878,0.07188317890477335,2.876360191745156,0.0007496555083007887
2026-07-09,0.0005407807821397681,-0.011449597074261105,0.07143971722499763,2.90119454989258,0.00011208250517081206
2026-07-10,0.0036070495118046488,-0.008621477122681093,0.07124754116665559,2.8008707545649942,0.0007198053222146032
2026-07-13,0.005985745710196737,-0.005746659496365829,0.0714436773410441,2.71830725403419,0.0011624669315254833
2026-07-14,0.007395531418902847,0.21909223066239886,0.07136348141512865,2.891916839133062,0.0015262694631720814
2026-07-15,0.008431819791037257,-0.0028281082160113427,0.07118490724552698,2.9396428832571364,0.0017644274826160182
2026-07-16,0.0006539160082226652,-0.012091677279193056,0.071144001245371,2.7963485595252475,0.00013009229060059806
2026-07-17,0.0028894740153229763,0.061965398235740474,0.07092661223043008,2.802429622803663,0.0005743316168597358
2026-07-20,0.0011790851266524631,-0.011421184812142764,0.07134746459968531,2.647894192082407,0.0002227533954530824
2026-07-21,0.004180911081299111,-0.007935534916988722,0.07110407785891648,2.609126965756182,0.0007756408131207882
2026-07-22,-0.004772919020033326,-0.015468653516952523,0.07144045072256179,2.572824748561386,-0.0008772804604701063
2026-07-23,0.001000817341975571,-0.011613381098023139,0.0710931441091869,2.5029653020798484,0.00017808911375422285
2026-07-24,0.006133115860265388,0.1825490955079874,0.07124437697375365,2.55959960603784,0.0011184170948843619
2026-07-27,-0.0021204139699382133,-0.01432115012646641,0.07109141596798023,2.6003590375628938,-0.0003919865245415864
2026-07-28,0.0005049754550060129,-0.012122035733891177,0.07085160072467282,2.5433104142015157,9.099537211353178e-05
2026-07-29,0.0015173812194792737,-0.011070367650676458,0.07099626494069776,2.4158807777674056,0.0002602589685429906
2026-07-30,0.0010366100425152252,-0.011588424169335637,0.0714055308303098,2.3023097699515556,0.00017041625626120171
2026-07-31,0.0025700089144522183,-0.009866772053812112,0.07109680664662395,2.2546962769201997,0.0004119768114868318
2026-08-03,-0.00940394595533012,-0.01855216816997292,0.07118566538224644,2.4822274145733734,-0.0016616679416835882
2026-08-04,0.0032775768312972263,-0.00900111404473275,0.07114487075146547,2.3958757924389396,0.0005586769779129808
2026-08-05,0.0017289786263595573,-0.010874218233885957,0.07086299169877582,2.3240336681355482,0.00028474199490151206
2026-08-06,0.0012395691720297124,-0.011455616213909144,0.07063421512537085,2.2539227047354164,0.0001973444463282272
2026-08-07,0.001325576286682569,-0.009403176767090918,0.07045568498962464,2.2115205042523183,0.00020654359803810111
2026-08-10,0.0056663321200758655,-0.006074284728777093,0.07116718109592049,2.1540520967186523,0.0008686363367959948
2026-08-11,-0.0016223934138665161,-0.013545284956358743,0.0709637436849255,2.2253842594721385,-0.0002562109608101602
2026-08-12,0.0013382971630301955,-0.008703769351889153,0.0707128925468966,2.20273653817665,0.00020845567158414493
2026-08-13,0.0005908308010268153,-0.012145027008607052,0.07060699318658643,2.143144554678746,8.940510348868075e-05
2026-08-14,0.0009456437685235749,-0.01177342058233568,0.0705984146521781,2.063194762484241,0.00013774084420125466
