date,rho_dcc,rho_adcc,sigma_tok,sigma_eq,h_cov_dcc
2023-01-05,0.008052988568675062,0.008052988568675062,0.03710706934549094,2.2315480172847693,0.000666837438589105
2023-01-06,0.008051724491850716,0.0030151358187293456,0.0465404013832077,2.364662633380998,0.0008861111865295069
2023-01-09,0.008054149204164994,0.003304242738496965,0.052825380456969516,2.27229292735408,0.0009667776927336417
2023-01-10,0.008053237059585511,0.003303288741802431,0.05704763914026722,2.1923098233381317,0.001007186948884736
2023-01-11,0.008051935642082033,0.0028975426263787383,0.06084651827705005,2.08655008033114,0.0010222681739492283
2023-01-12,0.008053790400333482,0.0033038664955384774,0.06313093451546152,2.0090631048689587,0.0010214947038074194
2023-01-13,0.00805502025381573,0.0033051810243842077,0.06797153164058907,1.9083016806746012,0.001044818192012078
2023-01-17,0.00805312047960266,0.003303164959643907,0.06843004123102815,1.7989741305043465,0.0009913703282155102
2023-01-18,0.00805342985547465,0.0033034898816195753,0.0690035405908441,1.7095397362850766,0.0009500171718860796
2023-01-19,0.008052642319181463,0.0031259173036827202,0.06922749237545799,1.7752721171015553,0.0009896507122391113
2023-01-20,0.008051960585937316,0.003132585034480425,0.06973973315756067,1.8358440129917668,0.001030902752569463
2023-01-23,0.008055333462081083,0.0033054889852725824,0.07002206831445316,1.8991990327958719,0.001071245322516786
2023-01-24,0.008052143209173574,0.003264437235394423,0.07005225555911017,1.9254053577475623,0.0010860649287000688
2023-01-25,0.008053068073187489,0.014488148879782453,0.07002319458368148,1.8673284056314436,0.0010529893873073317
2023-01-26,0.008052636663059018,0.003293575545073924,0.07083198664822896,1.7775133312625855,0.0010138656129402308
2023-01-27,0.008055765360630636,0.0033059366941595985,0.0714645448424672,1.7766828123453144,0.0010228391463858156
2023-01-30,0.008053499095219909,0.003303564322375531,0.0711431212964701,1.7604388512666367,0.0010086453111660613
2023-01-31,0.008053018797601869,0.007852102137081098,0.07085303779509965,2.092205423528438,0.001193772338954017
2023-02-01,0.008052963177535769,0.0033028859860283377,0.0706264962895221,2.0159257891014652,0.0011465629814998634
2023-02-02,0.008055252027567274,0.0033054002537372305,0.0708269865570253,2.035160777933697,0.0011611187055976066
2023-02-03,0.008057638036441776,0.0033078991023440807,0.07188467851421344,2.0736289738880775,0.0012010888669230857
2023-02-06,0.008054509364778136,0.1809271136203943,0.07204026331885864,2.2449130898257694,0.0013026085205540914
2023-02-07,0.008053554074986502,0.07606880291991404,0.07217526779767575,2.1935406606994796,0.0012750337250838828
2023-02-08,0.008052759673336555,0.003292826217248487,0.07168061641709456,2.119994993123052,0.001223717877652744
2023-02-09,0.008052540423987089,0.003159022133169258,0.07136309611443989,2.1550393064216586,0.0012384024236033104
2023-02-10,0.008052159043588332,0.0032592039719690786,0.07206998559668056,2.09448277141744,0.0012154681187183623
2023-02-13,0.008052998397406629,0.005020023541071734,0.07157804766352097,2.2377268680373645,0.0012898658290379523
2023-02-14,0.008053755549545587,0.003303832388838043,0.0714482213231895,2.138358614593195,0.0012304682325572098
2023-02-15,0.008052773447733648,0.0032930673726852453,0.07111057727202663,2.064883479253933,0.0011824294418380683
2023-02-16,0.008052942471886513,0.003292680155715794,0.07084766431566604,1.929331408953721,0.0011007456257559258
2023-02-17,0.00804844277480236,0.0026428753194347593,0.07213026328491727,2.259933767387279,0.001311973579383302
2023-02-21,0.008052550798669313,0.0032246654049266055,0.07178966437075508,2.2315670402741916,0.0012900464099232201
2023-02-22,0.008053723362529406,0.09568492261250197,0.07151801240549535,2.387123464518362,0.0013749503817783112
2023-02-23,0.008053002210342263,0.0033031479649294434,0.07140001718569093,2.196648139440292,0.0012630386238173521
2023-02-24,0.008054708809007969,0.0033048337250705714,0.07231955312354546,2.1013825966106845,0.0012240825577950036
2023-02-27,0.008052412436730202,0.0030732232933075782,0.07186370411826533,2.196606877495638,0.0012711240873557682
2023-02-28,0.008053338213986556,0.0033033928761527598,0.07150583277396388,2.0840117627595713,0.0012001003799839555
2023-03-01,0.008052994009596474,0.004121266946505624,0.07120883623031742,1.9319324122009316,0.0011078556907975748
2023-03-02,0.0080527334209516,0.003192162016155107,0.07094223021228296,1.948465229685968,0.0011131170111172942
2023-03-03,0.008051727353883471,0.0032445865666713898,0.07247053275942664,1.9178853474572455,0.0011191109770738094
2023-03-06,0.008054115991030274,0.003304209490108071,0.07205748749199337,1.9021653586661693,0.001103939474511794
2023-03-07,0.00805299284183157,0.003922643461722121,0.07156836393260942,1.814914959019837,0.001046007220770488
2023-03-08,0.00805388354846458,0.10865098743936143,0.0725490483241131,1.797845556956975,0.001050484011669194
2023-03-09,0.008052749746416149,0.0032253889318424227,0.0721147972012095,1.704237684139764,0.0009896890234544367
2023-03-10,0.008048370176304685,0.00280931476263431,0.07393830579255947,1.9274644410204373,0.0011470010429115946
2023-03-13,0.008050193702007763,0.0031306551048880123,0.07598345972830524,1.9856831019952,0.001214605755288888
2023-03-14,0.0080549920298722,0.0033051681592627543,0.0807399376063789,1.8787730266511447,0.0012218779875142873
2023-03-15,0.008052292423276859,0.0032751667143965544,0.0785120426576946,1.9007791065698347,0.00120167621250842
2023-03-16,0.008054735157305133,0.003304873817772357,0.07975992379035732,1.8106904255044296,0.0011632691232158917
2023-03-17,0.00805329822108262,0.0033033586624854447,0.07767473918646822,1.832491332869176,0.0011462926681905954
2023-03-20,0.008051058217620153,0.00322660296655447,0.07947497558152204,1.824486404854649,0.00116741159304721
2023-03-21,0.008053008275147043,0.0061159783217114745,0.0775001145387638,1.710565200234005,0.0010675792455252708
2023-03-22,0.008050231866506262,0.0025773430830059486,0.07812740240892341,1.6873409388753142,0.0010612424608839439
2023-03-23,0.008052034636723462,0.0031134543479737473,0.0766997437658821,1.759999276913331,0.0010869561818676588
2023-03-24,0.008058020231333977,0.0033083142807642275,0.07950857260465599,1.7409784737613048,0.0011154130249259788
2023-03-27,0.008052719042161363,0.003286821134436847,0.07781069119087473,1.675235340509582,0.0010496817494693611
2023-03-28,0.008053356612024559,0.05304226225117537,0.07626083863593529,1.6970443458037487,0.001042249507456551
2023-03-29,0.008053113257512836,0.020584037900773955,0.07490037545249217,1.7080718501095182,0.0010302768394217043
2023-03-30,0.008052958957308676,0.003302909876480605,0.07380462327396625,1.6750264205355692,0.0009955445864212925
2023-03-31,0.00805339161106378,0.0033034491864328756,0.07302638589693246,1.6181458388490415,0.0009516478845117927
2023-04-03,0.008053242605687254,0.0033032978401439303,0.07233650783273614,1.6228848798225632,0.0009454009516923695
2023-04-04,0.008053640436299032,0.0871649642965321,0.0723396729423131,1.6309600807507847,0.0009501936165574546
2023-04-05,0.00805302470780678,0.0033031618046432953,0.07230274075916283,1.52883271086654,0.0008901716485778545
2023-04-06,0.008047533364512376,0.0028209342354206367,0.07509133927430363,1.7325942974523234,0.0010470068347802838
2023-04-10,0.008053149407508833,0.0033031946750281304,0.07399450682188437,1.6491611657368321,0.0009827166990148603
2023-04-11,0.008052960411489795,0.0029651584457426484,0.07390385772073346,1.5439773138787167,0.0009188901321753126
2023-04-12,0.008052819091845064,0.003078424814823408,0.07302647496345216,1.635113268189088,0.0009615594110959467
2023-04-13,0.008052846693794146,0.0031492032132226654,0.07233676707826775,1.6884609485595905,0.0009835570301068705
2023-04-14,0.008056810767196425,0.0033070377208299054,0.07409519092362633,1.6737102057460536,0.0009991563414739305
2023-04-17,0.00805308302487641,0.01638017983865598,0.07343275042999148,1.588950513259913,0.000939641832656468
2023-04-18,0.008053122081686641,0.021856587166206837,0.0728080369550543,1.5303598224081711,0.0008972989508901892
2023-04-19,0.008052951635196755,0.003301970480524457,0.07224447800309111,1.4480426521172947,0.000842444118169113
2023-04-20,0.008052932375755523,0.003278425951680135,0.07172353722656628,1.4159960392299198,0.0008178577820897244
2023-04-21,0.008049746678667178,0.0030311789436436535,0.07362349170782885,1.5251688077568109,0.0009038919922110002
2023-04-24,0.008053157719005897,0.003303205065437765,0.0730522396182982,1.4437735617093417,0.0008493737295264851
2023-04-25,0.00805299777712016,0.004657018828720604,0.07234885042410827,1.435203558122884,0.0008361856619851912
2023-04-26,0.008050806794087444,0.0026513665601545313,0.07215998847216457,1.7019148308960441,0.0009887208268600104
2023-04-27,0.008053375980657786,0.0033034330454657437,0.07168657833402459,1.6663328857409554,0.000962005582091694
2023-04-28,0.008054164811559109,0.003304265545964597,0.07136649334558566,1.71058523874106,0.0009832401177874656
2023-05-01,0.008053024598082081,0.003303064471335765,0.07103588597819749,1.612291019403727,0.0009223171029893923
2023-05-02,0.008053208927169616,0.03193299956512389,0.07151515451695467,1.541759179105332,0.0008879399382383373
2023-05-03,0.00805250255797936,0.003195336133850664,0.07128751261871626,1.5694066736195762,0.0009009067232284496
2023-05-04,0.008052215886394657,0.00315559528902859,0.0712253172363731,1.6197881397069294,0.0009289835357012222
2023-05-05,0.008054551782020126,0.0033046815213714272,0.07358346546322675,1.5512326291571854,0.0009193873978629113
2023-05-08,0.008052735692130969,0.00329402266927775,0.07278425793048958,1.536325054952326,0.0009004591523285458
2023-05-09,0.00805259149475164,0.0032665533463277475,0.07221207995900668,1.5042212669591217,0.000874696214361326
2023-05-10,0.008053116153643774,0.021041174550968902,0.07184772256618582,1.4505870594793402,0.0008393068515134208
2023-05-11,0.008054839150576193,0.003304984467023059,0.07206023035743207,1.440322536652257,0.0008360115442417298
2023-05-12,0.008054197697960406,0.0033043016111684643,0.07306467908391412,1.3881677685231975,0.0008169053176501826
2023-05-15,0.008052997270897854,0.004703309782871967,0.07235848861235124,1.4473732435942532,0.0008433883133366491
2023-05-16,0.008052894930176907,0.0032927997864062256,0.07182448132252933,1.3884244392813716,0.0008030577556474256
2023-05-17,0.008052621404343352,0.003225194378472008,0.07154485591929646,1.344579870070818,0.0007746442465235971
2023-05-18,0.008053434733131954,0.0033034961151412272,0.07120435079524928,1.340949405802288,0.000768953479947486
2023-05-19,0.00805621478221088,0.003306410467374396,0.07140839537984069,1.4079016009002552,0.000809939562400758
2023-05-22,0.008053154804464287,0.02597193265476952,0.07107973872758933,1.4607217572240991,0.0008361407090576898
2023-05-23,0.00805257971147075,0.003167194924036758,0.07108546899623819,1.404901357104157,0.0008041956093093112
2023-05-24,0.008052619969391795,0.003082409401664129,0.07084532426251688,1.4925615477191527,0.0008514921431822678
2023-05-25,0.008052940757344208,0.0032659364448755653,0.07069374220543934,1.40997337517145,0.0008026872929167836
2023-05-26,0.00805651277049114,0.0033067204064138956,0.07176155189227737,1.4289842538978925,0.0008261641872935898
2023-05-30,0.00805580869283918,0.003305983557864435,0.07184521460584263,1.4765363573646673,0.0008545768734878616
2023-05-31,0.008053147803396162,0.003303195063659082,0.07141039881419989,1.4470271235837449,0.0008321541824085206
2023-06-01,0.00805257876396693,0.0031798923296817608,0.07115026203955079,1.4862371778537136,0.0008515293198896332
2023-06-02,0.008057778172005287,0.0033080620974340154,0.07484574426805925,1.4769658656094538,0.0008907439412206817
2023-06-05,0.00805341778309653,0.0033034779903423437,0.07415442047788233,1.4121262919388438,0.0008433169194508388
2023-06-06,0.008052773572443163,0.0032298772047777372,0.07337134876820245,1.3522076409109338,0.0007989422276183663
2023-06-07,0.008053104203027546,0.0033031478170120207,0.07263670313048398,1.2952405177528492,0.0007576521574454845
2023-06-08,0.00805120263197178,0.0024460901952171902,0.0721848450189646,1.624467690607471,0.0009440997082710871
2023-06-09,0.008057196855825035,0.0033074507506055317,0.07537220205432821,1.6005828406699927,0.0009720158235889452
2023-06-12,0.008053250208136383,0.0033033009067797445,0.07426763584248709,1.531398799357232,0.0009159232724195159
2023-06-13,0.008053371791014296,0.003303429739202512,0.0733415083817381,1.5090356386041837,0.0008913065197947988
2023-06-14,0.008053362357350059,0.003303418557865914,0.07273595302409977,1.4495352189350657,0.0008490927755267178
2023-06-15,0.008053140051645731,0.0033031867573527617,0.07210886958993225,1.4187717404707993,0.0008238847588190967
2023-06-16,0.0080556472623583,0.0033058409143921588,0.07609354568565534,1.3768557802009578,0.0008439888603805328
2023-06-20,0.008051701676648336,0.00307893209174232,0.07524145186574165,1.4652893463390382,0.000887704118164331
2023-06-21,0.008052841230288783,0.0032320265736877577,0.07422735937533097,1.3938704026425799,0.0008331736834782557
2023-06-22,0.008053356038311237,0.046846786200860926,0.07329379783678569,1.6333112437061075,0.0009640800086735338
2023-06-23,0.008054348828255672,0.0033045072814987717,0.07335997845626897,1.58419569939662,0.00093604873301516
2023-06-26,0.008052707517531975,0.0032416418478231567,0.07267953862642865,1.5777645013070392,0.0009234136022036569
2023-06-27,0.008051888002281545,0.0026296213626771712,0.0721436767642779,1.8730452426782356,0.0010880385056207136
2023-06-28,0.008053796343293224,0.00330387254233796,0.0717962768726893,1.8265149235836968,0.0010561504588449766
2023-06-29,0.008053061269511766,0.0033031030540701333,0.07137216088419526,1.7324430023306518,0.0009957465359815264
2023-06-30,0.008052709984678013,0.0032443122678537085,0.07112038453492772,1.7158203165527555,0.000982670594574065
2023-07-03,0.008056108732089073,0.003306307247680809,0.07348442586933115,1.6752384219872865,0.0009917386747032204
2023-07-05,0.008052954276981621,0.0033012907525905915,0.07269186957191263,1.5926495985019011,0.0009323120735033076
2023-07-06,0.008052999699340861,0.0033030384309120507,0.07207784251549423,1.4960702423791603,0.0008683832664695305
2023-07-07,0.008051191014196884,0.003223195832525804,0.0742316744210236,1.5062401871081543,0.0009002095540808438
2023-07-10,0.008052891916858672,0.003286265522619471,0.07331676598872235,1.4602702076419858,0.0008621610424453821
2023-07-11,0.008052765318320804,0.003212571049063136,0.07259395118651199,1.479834551548568,0.0008650847194079231
2023-07-12,0.008052932138591337,0.003267875827945513,0.07206046026793643,1.4000212519837627,0.0008124295274622865
2023-07-13,0.008054042141531484,0.0033041308526159997,0.0718218549333261,1.3867069318423637,0.0008021492865338684
2023-07-14,0.00805888581815031,0.0033092120510373893,0.07437111733565324,1.415915806016616,0.0008486267918468116
2023-07-17,0.008052692956866494,0.0032784868818282803,0.07364071080635047,1.38570394001794,0.0008217307967274668
2023-07-18,0.008052969296979748,0.003302906023809336,0.07281157205595076,1.352405564735074,0.0007929821295413625
2023-07-19,0.008052966235620771,0.003302908262499534,0.07215980062511426,1.3286114751867835,0.0007720567101670801
2023-07-20,0.008052847564643752,0.003287482147305237,0.07173690080748797,1.2940910136451726,0.0007475786844280782
2023-07-21,0.008043706879688854,0.0018920466762648836,0.07306571471154236,1.9069578121658777,0.0011207557047246469
2023-07-24,0.008052572618080952,0.003230068676654881,0.07252160987506974,1.893347181697385,0.0011056873571865826
2023-07-25,0.008052985548560241,0.0033029228661852,0.07193223831078087,1.7705622185247272,0.0010256322937159314
2023-07-26,0.008052977490659582,0.0033029027475398863,0.0714702975803169,1.6839847887622266,0.0009692152520598266
2023-07-27,0.008052738247913362,0.003255622287759463,0.07119776106493318,1.6597818172609178,0.0009516142177084077
2023-07-28,0.008052573358612768,0.0032920134787553174,0.07193390283249412,1.5916119476080512,0.0009219460424880783
2023-07-31,0.008055848975139468,0.003306024256609332,0.0723089706231923,1.6047668982975454,0.0009347930016486782
2023-08-01,0.008053163764580653,0.0033032117304291576,0.07202000290772209,1.5157908601330872,0.0008791418398593528
2023-08-02,0.008052852889260892,0.003289688406908028,0.07163418018436925,1.4640063261364644,0.0008445259790580805
2023-08-03,0.008051248462322885,0.0023976733309095007,0.07137548995681246,1.8485279598967557,0.0010622784117393677
2023-08-04,0.008053198247924586,0.0033032532382911177,0.07208279230834518,1.7289336737253949,0.001003640839709662
2023-08-07,0.008053476932734496,0.003303543638803015,0.07243211909793967,1.6345347688945682,0.0009534738211160034
2023-08-08,0.008052881849178562,0.003293368250473911,0.0718810679670591,1.5641296507403373,0.0009053960534375788
2023-08-09,0.008052602735782715,0.003061883702933085,0.07146773986714218,1.6634570920716705,0.0009573217482156541
2023-08-10,0.008052744177494119,0.0029363571598798027,0.07111549868854503,1.8257236564097952,0.0010455461452137684
2023-08-11,0.008053135714824,0.0033031931738598122,0.07233469302422289,1.7053534232241183,0.000993404351668424
2023-08-14,0.008051951107188343,0.0031646177871813043,0.07229448008741177,1.7474909961565663,0.0010172348129316845
2023-08-15,0.00805366787621437,0.003303738507148031,0.07191498885421045,1.6967432804608251,0.0009827188154564424
2023-08-16,0.008052421315395115,0.003172655282757836,0.07161782648024843,1.734306059357811,0.001000168949782193
2023-08-17,0.00805280348611155,0.0030680151933450317,0.0712326463482304,1.8323282256403417,0.0010510647028124894
2023-08-18,0.008050863408103258,0.0031152522177713506,0.0724201895277619,1.902067123280604,0.0011089908283707362
2023-08-21,0.008052814535984493,0.003290213571217095,0.07201651992943937,1.816518374553801,0.0010534638160887377
2023-08-22,0.008052947407443826,0.0033028812088257264,0.07153630101808854,1.8035754230060106,0.001039000248463226
2023-08-23,0.008052871755795396,0.0032924529006595226,0.07124868855595028,1.7224881373584364,0.000988288854051597
2023-08-24,0.008053929056968962,0.00330401287710721,0.07109744832850977,1.6983824387637778,0.000972517230553624
2023-08-25,0.008048242324183056,0.0026730589819304847,0.07257577542571868,1.9865137116464693,0.0011603374137867555
2023-08-28,0.008053059134462822,0.003303099918572262,0.0719837268338007,1.8747496422453134,0.0010867721370205195
2023-08-29,0.00805295067942622,0.003292607174660026,0.07153115372729757,1.756689847264874,0.0010119180913302338
2023-08-30,0.008054867811716725,0.0033049967100998784,0.07152387255904505,1.7617909286987192,0.001014994777861629
2023-08-31,0.008053084621493463,0.0033031273999432824,0.07118936162840514,1.6620200155375542,0.0009528260252437928
2023-09-01,0.008053321714568084,0.0033033950221323313,0.07321050207201307,1.562981103311761,0.0009215144745934841
2023-09-05,0.008052606771349849,0.003295491226695287,0.07378589254282887,1.4963197713570018,0.0008890664899254358
2023-09-06,0.008052864099090793,0.0032953288072834603,0.07294121514405917,1.4475654809542287,0.0008502792528713142
2023-09-07,0.008052591283743488,0.0030448435267927437,0.0722990884607574,1.5527185275766369,0.0009039849780091003
2023-09-08,0.008051809095134836,0.0032680060667851095,0.0743947397889419,1.5236038271270156,0.0009126573451122454
2023-09-11,0.008053085381786144,0.0033031298034142684,0.0736590791591065,1.4375316302269265,0.0008527191145755603
2023-09-12,0.008053707064967351,0.0033037811934862747,0.07291302000686523,1.4346420046084993,0.0008424506276617071
2023-09-13,0.00805278552130476,0.003016975652074034,0.07224777122648615,1.5517060036259813,0.0009027760451774906
2023-09-14,0.00805309993221099,0.0033031434002533866,0.07180588609576899,1.4688253713784445,0.000849362924662737
2023-09-15,0.00805316475109408,0.003303225944710734,0.07312145154963101,1.3865436850357842,0.0008164788611680665
2023-09-18,0.008051810913413296,0.002829087828431073,0.07256574790908829,1.576850825523202,0.0009213313583543242
2023-09-19,0.008052874749481522,0.003292748682858944,0.07205463919601103,1.5149476457045978,0.0008790438031932704
2023-09-20,0.008053060153017325,0.013381799713486782,0.07163840778862468,1.4539100718888243,0.000838772943768233
2023-09-21,0.00805243343271006,0.0028545395049546915,0.07127727335065678,1.6395703043175198,0.0009410403920310154
2023-09-22,0.008049095245464693,0.0028363713900133127,0.07271303609065054,1.845529401273987,0.0010801406573159018
2023-09-25,0.008052885743262014,0.003301629906133324,0.07258656471466095,1.7325543141187687,0.0010127322465909609
2023-09-26,0.008053055076929622,0.00330309652952842,0.07199142517452863,1.6451692242400646,0.0009537883581427994
2023-09-27,0.008053008009026886,0.006240471207430838,0.07151663576016785,1.7677088266893601,0.0010180660099921876
2023-09-28,0.008052962633978308,0.0033025213375657224,0.0712330115460643,1.6572298799124927,0.0009506480125070902
2023-09-29,0.008054552019956434,0.0033046739482442177,0.07267541740620513,1.5935417812330452,0.0009328082539609687
2023-10-02,0.00805300955127189,0.003303048708698915,0.07206183631024528,1.5010597745166305,0.0008710869868170452
2023-10-03,0.008053526530394118,0.003303590542498732,0.07169338886320192,1.4625971340928356,0.0008444810747783391
2023-10-04,0.008052588292557073,0.002885452042451581,0.07130404040963735,1.6361668732826338,0.0009394577001886758
2023-10-05,0.008054766311721634,0.003304890432823048,0.07182514659741716,1.6018572099287633,0.0009267300943568594
2023-10-06,0.008052393975462467,0.0032963389526020795,0.0747398458536831,1.529367993544703,0.0009204267038475501
2023-10-09,0.008054370521547142,0.0033044757874965353,0.0739302600623895,1.5339914319146628,0.0009134331570266047
2023-10-10,0.00805298253302058,0.0033029304901862023,0.07303950890315977,1.4579534238173528,0.0008575476313173672
2023-10-11,0.008052987806166154,0.0033029206882057858,0.07233883958183308,1.374017162751315,0.0008004251697251638
2023-10-12,0.008052974461928044,0.0033029265217551784,0.07178886490512944,1.3327855224900136,0.0007705018305816573
2023-10-13,0.008052120888333257,0.003281663187338844,0.07368264624854953,1.3040288925564567,0.0007736823957544135
2023-10-16,0.00805053752500241,0.0027961219603953417,0.07350024434930252,1.4990681266346686,0.000887023308023264
2023-10-17,0.008053151617723782,0.00330319859934691,0.07270920021023003,1.4708852016655092,0.0008612594929473612
2023-10-18,0.008053002166380071,0.00533923792623662,0.0720794394953658,1.5145842359970096,0.0008791493291863486
2023-10-19,0.008053009988889954,0.006620849009362999,0.07158556254794995,1.7053097937437138,0.0009830757113566165
2023-10-20,0.008053063473182312,0.0033031218262554846,0.07268834620402385,1.5958361226653341,0.0009341448018535534
2023-10-23,0.008050612791829375,0.002975541738164381,0.0730936894386443,1.7359669951077423,0.0010215280270220106
2023-10-24,0.008053534583421626,0.0033035988154110026,0.07263260240196362,1.6625873293687194,0.000972529087225225
2023-10-25,0.008053101481757205,0.0033031456435906516,0.07202769509794875,1.6007260180451193,0.0009284952651018367
2023-10-26,0.008054281917046945,0.14131724592220543,0.0717037989508653,1.9515513929770196,0.0011270650565065718
2023-10-27,0.008048320987152625,0.0028933030498453647,0.0742480901186835,2.1474749962528747,0.0012832719205045063
2023-10-30,0.008053927487142655,0.0033040132117761966,0.0741137589690101,2.0342249444746243,0.001214242784545819
2023-10-31,0.008053083467145554,0.0033031265835002698,0.07319206099642815,1.93275770763119,0.001139209481260317
2023-11-01,0.008052973481122605,0.0032280080045829903,0.0726159974801818,1.796643515205966,0.001050631676228463
2023-11-02,0.00805454262252492,0.003304655389103669,0.07256568836549616,1.7581622299403832,0.001027616690428277
2023-11-03,0.00805502554866089,0.003305172314249162,0.07422807285472098,1.6932623366400905,0.0010124168298448236
2023-11-06,0.008054525836547049,0.003304640337312541,0.07429302142803329,1.640872405593979,0.000981889942528518
2023-11-07,0.008052904778544992,0.003180461893040539,0.07359274510401578,1.5426812530468093,0.0009142474732081456
2023-11-08,0.008053828326395054,0.0033039070621449424,0.07292939307698652,1.5230642701650168,0.0008945882661328237
2023-11-09,0.008053071942011259,0.0033031141284956865,0.07229085071646651,1.4446980255291437,0.0008410503456758818
2023-11-10,0.008051876206440456,0.0032043327048474767,0.07258348160168401,1.4693298594109583,0.0008587251640645434
2023-11-13,0.008055916886861287,0.0033060953280168812,0.07281626436587545,1.4903675209622882,0.0008742522313257517
2023-11-14,0.008052919849506726,0.003294435602784834,0.07220191845517192,1.4326895202103855,0.0008330176396676788
2023-11-15,0.00805557349050854,0.003305735648401536,0.0725123319680476,1.442088285637959,0.0008423647505453404
2023-11-16,0.008052942468953432,0.0033014035937856587,0.07201520748876797,1.370811134116412,0.000794980426746105
2023-11-17,0.008052896065623814,0.0033028427273394836,0.07384678641784771,1.2969285093458274,0.0007712580889591439
2023-11-20,0.008052982289282638,0.0033030199305600118,0.07322665063896705,1.2275913853006764,0.0007239019494229964
2023-11-21,0.008052958366522011,0.00330289694632251,0.07248590057324199,1.2247393645634828,0.0007149121361932686
2023-11-22,0.008052257133535193,0.0032590104229599753,0.07273121176640732,1.2225257932036706,0.0007159727427550619
2023-11-24,0.00805313279429622,0.003303189906292098,0.07357120547842094,1.1636198666768274,0.0006894199714206536
2023-11-27,0.008052833301578374,0.003283720713428763,0.0728450586857068,1.1444527679638368,0.0006713464247333191
2023-11-28,0.008052794932177587,0.003272992604984982,0.0722728219451186,1.1360390704447003,0.0006611727103668315
2023-11-29,0.008053544483461147,0.003303611258542831,0.07223563674562956,1.10191506179221,0.0006410422979820426
2023-11-30,0.008052481700131274,0.0032343515107245255,0.07196079137027038,1.120227009172301,0.0006491300537183329
2023-12-01,0.008052341715079002,0.0032754494016016054,0.07251667271127478,1.1107325729856738,0.0006485889925020042
2023-12-04,0.008052075029862557,0.0032534281127616065,0.07306709001172608,1.1173284782078572,0.0006573709262580153
2023-12-05,0.008052397847172148,0.0029685192310537492,0.07242241148406123,1.2388134282617211,0.0007224438693280346
2023-12-06,0.008053222010811677,0.0033032709951563693,0.07194210662404295,1.1966774916293539,0.000693313960306818
2023-12-07,0.008052275470375783,0.003104371272995486,0.07163950801223821,1.2722279102963772,0.0007338987320871822
2023-12-08,0.008056530376354938,0.0033067410355505167,0.07299739349411924,1.2822660681013507,0.0007541080067504988
2023-12-11,0.008053104782146043,0.0033031490673456555,0.07231487011771051,1.249288317281286,0.0007275345779590178
2023-12-12,0.008052919160035818,0.0031718287453675028,0.07204829636191541,1.1885060975119128,0.0006895701755143918
2023-12-13,0.008053816784310153,0.0033038945036829447,0.0718121760731928,1.173830938935628,0.0006788993374242246
2023-12-14,0.008054867715936182,0.0033049996393601385,0.07263241506842058,1.160553005400066,0.0006789751472726737
2023-12-15,0.008053290121874073,0.0033033650199430545,0.07472915456501396,1.1091314749735797,0.0006674925822474901
2023-12-18,0.008053445475675112,0.003303505678817011,0.07386622910100991,1.083637117506544,0.0006446315003532309
2023-12-19,0.008053617561061766,0.0033036868068579473,0.07307661782132002,1.0878592053633618,0.0006402390102296317
2023-12-20,0.008052844459187403,0.003268206280384552,0.07243914621736827,1.0542208770693313,0.0006149704475056696
2023-12-21,0.008051530855939482,0.002840556429099416,0.07212226976379646,1.2108910480673896,0.000703157990161071
2023-12-22,0.008056637671591158,0.003306871026183414,0.07573300956677506,1.1988189105407931,0.0007314634556600523
2023-12-26,0.008052401469300549,0.003272739017945947,0.07528253875339312,1.1872916265683344,0.0007197423884205502
2023-12-27,0.008053280619090207,0.0033033329835704672,0.07426333541120751,1.1483189110556589,0.0006867676038386181
2023-12-28,0.00805296460159933,0.003269412970562259,0.0733722298381865,1.0955884672298704,0.0006473437508253589
2023-12-29,0.008052083842380816,0.0032842709064343635,0.07552993032106944,1.0793247684887317,0.0006564165402810081
2024-01-02,0.008051285528736516,0.003166681032584081,0.07575833737494664,1.12888354542817,0.0006885647823834804
2024-01-03,0.008054606270214981,0.1734774727804296,0.07474553502845559,1.3988792232299725,0.0008421894381461811
2024-01-04,0.008053344160541393,0.050688952038226286,0.07375490050187308,1.470693818705682,0.0008735532979765303
2024-01-05,0.008052019897582368,0.003258838410141021,0.0743631866990064,1.4554675118650828,0.0008714958986529463
2024-01-08,0.008053223649831765,0.003303273446817101,0.07354077785260146,1.3891508382965738,0.0008227111528784614
2024-01-09,0.00805398634887379,0.003304076560835518,0.07282024412996393,1.4204038495048241,0.0008330572730544897
2024-01-10,0.008053006516433623,0.003303045530929047,0.07217497772544451,1.3443985730718548,0.0007813988214912971
2024-01-11,0.00805335132876087,0.003303406890075989,0.07174842724964292,1.306919718740441,0.0007551581988097023
2024-01-12,0.00805335685573202,0.00330344405976964,0.07503043262166281,1.2423668436117374,0.0007506962504826687
2024-01-16,0.008052337761951672,0.003282482557758224,0.07536167433983042,1.2189403855231395,0.0007396989264649379
2024-01-17,0.008053056698404375,0.012903734338883567,0.07418768832158658,1.205356366994268,0.0007201252878179242
2024-01-18,0.008052791170749385,0.0032285697141619003,0.07327848746494271,1.2237911536041055,0.0007221547013036363
2024-01-19,0.008054290445386983,0.003304391158962783,0.07302124016267295,1.2131650598789103,0.0007135039553159496
2024-01-22,0.00805546554287277,0.0033056225070724646,0.07297583110459517,1.238106812354444,0.0007278264047429524
2024-01-23,0.008053096349790125,0.003303141321781511,0.07254100455794109,1.1801513129775432,0.0006894204388081621
2024-01-24,0.008052714275549946,0.0032674039467553125,0.07201936981930712,1.1551549531907588,0.0006699337409374234
2024-01-25,0.00805266563536929,0.003292106946723821,0.07155950540648759,1.1699766851910807,0.0006741929459461843
2024-01-26,0.00805192463973541,0.0032708275791289935,0.0734920401292262,1.1612295721321897,0.0006871603499612515
2024-01-29,0.008052680462907328,0.00327673872632148,0.07294809766875868,1.1486238925727112,0.0006747335153892583
2024-01-30,0.008052951205959431,0.0033028738407795627,0.07226705692414183,1.157446961117824,0.0006735914021423297
2024-01-31,0.008053006756363964,0.0059920473173419595,0.07173268089077683,1.222245569670394,0.0007060469761437638
2024-02-01,0.008050205267557389,0.0024083672988701134,0.0716796161371474,1.5517697392476366,0.0008954264188658433
2024-02-02,0.008056619036457054,0.0033068541728604414,0.07575257507596815,1.5153329777797473,0.0009248223217511547
2024-02-05,0.008051472742574652,0.0032465673683525127,0.07459722215772097,1.6179482280816346,0.0009717680212950019
2024-02-06,0.008053094865792839,0.018121242943431624,0.07372451626785542,1.5488169927905435,0.0009195489475020177
2024-02-07,0.008052535823474554,0.003263361243102095,0.0732392603545515,1.525285253829331,0.0008995549275295799
2024-02-08,0.008053983589321955,0.00330406945044372,0.07274771078796267,1.501174357255944,0.000879551369601939
2024-02-09,0.008053221306791064,0.0033032845499967626,0.07384311526582303,1.4170992704780414,0.00084271343670918
2024-02-12,0.008053839839721487,0.0033039192296610274,0.07313192139889949,1.404550035594324,0.0008272698330884079
2024-02-13,0.00805300142087823,0.005213022081977236,0.07241145928624945,1.4342356847894098,0.0008363452589750536
2024-02-14,0.00805484747751355,0.20935251660372875,0.07319156985348357,1.5366792572285877,0.000905944541274552
2024-02-15,0.008054312911905979,0.0033046794928254936,0.07281582851008397,1.5201554032186426,0.0008915429721028134
2024-02-16,0.008053219599330952,0.0033032966750966915,0.07546516511912117,1.432727879232444,0.0008707225265624992
2024-02-20,0.008052707749290056,0.0031638112139739825,0.0742895191935706,1.4810062443976646,0.0008859850119976998
2024-02-21,0.00805254179423847,0.0029683218097519876,0.07335839421478713,1.6206061796242632,0.0009573269706622843
2024-02-22,0.008052934042025534,0.0032780906452869333,0.07259761497785432,1.5768051233018916,0.0009218378109677067
2024-02-23,0.008057746350758345,0.0033080157370538716,0.07281765135043376,1.6724410429143535,0.0009812983671816141
2024-02-26,0.008052708187777294,0.0032881824110336778,0.0725320528486333,1.6101327906317722,0.0009404454841992281
2024-02-27,0.008053027178782089,0.008771049866510094,0.07201235889802676,1.525902984345596,0.0008848978186156404
2024-02-28,0.008053064524960305,0.0033031118938099072,0.07156961030513762,1.4462167488144517,0.0008335338056660956
2024-02-29,0.008052889188337572,0.0032246203136854735,0.07119448667774049,1.4585531260288565,0.0008362195918896854
2024-03-01,0.0080512498259138,0.003219130987491372,0.07321860854579433,1.472960689604282,0.0008683122550809054
2024-03-04,0.008055322951079818,0.0033054744027825014,0.07359305218530283,1.4598289241006166,0.0008654096548735469
2024-03-05,0.008052740549604523,0.0031692319889547326,0.07280444528660085,1.504770281834009,0.000882209661581374
2024-03-06,0.008052095088287236,0.0028113314980260404,0.07224245521981189,1.7123813081484054,0.0009960975475954005
2024-03-07,0.008053086732567044,0.0033031299140849012,0.07187509342265047,1.6085812257986272,0.0009310731318821156
2024-03-08,0.00805571809591968,0.00330588767708328,0.07245916754925395,1.604333506531341,0.0009364665174024473
2024-03-11,0.00805213277037228,0.002856121938184121,0.07197415014202266,1.8000227253839927,0.001043194913752947
2024-03-12,0.008052999542873139,0.004940828866088983,0.07150308265299689,1.8053315098689713,0.0010395356850335462
2024-03-13,0.008053626316334057,0.003303697587582669,0.07122268084297488,1.7685398640631773,0.001014435981235271
2024-03-14,0.008052895940092324,0.0032384275843032966,0.07092370406235109,1.7552962227585547,0.0010025220059418352
2024-03-15,0.00805247393007154,0.003291497491242828,0.07218434978979427,1.6796105619208417,0.0009762947935452705
2024-03-18,0.00805193756831097,0.0031612294138211356,0.07217542496264884,1.7244196051357297,0.001002149929550283
2024-03-19,0.008053141331427855,0.003303187966606362,0.07166918320527085,1.6745266597230537,0.0009664732588955556
2024-03-20,0.008052985545989618,0.0033029158618045843,0.07126435524285035,1.574691088788089,0.0009037007644664862
2024-03-21,0.008054168321208444,0.0033042630575290614,0.07131595060215698,1.5448824338183207,0.0008873660564434126
2024-03-22,0.008052534819547768,0.0032921949986849993,0.07224517671118767,1.4860388567592206,0.0008645132114866151
2024-03-25,0.008053642560918372,0.0033037164475963744,0.0725515722170671,1.4210104097254175,0.0008303026772924026
2024-03-26,0.008053040244185,0.010608334807121785,0.07197493362105317,1.3796045315551226,0.0007996422908433256
2024-03-27,0.008052862919389288,0.0032735524506477026,0.0715402529143651,1.3570352466079016,0.0007817932300721339
2024-03-28,0.008052397784573447,0.0032971321591546434,0.07486096546949221,1.3040988069344466,0.0007861241571719076
2024-04-01,0.008052536071208384,0.0032626593478972798,0.07413520021014613,1.2952479566148543,0.0007732324283616069
2024-04-02,0.008053028255393576,0.003303068561512939,0.07320328517016497,1.249379379635028,0.0007365192940817293
2024-04-03,0.008052969298821749,0.0031111445084064738,0.07246741299731677,1.3230385270689824,0.0007720959817830642
2024-04-04,0.008052980245649627,0.0033029350365564123,0.07188968922087954,1.2724950192045745,0.0007366807659999756
2024-04-05,0.008049097526533204,0.0030323252961819555,0.07477316384803029,1.3768082400506139,0.0008286409722544828
2024-04-08,0.008054072100138377,0.0033041619291560398,0.07406964969284643,1.3561503359026987,0.0008090281622546337
2024-04-09,0.008052987128448385,0.0033029260398928814,0.07314933330260237,1.2842445201631385,0.0007565107408188025
2024-04-10,0.008052988564767008,0.003302951364457176,0.07242507684343524,1.2157007650488407,0.0007090432665081383
2024-04-11,0.008053558991541195,0.07676829332514082,0.07246743044265476,1.2239536678227725,0.0007143247282483296
2024-04-12,0.008056665226934916,0.003306961063699215,0.07291046474606783,1.2648953245447578,0.0007430187476350214
2024-04-15,0.008052062042973044,0.002985631458651929,0.07240053647007985,1.3877951814107965,0.0008090479690703713
2024-04-16,0.00805301372439068,0.00727476370076211,0.07183726405415074,1.6635705570690043,0.0009623863361401376
2024-04-17,0.008052991148905519,0.003674039243793699,0.0713958907468432,1.5800591730865499,0.0009084557740733281
2024-04-18,0.008052490449565877,0.003126234412879969,0.07113900081701795,1.6466386652917138,0.0009432705781452856
2024-04-19,0.008051760562467127,0.003246902318591216,0.0726089722528909,1.6316682977948274,0.0009539223336440329
2024-04-22,0.00804979677455653,0.0024266569600479852,0.07250577662719945,2.0338971834886204,0.001187097854180316
2024-04-23,0.008053045323143132,0.003303084849819344,0.07192810339002273,1.9118688828067743,0.0011074314605144173
2024-04-24,0.008053573002816878,0.0033036397909372364,0.07155523236691158,1.8603533029687331,0.0010720756347067492
2024-04-25,0.008053208091075242,0.0033032572934803602,0.07133640970406116,1.753029050047465,0.0010070923154084257
2024-04-26,0.008052489060650286,0.003269729548544239,0.07150811965158548,1.7091857374387958,0.0009841805132984583
2024-04-29,0.008054471850591332,0.003304582027927884,0.0713940663252992,1.7097460463954646,0.0009831749268919459
2024-04-30,0.00805307521141052,0.003303117781437958,0.07105746196812843,1.6324932712144293,0.0009341633967585195
2024-05-01,0.00805301767652694,0.007581233613017528,0.07078615418535998,1.8479475228142987,0.001053407980670294
2024-05-02,0.008052616124596255,0.0032859450439072214,0.07111619250322096,1.7745151674348467,0.0010162140825434973
2024-05-03,0.00805507924607492,0.0033052280909105654,0.07300576895533986,1.7101099983018473,0.0010056596913479382
2024-05-06,0.008054552265339293,0.003304665426867806,0.07281875453092014,1.682378325820342,0.0009867526814882055
2024-05-07,0.008053163593996267,0.003303211995266095,0.0721738783148271,1.645452385899642,0.0009563830804436552
2024-05-08,0.00805299593466064,0.004386861619924123,0.07165956394538452,1.6140533241460449,0.0009314284938783216
2024-05-09,0.008052922451807717,0.0032996734733209735,0.07134591188944853,1.5327196670835916,0.0008806135023653078
2024-05-10,0.008052545168214131,0.0032904634727002136,0.07205336596358003,1.477842631290512,0.0008574634829001159
2024-05-13,0.008052878315471891,0.003300836271018644,0.07193769328477048,1.4051900852442964,0.0008140343313224338
2024-05-14,0.008053203622972915,0.003303252617581654,0.07163611173456859,1.3413639032931768,0.0007738330967809272
2024-05-15,0.00805311097582367,0.0033031557215193147,0.07124682414596845,1.3074492948358867,0.0007501602528176016
2024-05-16,0.008054022758860508,0.0033041106306881066,0.07130336975563101,1.286651991265762,0.0007388971710226067
2024-05-17,0.008052390668322036,0.0032671642557902353,0.07164612730462303,1.2749224160908061,0.0007355315639235299
2024-05-20,0.008052866089956243,0.0032990618431607195,0.07150258121399197,1.2255301681563706,0.0007056611429147675
2024-05-21,0.008053426800437774,0.003303486024604934,0.07129504781132383,1.192713682180736,0.0006848197574527106
2024-05-22,0.008053078823302551,0.003303121595397062,0.07098013884904013,1.1591468934189566,0.0006625783944230345
2024-05-23,0.008052613613679486,0.00320061200073971,0.07081490538319286,1.1933382972257072,0.0006804952821957073
2024-05-24,0.00805099199914178,0.003207745055065569,0.07325855694702944,1.222422943360764,0.0007209900099573036
2024-05-28,0.008054039596206512,0.0033041281296963287,0.07276493215945588,1.2186503010726106,0.0007141920134131783
2024-05-29,0.008052539127403788,0.003036993176424673,0.07272832295326799,1.1758054879566353,0.0006886077399876855
2024-05-30,0.00805313256335816,0.023398384132225305,0.07216933762347481,1.1662775291443368,0.0006778279541648762
2024-05-31,0.008051112983013291,0.002785758496136069,0.07202054302860117,1.351381272210417,0.0007835923886942432
2024-06-03,0.00805152400542983,0.003190381000358441,0.07278495483689996,1.3863077760545557,0.0008124176841324619
2024-06-04,0.00805355145173092,0.0033036180273416397,0.07258625070734394,1.3339523368576378,0.0007797979949678532
2024-06-05,0.008053074777737377,0.003303118193591971,0.07216111489691525,1.2667099226319853,0.0007361090189827004
2024-06-06,0.008053260831701908,0.0033033172059972887,0.07165813911126304,1.287601954858036,0.0007430515056896454
2024-06-07,0.008052850349071385,0.003299557304873851,0.07162590377454871,1.2358637060212545,0.0007128371443179543
2024-06-10,0.008052553378005582,0.003283835362314226,0.0718971758511901,1.2116442860711454,0.0007014885430199994
2024-06-11,0.008053039783763158,0.0033030823541857226,0.07169897042615965,1.1530030590866351,0.0006657378107754118
2024-06-12,0.008053136903966904,0.003303183331290791,0.0712962112834462,1.1390513802076414,0.0006539956334424826
2024-06-13,0.008055409484113875,0.0033055639676109866,0.0718137652522101,1.1530639263685885,0.0006670351271343779
2024-06-14,0.008053642154021797,0.00330371251772527,0.07146869941959781,1.1542212900631077,0.0006643505340824535
2024-06-17,0.008054143938214494,0.003304245592945144,0.07259988173339545,1.1227915362431702,0.0006565297797644863
2024-06-18,0.008054068091945261,0.0033041591813550283,0.07215696902804439,1.1392507614321858,0.000662083716376048
2024-06-20,0.008052494500336684,0.0032576300895644636,0.07201236838453172,1.142158437942989,0.000662313921693268
2024-06-21,0.008051893714717349,0.003017564554862692,0.07178716097931967,1.2481469996049133,0.0007214571617703127
2024-06-24,0.00805179415226776,0.0032488688053214847,0.07310208005741649,1.2516771894840815,0.0007367408245015403
2024-06-25,0.008051920505248266,0.0028958440647477816,0.07254942187347937,1.406549307384641,0.0008216529063415262
2024-06-26,0.008053521374302496,0.003303585010632386,0.07204140456361743,1.383413594062517,0.0008026385711225482
2024-06-27,0.00805252066651783,0.0032666977122032034,0.07162814350141182,1.371563021035854,0.0007910998653933622
2024-06-28,0.008053462393355418,0.0033035236879491443,0.0714825123295668,1.3233799295648345,0.0007618456404556088
2024-07-01,0.008050745446741128,0.003146512157773575,0.07314750257312123,1.3804825157973855,0.000812955003783772
2024-07-02,0.00805463938561994,0.0033047569841161977,0.07276794852341233,1.3921408976091312,0.0008159610440369951
2024-07-03,0.008053735106522882,0.0033038095448868626,0.0722554785966043,1.3787262249148313,0.0008023173053071784
2024-07-05,0.0080544589601393,0.0033045677208324684,0.07222832748003791,1.3656046409088871,0.0007944542917010765
2024-07-08,0.00805488555624769,0.003305018198390408,0.07295534227778246,1.3413490236891286,0.0007882396395374608
2024-07-09,0.008052835438904457,0.0033011646506717314,0.0731068381752729,1.27990297256492,0.0007535010699904125
2024-07-10,0.0080529679199341,0.003293622758597269,0.07241063470206471,1.217033233170413,0.000709677049736312
2024-07-11,0.008052867947217551,0.0032926907326138915,0.07186555264411815,1.1832577762347731,0.000684779443028055
2024-07-12,0.008049426292266659,0.0021182761868094573,0.07178601271525799,1.6298514350056965,0.0009417871893780534
2024-07-15,0.008052773638851877,0.003302140323543647,0.07433772025116515,1.5353960576592727,0.0009191262101573155
2024-07-16,0.008053192605650005,0.003303245050181695,0.07401296608378771,1.4503355412544945,0.0008644589694574066
2024-07-17,0.008052953410919404,0.003292547530504798,0.07311290461237233,1.3993534699249113,0.0008239040797875192
2024-07-18,0.008053019533953319,0.008112195963768979,0.07239652879810107,1.766401363646906,0.001029830825907212
2024-07-19,0.008052838627903881,0.003285280739566236,0.07192189469764079,1.7012240802229806,0.0009853071572496722
2024-07-22,0.008050666439308136,0.0031719640569097527,0.07409348785487949,1.7380012562090184,0.0010367211489365877
2024-07-23,0.008054032934398983,0.003304121123007989,0.07342041549641115,1.704577844232531,0.0010079687742558154
2024-07-24,0.008053007090877579,0.003303046769662382,0.07272474859745755,1.5948040697930708,0.0009340016541424482
2024-07-25,0.008052431978241122,0.0021408383230477487,0.07209985236090073,2.1530332505594223,0.0012500062291234523
2024-07-26,0.00805299500435062,0.004239945035354031,0.07160159649452241,2.062964582214818,0.001189520435423447
2024-07-29,0.008053713846240783,0.0033038048555320268,0.07352508686100821,1.93194835647278,0.0011440032387952494
2024-07-30,0.008053438847903376,0.003303502125066828,0.07337285164196479,1.8183015871208152,0.0010744412697268552
2024-07-31,0.008052808100386553,0.003065041502818998,0.07260901495988058,1.9184910083468785,0.0011217540933801825
2024-08-01,0.008052936867440134,0.0033028567592530062,0.07200086064795608,1.9190323342018538,0.0011126902291622488
2024-08-02,0.008051482390285483,0.002874980121109141,0.07182146152654097,2.1246635442091613,0.0012286275575096963
2024-08-05,0.00804673588676493,0.002897225235537719,0.076674975203336,2.325379713803961,0.0014347203904774488
2024-08-06,0.008051705921797343,0.0027293771360904252,0.0753683039882947,2.645278932698014,0.001605270113151285
2024-08-07,0.008052640431216567,0.0031813918907080026,0.0744435451930231,2.4689950247463885,0.0014800812920024277
2024-08-08,0.008052787251664365,0.003226050520201095,0.07348054158178087,2.4266281254409763,0.001435892083145401
2024-08-09,0.00805321380146095,0.0033032662387349914,0.07269381223133312,2.366730102986564,0.001385528325078194
2024-08-12,0.008053643119938244,0.0033037169300446805,0.07289623212418753,2.2146001494801313,0.0013001479835322953
2024-08-13,0.008052919163338779,0.003302674887422043,0.07305925535811769,2.0518479142854416,0.0012071847713454801
2024-08-14,0.008055114608705553,0.0033052547023764436,0.07300778161530463,2.0219666376450403,0.0011890903696030117
2024-08-15,0.00805300873390862,0.006168615381551232,0.07233296324826032,1.8959900937574252,0.0011044104087912024
2024-08-16,0.00805271399070959,0.0032923392856914844,0.07180501809446928,1.8598629604068375,0.0010754197695349481
2024-08-19,0.008053215811804279,0.0033032768390152526,0.0728561701984991,1.7384237695425533,0.0010199792274649723
2024-08-20,0.00805366629956347,0.003303737001692291,0.072356724599826,1.688296352562428,0.000983832607180247
2024-08-21,0.008052850426362597,0.0032994551759772217,0.07216673300523262,1.6003254905961248,0.0009300258088191855
2024-08-22,0.008053247163794982,0.003303298805397899,0.0719072154914949,1.5176705340281342,0.0008788626379231379
2024-08-23,0.00805115337535239,0.0024150437410023094,0.07161069100099784,1.904432953393839,0.0010979982607954302
2024-08-26,0.008054668516669482,0.0033047940219509053,0.07296477340414392,1.8232926119900281,0.00107156194628179
2024-08-27,0.008052516260349142,0.0032095024866129374,0.07244138924202838,1.830763534297587,0.0010679492972068673
2024-08-28,0.00805287206720299,0.0032922158462204403,0.07195654847962824,1.7477179662912414,0.0010127271986505443
2024-08-29,0.008052297405448909,0.003112703343715547,0.07164837618297983,1.8205544621086982,0.0010503398292908347
2024-08-30,0.008052973661560619,0.0033011979685170873,0.0712562606430367,1.7129437992516168,0.000982929616195131
2024-09-03,0.008054476525406274,0.0033045878381424325,0.07177416484886365,1.6617199277818797,0.0009606458169746711
2024-09-04,0.008048598449701188,0.0025321677553290355,0.07249280331804031,2.014582898487023,0.0011754395464381748
2024-09-05,0.008053086653940392,0.0033031343417729807,0.0726554969588779,1.8726527794673982,0.0010956910380669114
2024-09-06,0.008053528862556185,0.0033035932378858222,0.07229164465987982,1.7862014378023339,0.001039931562028906
2024-09-09,0.008046888747603537,0.0023988168238081903,0.07349536935618538,2.2318190398724815,0.0013199180019636677
2024-09-10,0.008053091282409603,0.0033031332946269272,0.07270627420021625,2.111865226873222,0.0012365187642766739
2024-09-11,0.008053975820664078,0.003304063068474772,0.07272643644261353,2.01039576960682,0.0011775631077566725
2024-09-12,0.008052279175501147,0.003227887493241091,0.0722477948832226,1.9629761019738996,0.0011419798272005184
2024-09-13,0.008053102187639003,0.003303146393372974,0.07172526659271455,1.8775923175106635,0.0010845177908040207
2024-09-16,0.00805371186292693,0.0033038047242190303,0.07394734639933376,1.7649076172711358,0.0010510918273468784
2024-09-17,0.008051626914383034,0.003239355451452795,0.07504265131206687,1.7499186362119312,0.0010573278430477948
2024-09-18,0.008053045284801243,0.003303086550088818,0.07400393851551398,1.6402985686242306,0.0009775475257972218
2024-09-19,0.008052429005980613,0.0032760189999501755,0.07391009685614963,1.596969948015961,0.00095044593937876
2024-09-20,0.008055171566541954,0.0033053162547899088,0.07338473242167193,1.631850463209618,0.0009646302323788568
2024-09-23,0.008052103309029763,0.003271673803006888,0.07432061209825683,1.5938078394691622,0.0009537939750701723
2024-09-24,0.008052716370476993,0.003292381536081062,0.07384005868924742,1.5308504565683145,0.0009102636581614146
2024-09-25,0.008053031172116655,0.003303071367200475,0.07297649157089638,1.4534679828004162,0.0008541769150400293
2024-09-26,0.00805287453561878,0.003292433875037179,0.07237539043043777,1.4022878079052854,0.0008172953169848077
2024-09-27,0.008052957392667877,0.0032948095905387057,0.07182559872511855,1.3512745797008257,0.0007815886841342658
2024-09-30,0.00805203804407397,0.0032303002174433933,0.0722139264635353,1.3629976485636637,0.0007925412657086191
2024-10-01,0.008052985296612754,0.003302959945593543,0.07169089436236399,1.2970835577752393,0.0007488396965594739
2024-10-02,0.008052174908418338,0.0029292431823644952,0.07138246813956244,1.4427942641580678,0.000829295229812214
2024-10-03,0.00805288799425161,0.003279132509247835,0.0710872372169171,1.3764234970259446,0.0007879440354347626
2024-10-04,0.008052720744502829,0.003167339638446121,0.0710913032913302,1.317471723115265,0.000754224120915534
2024-10-07,0.00805493995719382,0.0033050716864930184,0.07147316795019386,1.31717017538752,0.0007583107766303301
2024-10-08,0.008053716476606241,0.09487440508641301,0.07126689907323992,1.4440571791480903,0.0008288359673314307
2024-10-09,0.008053988264786425,0.003304178987392835,0.07110995693043386,1.441105716357716,0.0008253482769229275
2024-10-10,0.008053181540278115,0.0033032289933984833,0.07086554537100125,1.3882403036121573,0.0007922591649448035
2024-10-11,0.008052978143290512,0.003302921363940378,0.07063620733085152,1.335980703687833,0.0007599483535471051
2024-10-14,0.008052784450674097,0.00330132302847255,0.07196323380096757,1.2742301721684623,0.000738422004346687
2024-10-15,0.00805302480217628,0.0033030659334724955,0.07165809601223116,1.209333180282223,0.0006978631556638445
2024-10-16,0.008053009495651275,0.006458300049963108,0.07125567967769762,1.331152125135451,0.0007638452600502787
2024-10-17,0.008052948367945756,0.0033018076339856816,0.07102983937782177,1.268483711373116,0.0007255722124160347
2024-10-18,0.008052946541366441,0.0032661473643749257,0.07083763331256966,1.206754429742591,0.0006883950847744632
2024-10-21,0.00805506761208778,0.003305208673837539,0.07187037325019098,1.1960849286869386,0.0006924383431164206
2024-10-22,0.008053303213109266,0.0033033567334769553,0.0715854049406302,1.1569550240122919,0.0006669833815538004
2024-10-23,0.00805295037982583,0.0032248102347980584,0.07135862948732286,1.1034994293208007,0.0006341231909963076
2024-10-24,0.008054688698754644,0.1826719836419861,0.07130255518306847,1.3613069441834416,0.0007818256482122231
2024-10-25,0.008053187090392211,0.003303477600369123,0.07101435929055212,1.3165073031755659,0.0007528998912438743
2024-10-28,0.008053422058196591,0.0033034882065825473,0.07179024757911229,1.257460310237731,0.0007270096860765292
2024-10-29,0.008052821593872208,0.003300856478728032,0.0721969537234436,1.2044944306828544,0.000700280038952156
2024-10-30,0.008052706147550269,0.0032929673973481626,0.07169706387732669,1.210851611361,0.0006990917007329091
2024-10-31,0.008052647531500267,0.0032714605021789173,0.07153674483881751,1.1999441348647026,0.0006912400484048911
2024-11-01,0.008050422475237774,0.0022975768419707223,0.07141530644343401,1.5701701676398894,0.000902727552623161
2024-11-04,0.008054366803681557,0.0033044768256910617,0.07259071999678379,1.511436901973551,0.0008836952677109001
2024-11-05,0.008052530933146576,0.00327195120090169,0.07245015833174585,1.4816822895246107,0.000864424028517089
2024-11-06,0.008052538554495841,0.003267194207438969,0.07194806032179782,1.4619812287084908,0.0008470200669460539
2024-11-07,0.008051655187046156,0.0031693088648419693,0.07176197727441165,1.4786813102729388,0.000854386048420009
2024-11-08,0.008054338369180406,0.0033044416991231196,0.07158968470504433,1.480811574606468,0.0008538471256898003
2024-11-11,0.008051452516428866,0.003251656237670089,0.07419496042126074,1.470590725125931,0.0008784973708836118
2024-11-12,0.008052986504756837,0.003294439889413839,0.07326566758380862,1.383854190962865,0.0008164842579075369
2024-11-13,0.008052809566377042,0.003267148642687944,0.07259009538373502,1.3306601882128875,0.0007778430211276099
2024-11-14,0.008052962786018653,0.003302509838913964,0.07207320110042488,1.2642919769516383,0.0007337986114444485
2024-11-15,0.008052916054016056,0.003262101813237895,0.07158919633877063,1.2582758910330858,0.000725398301595169
2024-11-18,0.008051706791410566,0.0024914398915734026,0.07129033710053034,1.5623345283992163,0.0008967939106334531
2024-11-19,0.008053232770288458,0.0033032818416893835,0.07112960569598112,1.4863695075389673,0.0008514270440087834
2024-11-20,0.00805384115584616,0.003303920513678164,0.07100470869597951,1.4680664994759918,0.0008395294555201188
2024-11-21,0.008052780740606717,0.003285065446625915,0.07090745787131823,1.426421882107938,0.0008144900486615079
2024-11-22,0.008053027459623966,0.008810218920336083,0.07074218526671863,1.3592731948034782,0.0007743626615375636
2024-11-25,0.008053002335504409,0.0033030525452840526,0.0712005786249689,1.284134005149191,0.0007362947345891967
2024-11-26,0.008052363303075944,0.003233489233663051,0.07127068013751788,1.2965986615205445,0.0007441146127804007
2024-11-27,0.00805312464794241,0.003303170211834929,0.07096100963862635,1.2702945763313163,0.0007259198147785528
2024-11-29,0.008052290883101179,0.002985419915321994,0.07079976503804307,1.3936007756664046,0.0007944922238295419
2024-12-02,0.008054191782005558,0.003304297638093142,0.07234343910333088,1.3423830089476565,0.0007821635327259657
2024-12-03,0.008053904455267142,0.00330398668699595,0.07213964696319689,1.315326348768966,0.0007642122691984016
2024-12-04,0.00805385401410276,0.003303934422838148,0.07207908403017801,1.2821723683445594,0.000744319549069213
2024-12-05,0.008052637565770852,0.003292973841133584,0.07160450818812637,1.3029211874682762,0.000751271070014197
2024-12-06,0.008053003970087682,0.0033030449935950376,0.07146743366509696,1.2336133957934556,0.0007099784670007281
2024-12-09,0.00805523746865084,0.00330539215976299,0.07314942584568064,1.2137636904791482,0.0007151932569254058
2024-12-10,0.008051844993021516,0.0031329768227387005,0.07292770146723253,1.2775605526195657,0.0007501868116094382
2024-12-11,0.00805309905410842,0.018788713924563983,0.07232271056117956,1.250815591129695,0.0007285024581912899
2024-12-12,0.008053770356323006,0.0033038702451831685,0.07181372521215328,1.3057036018250117,0.0007551814260023923
2024-12-13,0.008052904387031873,0.003247527643627452,0.07138580500564203,1.3083682771922494,0.0007521325944451837
2024-12-16,0.00805409391635206,0.003304185077279794,0.07141264737612854,1.2910447117829829,0.0007425626585139235
2024-12-17,0.00805593445921563,0.0033061142231761917,0.07172825168679953,1.3292529649257978,0.0007680930003119893
2024-12-18,0.008053188156779061,0.030045836454784185,0.07132998124233156,1.4106196411817309,0.0008103075446452382
2024-12-19,0.00805234929436428,0.0021109757657295472,0.07100929635812879,1.9324123396135418,0.0011049372544916704
2024-12-20,0.008053160858182659,0.0033032082200134495,0.07121702961345852,1.8053755112446201,0.0010354229265844284
2024-12-23,0.008053939760238616,0.0033040256791424774,0.07158411081224367,1.728065030485279,0.0009962884452114744
2024-12-24,0.008053235115339381,0.0033032852854459993,0.07123738291904876,1.660599855682787,0.0009526718454992577
2024-12-26,0.008053891340586757,0.003303973098224437,0.07129923904131727,1.6075982118861352,0.0009231412875102124
2024-12-27,0.00805284583899865,0.0032977322417408533,0.07123479498399755,1.5322294609442564,0.0008789524325080207
2024-12-30,0.008051447052603659,0.0030242997517232473,0.07143586604256214,1.6481955492668972,0.0009479796019521069
2024-12-31,0.008051779232419428,0.0031625935176072557,0.07175150759680907,1.6927484513634257,0.0009779469902910574
2025-01-02,0.008052698189097434,0.003164396336944638,0.07136779966443331,1.7357785252001268,0.0009975577352305661
2025-01-03,0.008053050922047795,0.0033030924080530936,0.0711171148734308,1.628097738467991,0.000932427444711238
2025-01-06,0.008054059338054882,0.0033041495824530404,0.07134311249893369,1.5782722496920858,0.0009068778568586801
2025-01-07,0.00805398201967713,0.00330406781117457,0.07126810310645111,1.5486096474087312,0.000888889581249813
2025-01-08,0.008051846290997398,0.0028635078023916166,0.0711136593165059,1.737049578935086,0.0009946280819224246
2025-01-10,0.008053064663361939,0.01400982682033398,0.0709028873598969,1.658163143470666,0.0009467871724577125
2025-01-13,0.008051773595931429,0.0029683665838696554,0.07092069800837997,1.8045051160355594,0.0010304399162960136
2025-01-14,0.008052519122996782,0.0032464360668816323,0.0709379936760042,1.7816033823152955,0.0010177044994684698
2025-01-15,0.008052941829336913,0.0032862896242565223,0.07070141073955297,1.7137186854329196,0.0009757131846932713
2025-01-16,0.008053836623804319,0.003303917633680496,0.07059765612275082,1.7096839557364039,0.0009720955031499935
2025-01-17,0.008052879634482443,0.0032159140009665713,0.07043571952391302,1.7174205378189888,0.0009741387409246561
2025-01-21,0.00805471372610763,0.003304840861106342,0.07180653513178667,1.6568580435672793,0.0009582953515214752
2025-01-22,0.008053744970308937,0.003303820870207059,0.07188108156390505,1.588823793322839,0.0009197889995367941
2025-01-23,0.008052313709090982,0.0032663844846342886,0.0715025920164321,1.5991465206544941,0.0009207266827079905
2025-01-24,0.008053094581902329,0.0033031377834008197,0.07117122050774831,1.5176200281076746,0.000869821749305311
2025-01-27,0.008052565007174793,0.0032915694091723807,0.07191342546616518,1.4621631173013472,0.0008467204331067858
2025-01-28,0.00804998426871081,0.0023253497043394704,0.07182502484846176,1.8813562058589148,0.0010877819469439028
2025-01-29,0.008053275875764763,0.003303332214573688,0.07139458858185561,1.8870752508883246,0.0010849933861263245
2025-01-30,0.008053000249437746,0.005031623652164158,0.07104956680519028,1.8825924695924539,0.0010771482099562655
2025-01-31,0.00805300232021436,0.005329367984771942,0.07077997300480307,1.8894679366240226,0.0010769802606248654
2025-02-03,0.008053148286893902,0.0033032028986394292,0.0714083723419915,1.7640780921870935,0.0010144546487679776
2025-02-04,0.0080526038318064,0.003239732196505948,0.0712165982456336,1.7496712557600849,0.0010033998129267297
2025-02-05,0.00805301600958258,0.00330305680806621,0.07091062277953832,1.6896028001647667,0.0009648381842994846
2025-02-06,0.008052983981057511,0.003302916643987059,0.0706714196369186,1.5929842061596111,0.0009065924972114652
2025-02-07,0.008053192112397746,0.00330324012727699,0.07057548806610348,1.5163773345418128,0.0008618451342468744
2025-02-10,0.008051670859817847,0.0030947762008564877,0.07092190273284317,1.598754913783385,0.0009129527142850121
2025-02-11,0.008053310683160867,0.003303364659128675,0.07071906890276025,1.5560450431548647,0.0008862028701963207
2025-02-12,0.00805309702896571,0.018403046420986353,0.07068331496514146,1.4916909900716275,0.0008490997393590057
2025-02-13,0.008053081764170031,0.016172687348989037,0.07077722183595853,1.4222476694078028,0.0008106452661886775
2025-02-14,0.008053899061223084,0.0033039942951462405,0.07082358588849941,1.3970238176237697,0.0007968707843398609
2025-02-18,0.008053319706357621,0.0033033906159692203,0.072657415551508,1.3248515644701555,0.0007752148957422802
2025-02-19,0.00805288489906328,0.0032257319053601878,0.0720478918617795,1.3409748173303901,0.0007780247122754866
2025-02-20,0.008052803322316598,0.0032936525947946335,0.0718121922147155,1.2965964412817363,0.0007498080559309174
2025-02-21,0.008052660767470467,0.003127448308049417,0.07141480668033467,1.363361692579318,0.0007840409678002612
2025-02-24,0.008049082158663807,0.002492045665618192,0.07190202924346821,1.6853207320081032,0.0009753715213280405
2025-02-25,0.008051593126644151,0.0029898445723403545,0.07181712217190866,1.8220437038471056,0.001053582645908833
2025-02-26,0.008052298669834432,0.003115247153694558,0.07154060002272442,1.8927405563299353,0.0010903440082657837
2025-02-27,0.008052673579685173,0.003266303823660744,0.07123661349136444,1.8190273581430485,0.0010434763042419875
2025-02-28,0.0080534068233833,0.05130542223792485,0.070946705053576,2.1513716491804704,0.0012292134680861363
2025-03-03,0.008054292771744374,0.003304456467722326,0.07153824553508793,2.0548058232749136,0.0011839585137163125
2025-03-04,0.00805141709269123,0.0028534244072114896,0.07146420205989898,2.2799963412503703,0.0013118827581948013
2025-03-05,0.008052991110948825,0.003303028851611707,0.07110915191622919,2.1026762829486483,0.001204079423735498
2025-03-06,0.008053164372415532,0.003303211100819193,0.0709156076476827,1.9717916222853014,0.0011260804251739074
2025-03-07,0.008052586726937786,0.00253368378985066,0.07068386321121405,2.3723689744867857,0.001350323806431815
2025-03-10,0.008053057028690098,0.003303110530816588,0.0720030424833325,2.1856489353709927,0.0012673367487514712
2025-03-11,0.008051277722954426,0.0025066034843481996,0.07169076423697232,2.634098527508902,0.0015204076048146314
2025-03-12,0.008053300855512925,0.0033033527578109107,0.07137024802758325,2.4705965692812133,0.0014200151041487159
2025-03-13,0.008052600911467658,0.003266219888500565,0.07110320044980897,2.362834080574734,0.001352877741649862
2025-03-14,0.008053250964362414,0.0373327598361827,0.07084286342776115,2.515655041931647,0.0014352198374000791
2025-03-17,0.008055787867248676,0.003306001080057394,0.07212245788462107,2.432745735176352,0.0014134331084568702
2025-03-18,0.008053000775892842,0.003303039535757848,0.07162844059133076,2.2415408287659373,0.0012929742951928607
2025-03-19,0.008053191081957789,0.03049169826746486,0.07125335943800418,2.3147868350588685,0.0013282638493391085
2025-03-20,0.008052969498994698,0.0033029437189186278,0.07093912987557822,2.207195181816416,0.0012609058243683447
2025-03-21,0.008052757233358977,0.0032627720989705277,0.07078268717615753,2.138894437789066,0.0012191608379577713
2025-03-24,0.008053361524495305,0.0033034250908976766,0.0716156633830765,1.9941482027148085,0.001150118650558381
2025-03-25,0.008053534125633081,0.00330359883652832,0.07131290522535287,1.9293404352465668,0.0011080605657194638
2025-03-26,0.008052975375908529,0.0033028882827866694,0.07098573535337767,1.832135374925562,0.0010473335526236297
2025-03-27,0.008053015802412723,0.007383982673282929,0.07073009760808975,2.085589003091438,0.0011879318785771036
2025-03-28,0.008052705300800284,0.003243511382565588,0.07061962177275274,2.0485249829378613,0.001164953144077712
2025-03-31,0.008050683972605659,0.00276452701635769,0.07095351987188009,2.3236153679908074,0.001327305713625036
2025-04-01,0.008052914103913358,0.0032932774524964802,0.07074342437824954,2.1908393649383413,0.0012481008550730788
2025-04-02,0.00805341654095276,0.0033034753743302987,0.07072111792742146,2.0704757041343216,0.0011792324409687857
2025-04-03,0.008053083449704993,0.0033031261718250533,0.07054199642333218,1.947682378987015,0.0011064405431181472
2025-04-04,0.008053013847248857,0.007562373501303256,0.07038374963792349,2.438563269373349,0.0013821808567094495
2025-04-07,0.008048303776411761,0.0026196310695638047,0.07177415803079025,2.8412988159005015,0.0016413053193315547
2025-04-08,0.0080533186766609,0.0033033719496161173,0.07151175316618102,2.6410562356914014,0.0015210026081294604
2025-04-09,0.008052711637000014,0.0032451562799023495,0.07123002382779169,2.563338959326163,0.001470318004807933
2025-04-10,0.00805226273214707,0.003265679867050068,0.0709938154698113,2.5344200316860444,0.0014488287210274856
2025-04-11,0.008054466999299792,0.16779543691555296,0.07101862507349248,2.903340384493869,0.0016607605560628033
2025-04-14,0.008054419630367786,0.0033047425851033354,0.07201613206705078,2.724960270879596,0.0015806081580177298
2025-04-15,0.008052976575068373,0.0033029754780042595,0.07170084841759536,2.4938513628413705,0.0014399628764061006
2025-04-16,0.008052982821462648,0.0033028938766116386,0.07128917388088672,2.311528805166325,0.001327026710461047
2025-04-17,0.008052155196084562,0.0028743463643865464,0.0710561450194049,2.537762507847617,0.0014519937800600172
2025-04-21,0.008051878481357144,0.0032571366495835782,0.07254554332008115,2.450204508612161,0.001431232812170429
2025-04-22,0.008052217622357366,0.0030740493558928947,0.07211391301621141,2.54207680962581,0.0014761253352834076
2025-04-23,0.008052962081875777,0.00330289607657586,0.07161259929260341,2.4365271802802906,0.0014051295011973076
2025-04-24,0.008052951457569199,0.0033028802643944766,0.07122008827730024,2.371760254416765,0.0013602801975553616
2025-04-25,0.0080529322685912,0.003302865715740287,0.07091316137390201,2.3672300017168353,0.001351827726492425
2025-04-28,0.008054109981084683,0.003304204842217301,0.07151384762055717,2.2404141733651866,0.0012904346380885826
2025-04-29,0.008052880160736466,0.0032941209139787705,0.07123309376060852,2.1136583322060356,0.0012124611423318687
2025-04-30,0.008052862930576105,0.0032239171933437223,0.07108388557531183,1.972083431715719,0.001128877326898219
2025-05-01,0.008052919204031355,0.0033017733257252367,0.07105943937955794,1.8449086267995254,0.0010557229927657468
2025-05-02,0.008053534076134088,0.003303599353614742,0.07085536403641768,1.8030518358195773,0.001028886447395089
2025-05-05,0.008053494302913881,0.00330355682559147,0.0707312726361655,1.742508208280936,0.0009925917485791055
2025-05-06,0.008052902745388207,0.0032478995871276016,0.07053999196944266,1.7222336928738047,0.0009783177684065181
2025-05-07,0.008052995987322282,0.0043935317659207565,0.0703821914539879,1.6849959111787105,0.0009550346290352651
2025-05-08,0.008052923582710017,0.0032999002193848117,0.07034942658922624,1.5960858973196828,0.0009042122784567157
2025-05-09,0.008053046913190752,0.003303087907476021,0.07024225268622178,1.517269064767249,0.0008582647252049316
2025-05-12,0.008052483413943561,0.0032581293538362427,0.07052455116023301,1.500372001640433,0.0008520579266455835
2025-05-13,0.008054005653335996,0.003304106825476852,0.070409685493126,1.5915046942196782,0.0009025104899735171
2025-05-14,0.008052951376156928,0.0033028874660260845,0.07028061011176198,1.5826621403246055,0.0008957334925535391
2025-05-15,0.00805276815132722,0.0032218732729410084,0.07034201604569482,1.506725565131754,0.0008534816023274001
2025-05-16,0.008052875374276786,0.0032806119110991975,0.07026594461058523,1.4679863693192263,0.0008306496570432918
2025-05-19,0.008053251818021858,0.0033033107976929298,0.07122060230451117,1.3895342303305263,0.0007969777028737117
2025-05-20,0.008052988424907781,0.003302977504274291,0.07091344148090935,1.311057237258126,0.0007486990630004329
2025-05-21,0.008052815912948867,0.003250417625918195,0.07071113167183678,1.3113660157460627,0.0007467229232943379
2025-05-22,0.00805287197904382,0.0032040965672526104,0.07052427418918047,1.3404836376326605,0.0007612914238687872
2025-05-23,0.008053169771176441,0.003303216650396842,0.07045938630595006,1.2843006804963513,0.0007287396900129815
2025-05-27,0.008051168081330742,0.0031847025944548263,0.07208941730892066,1.3233774204613453,0.0007680935690421616
2025-05-28,0.008053316231396261,0.003303377377053099,0.0716024296960599,1.3594501433818555,0.000783909264943198
2025-05-29,0.008053036847918981,0.010132256989085564,0.07123279459072582,1.3183389100515952,0.0007562523537286343
2025-05-30,0.008052870807289223,0.0033005349742078827,0.07129144630026774,1.2612364264588583,0.0007240768498957568
2025-06-02,0.008053076292244579,0.003303120480492763,0.07122456329994414,1.1999306498513436,0.000688252432924236
2025-06-03,0.008053467735364658,0.0033035289917085833,0.07101311351364836,1.1812374752906007,0.0006755518601635533
2025-06-04,0.008053317870623446,0.003303371944302577,0.07089137506542893,1.145822578354901,0.0006541624593004794
2025-06-05,0.00805301457577478,0.0033030539679206245,0.07066509137214584,1.097496704603488,0.0006245491690716933
2025-06-06,0.008052864253503659,0.003300306469042784,0.0708535915329758,1.0595854812003374,0.0006045723019610045
2025-06-09,0.008053175045745087,0.0033032221645320236,0.07066621449771418,1.034448895372388,0.0005886918273042268
2025-06-10,0.008052692306726157,0.0032873122295224294,0.07085420357913623,1.0194857889861397,0.00058168505017514
2025-06-11,0.008052991054995118,0.0033030296402782986,0.07066673359458683,0.9759242988336251,0.0005553776078466059
2025-06-12,0.008052989067961239,0.0033741371530167283,0.07048106547987346,0.9384602057472006,0.0005326542933931813
2025-06-13,0.008053190454390133,0.0033032384610987755,0.07042617298635526,0.9157154413642276,0.0005193529428118256
2025-06-16,0.008050126299994978,0.002877763163871817,0.07134671028469183,1.0485928521460668,0.0006022593349144197
2025-06-17,0.008052966985939443,0.0033029649263135326,0.07101199857642099,1.0542818790801438,0.0006028987678732376
2025-06-18,0.008053057017646194,0.012953072295626776,0.07077147865858521,1.0459444577246415,0.000596111728463669
2025-06-20,0.008052468065688767,0.003254604656180401,0.07093423037249057,1.054665266718881,0.0006024201860191554
2025-06-23,0.008050827582667841,0.0030782847522086766,0.07195679052885123,1.1364674406512596,0.0006583689008919689
2025-06-24,0.008053938398662969,0.003304022071073344,0.07186097932077615,1.1222681782114539,0.0006495283084723623
2025-06-25,0.008053179261684319,0.003303228857424992,0.07142274843124272,1.1234389185791471,0.0006461798179204867
2025-06-26,0.008052970103949505,0.003302898476839458,0.07107158540499693,1.1048052779545203,0.0006323213278199568
2025-06-27,0.008053682576991414,0.00330375515423206,0.07088578946258262,1.1121169863205358,0.0006348982985900761
2025-06-30,0.008054318231815604,0.0033044239943282655,0.0716942078021103,1.092521377927409,0.0006308742464207827
2025-07-01,0.00805298066123274,0.003302967040204136,0.07128382826764411,1.0632110494955767,0.0006103334221904428
2025-07-02,0.008053257818624416,0.035683662294874005,0.07097386763476468,1.2560422550896786,0.0007179171449640023
2025-07-03,0.008052987242513611,0.0033030649946882854,0.07072059726586084,1.2155162058867692,0.0006922511475732413
2025-07-07,0.008055094709047273,0.0033052345619055718,0.07137310286052026,1.2163210388886239,0.000699283768263466
2025-07-08,0.008052141855783809,0.0031790186792703865,0.07140778926079308,1.2597103322780177,0.0007243153626240933
2025-07-09,0.00805264875511896,0.0032552389473523907,0.07122248134267171,1.258845302809783,0.0007219850753605656
2025-07-10,0.008053133291592747,0.003303179401656785,0.07092362107247487,1.237020735521103,0.0007065335149073547
2025-07-11,0.008053006454878199,0.006022086126908752,0.07068154937534196,1.3391707271443112,0.0007622546030448703
2025-07-14,0.008052576620334448,0.0032726493220894682,0.07086531845584311,1.3196759530061772,0.000753070979798217
2025-07-15,0.008053138237464829,0.0033031851473076857,0.07089532255956678,1.2563334930645198,0.0007172782713397039
2025-07-16,0.008052855417637153,0.003265990032546204,0.07073255186302002,1.2073006931753179,0.0006876772837984392
2025-07-17,0.008052787203693313,0.0032923830405608766,0.07078819680987002,1.1749222018895273,0.000669755337182881
2025-07-18,0.00805313666782095,0.0033031819019556223,0.07061496152599782,1.1364202309942746,0.0006462502928256458
2025-07-21,0.008052408172492365,0.003276679270755382,0.0712863576059717,1.1250368125078016,0.0006458013360130737
2025-07-22,0.008053418437058528,0.0033034772521246076,0.07105638948975891,1.1077418465420004,0.0006339017681040517
2025-07-23,0.008053010985430105,0.006655682251064047,0.07078527738643141,1.2276691761313543,0.00069981392788171
2025-07-24,0.008052986929979541,0.0033029124377565444,0.07057359550174287,1.1681912158124692,0.0006639160602095448
2025-07-25,0.008052965113663843,0.0033028944498406216,0.07040842817748286,1.155427805158234,0.0006551236553504075
2025-07-28,0.008052725575742294,0.0032977044793559055,0.0711248334619931,1.1182839427768265,0.000640495747692497
2025-07-29,0.008053255112001893,0.0033033060553827875,0.07093020661309964,1.087575896470848,0.0006212440692998964
2025-07-30,0.008052753393802833,0.0032612743409519787,0.07077532233511895,1.0905170365260697,0.0006215251545152513
2025-07-31,0.008052886014024294,0.0031007042012080937,0.07099797736895237,1.0447374029462453,0.0005973167199556186
2025-08-01,0.008052951258919933,0.003264740962736215,0.07081556431210054,1.0024108857713567,0.0005716491539444307
2025-08-04,0.008041709680043191,0.0022639451103117357,0.07514178452245768,1.3327257472350174,0.0008053240762040954
2025-08-05,0.008055460038475808,0.003305615454179471,0.07500989988483388,1.33586319455029,0.0008071809761300329
2025-08-06,0.008053887193798969,0.11670403764972913,0.07430439143490326,1.4163668156394964,0.0008476094051076999
2025-08-07,0.008053895407151507,0.003304105745424717,0.07348914883315637,1.4103400836259676,0.000834743511378831
2025-08-08,0.008052825582459249,0.003255050295626344,0.07273068849489724,1.4022178058352994,0.0008212615097819211
2025-08-11,0.008054280717935607,0.0033043829358305435,0.07292442607432775,1.3669970686231525,0.0008029109212001427
2025-08-12,0.008052787494178442,0.0032717573267437555,0.07233832057007446,1.3468492616058474,0.0007845735320980251
2025-08-13,0.008053478357586854,0.0033035402286824425,0.07187669631107357,1.3224763745095822,0.0007655252597210218
2025-08-14,0.008052673601728311,0.0032611812043501507,0.07158801305364565,1.3139487174441475,0.0007574584593268917
2025-08-15,0.008052891840524328,0.003266652219175862,0.0712735092224574,1.2552913442236304,0.0007204843346905133
2025-08-18,0.008052889044275644,0.0033004145255856082,0.07120875792251992,1.2040726308192007,0.0006904588658858998
2025-08-19,0.008052952788755754,0.0033007917991298946,0.07094318322193433,1.156300123848021,0.0006605966949630374
2025-08-20,0.008051022981592345,0.00276232939912128,0.07106706869163096,1.3480775993276486,0.0007713195886422538
2025-08-21,0.008052747693539059,0.0032062786499338285,0.07083248560604474,1.374911292783391,0.0007842440874976002
2025-08-22,0.008053616152591335,0.08362121297027955,0.0712299440610437,1.3825770569485027,0.0007931272576461687
2025-08-25,0.008056296057182416,0.003306592408314985,0.07355944065114495,1.3674251990692077,0.0008103589155554481
2025-08-26,0.008052987347390501,0.0033030262112945605,0.07283858745484544,1.2906278857375397,0.0007570413057180361
2025-08-27,0.008052973903661534,0.003292749459843875,0.0722016285413178,1.2250337566158778,0.0007122809696687417
2025-08-28,0.008053142919964545,0.003303188639496916,0.07176888628779018,1.1765718757020294,0.0006800174800115784
2025-08-29,0.008053190994429927,0.00330324149009348,0.071350685168016,1.1787040442585934,0.0006772841633149219
2025-09-02,0.008049426590153293,0.0028398050209474555,0.07250238452753648,1.3464220589454248,0.0007857754437380554
2025-09-03,0.008051749385624918,0.003191791843797091,0.0728310210251662,1.3808150070657543,0.0008097335718389143
2025-09-04,0.008054074628407354,0.0033041649674795154,0.07240969097204028,1.3735578443442806,0.0008010493953369862
2025-09-05,0.008053460657143614,0.003303521467910381,0.07200531732769484,1.3325635188420257,0.0007727429110141903
2025-09-08,0.00805425624529845,0.0033043726703372426,0.07416621680319127,1.2828338568550166,0.00076630556996267
2025-09-09,0.008053965156913612,0.003304051838637756,0.07387806781160824,1.2500478638607577,0.000743792709560526
2025-09-10,0.008052894551467984,0.0031159086954451877,0.07341638989706802,1.1897018852306553,0.0007033689412084929
2025-09-11,0.008053050797177845,0.0033030918383327623,0.0726427556973481,1.1493041809721778,0.0006723381207193798
2025-09-12,0.008052778492253337,0.003283820010892483,0.07218696101603823,1.1308736534886619,0.0006573831956845374
2025-09-15,0.00805308789924655,0.0033031317333763223,0.07183069603760496,1.0832965972876527,0.0006266425678498939
2025-09-16,0.008053987168302107,0.0033040740395369446,0.0715516142224843,1.095877484858691,0.0006315276554608683
2025-09-17,0.008052737672533412,0.003276507092949018,0.07133390393525336,1.0871720595524288,0.0006245077420229632
2025-09-18,0.008052879880229449,0.0032144790956207423,0.07101055995468555,1.1162365851028107,0.0006383081813590488
2025-09-19,0.008052961071601023,0.0033028885338902887,0.0707494710752189,1.1125137498163267,0.0006338466281086532
2025-09-22,0.008054181653195944,0.0033042797618071736,0.07138782428383475,1.0927844393943855,0.0006283188205468386
2025-09-23,0.008052844722871457,0.003287439882721201,0.07113476896217673,1.0742381226292863,0.0006153636107764756
2025-09-24,0.008053822332027906,0.1056553569337659,0.07100719084166582,1.2113758416515268,0.0006927607675552337
2025-09-25,0.008053097769901449,0.01854971094135441,0.07076772690584264,1.2212331628339734,0.0006959800757346944
2025-09-26,0.00805299745962207,0.004605306899070718,0.07055990153014999,1.218333441371818,0.000692279853693513
2025-09-29,0.008053441245780439,0.0033035078859145837,0.07124012508854842,1.1696728787833348,0.000671074270584624
2025-09-30,0.008053037441154138,0.003303078505149474,0.07101962268054571,1.1163924814237067,0.0006384912968618063
2025-10-01,0.00805299279619582,0.003911575949835854,0.0707565931179193,1.086653214345481,0.0006191775385019814
2025-10-02,0.008052897734678221,0.003300992517290572,0.07081885280954592,1.0478630868494483,0.0005975931532157081
2025-10-03,0.008053044185385128,0.0033030850416805716,0.07062761181248858,1.009218028017302,0.0005740101913439738
2025-10-06,0.008051832743054047,0.00320150315917706,0.07129835166942997,1.0450484354641068,0.0005999439165576953
2025-10-07,0.008052758427385356,0.0032260871431111257,0.0711302699023387,1.01563735237904,0.0005817518757839505
2025-10-08,0.008053194995936985,0.03184336260745146,0.07091864001447593,1.0320919218546794,0.0005894500278236072
2025-10-09,0.00805378790999653,0.003303895619764264,0.07076736402236791,1.0504948934714304,0.0005987246700531806
2025-10-10,0.00805302100346971,0.003303060701399185,0.07056820314292428,1.011933661206314,0.0005750689692633509
2025-10-13,0.008044619106493974,0.0019415039395113125,0.0719114972713117,1.483407581572593,0.0008581521832906451
2025-10-14,0.008052287694779083,0.0032676343769220064,0.07152382285521236,1.50392107185888,0.0008661538624697398
2025-10-15,0.008052108217567912,0.003012123145085607,0.07130976240856078,1.6249331206145174,0.0009330267245727528
2025-10-16,0.008052850969739535,0.0031704219577937767,0.07125971283760789,1.532593648871555,0.0008794694363182164
2025-10-17,0.008052930230695261,0.0032742751096976586,0.07095188446844404,1.499382432903214,0.0008567030033736814
2025-10-20,0.008053681494690544,0.003303765364514085,0.0724643536324784,1.4266844494655453,0.0008326199268549742
2025-10-21,0.008053859660838377,0.003303939984466921,0.07205056073605716,1.413944683271031,0.0008204910385053646
2025-10-22,0.008052989529085898,0.0034398311652570233,0.07156296934992908,1.339480902448708,0.0007719372756518263
2025-10-23,0.008052311792296414,0.0029958506061276004,0.07126920509599693,1.4617256129379608,0.0008388578144717986
2025-10-24,0.00805308921842944,0.003303132252934477,0.07095989238967279,1.4109408106753922,0.0008062769683464769
2025-10-27,0.008053350066322951,0.00330340555868838,0.07079836920007346,1.3678513858570975,0.0007798996877269841
2025-10-28,0.008054582631154546,0.0033046972691312144,0.0710915026531667,1.3597991938103235,0.0007786378560796185
2025-10-29,0.008053336512516673,0.003303392155560487,0.07085136740573032,1.3378709452122872,0.0007633756543138803
2025-10-30,0.008052453202482752,0.0030236975002099708,0.07124418519301393,1.288615119911432,0.000739266210203281
2025-10-31,0.008053591974315592,0.07752168951315985,0.07100768231934367,1.455201618515574,0.0008321816390984172
2025-11-03,0.00805310726107367,0.003303237719095224,0.07083584412410891,1.3822775401392375,0.0007885183576102513
2025-11-04,0.00805321406611499,0.003303266913468018,0.07116849141873866,1.313422318916178,0.0007527684270475224
2025-11-05,0.008052342059295982,0.002802100504116909,0.07091621269322819,1.507722970237654,0.0008609725405314019
2025-11-06,0.008052986576745424,0.0033029247409326113,0.07067577208388601,1.4222618046774045,0.0008094817908207932
2025-11-07,0.008052359169966503,0.0030407142713241198,0.07057802549812596,1.5285423306570252,0.0008687005824777845
2025-11-10,0.008052688614256953,0.003297467258774677,0.07146210290619481,1.4605972784903505,0.0008405183222503159
2025-11-11,0.008053851695332428,0.003303933533838744,0.07119367404621714,1.4695257812428173,0.0008426015307363652
2025-11-12,0.008053098461352125,0.01860310365419001,0.07105282880842262,1.4131613014756579,0.0008086044334017627
2025-11-13,0.008053086972248696,0.01708258423679532,0.07080323338236057,1.4062288792240363,0.0008018100458684368
2025-11-14,0.008053011628012145,0.0068404510895338855,0.07058757767699024,1.598398601407454,0.0009085978309679385
2025-11-17,0.008052912843959781,0.00330204174151931,0.07079111689077051,1.508611370763102,0.0008600211662284695
2025-11-18,0.008052790515325564,0.0032372596358743446,0.07061727273238502,1.509319257918249,0.0008582987022095271
2025-11-19,0.008052419987333848,0.003083342760177685,0.07053198214664098,1.5975664348846663,0.0009073428774987947
2025-11-20,0.008053051089497986,0.003303092069570013,0.07038438143552003,1.5204946494718137,0.0008618300815786597
2025-11-21,0.008053013362048637,0.007031870932811163,0.0702609029151171,1.710378536402627,0.0009677526833438781
2025-11-24,0.008053099222967918,0.003303154048276939,0.07101232728939877,1.602339762378298,0.0009163289466595345
2025-11-25,0.008054124148910703,0.003304221953159638,0.07084206555637738,1.6394227184434709,0.0009354067171740749
2025-11-26,0.008052980623429752,0.00330290476379677,0.0706179154779524,1.556537592911118,0.0008851791218631143
2025-11-28,0.00805300445137473,0.003303044072805751,0.07053189420068677,1.4621478372865997,0.0008304906985816752
2025-12-01,0.008053687745124723,0.003303761148446285,0.07088430876085203,1.4074067127274597,0.0008034604691239614
2025-12-02,0.008052601808428523,0.0032723550763484725,0.07097764134534336,1.3839998833317482,0.0007910316146665305
2025-12-03,0.008053266695402725,0.0033033186614847445,0.07090464713492385,1.3255970084563184,0.000756934494356847
2025-12-04,0.008052548491163799,0.0032252059627819523,0.07083050325258707,1.3418076064857114,0.0007653215206003624
2025-12-05,0.008053029712965046,0.00912577175379074,0.07068192026607499,1.2831722739207565,0.0007303862829611227
2025-12-08,0.008053299389441578,0.0033033628376735215,0.07115885517329949,1.2257384313829527,0.0007024260351483697
2025-12-09,0.00805288895094936,0.003295683579792712,0.07095717162867973,1.18707589248247,0.0006783073009152277
2025-12-10,0.008052986518587652,0.0033029245358401275,0.0707077550764843,1.1325398813818741,0.0006448779464790251
2025-12-11,0.0080527013123012,0.003288200274747151,0.0708855480036969,1.1104477250186608,0.000633865931890407
2025-12-12,0.008052541815754998,0.003251642739236029,0.07091030459531039,1.118470918436253,0.000638656057971715
2025-12-15,0.008049990677785392,0.002515384362761409,0.07118129834008102,1.387595536883947,0.0007951044369216458
2025-12-16,0.008051204968600921,0.0026870023683036007,0.07113954217983338,1.6338830962296103,0.0009358213062545778
2025-12-17,0.008053031137473694,0.003303070492270495,0.07085859185001347,1.5457691558285098,0.0008820567605394508
2025-12-18,0.008053010754235595,0.006645901819525182,0.07063080862774737,1.699106405969973,0.0009664358565419145
2025-12-19,0.00805331493265152,0.0033033724494648184,0.07054243945755072,1.628102194643544,0.0009249256400067508
2025-12-22,0.00805337403446904,0.0033034306680806646,0.0704815679565254,1.5683641071840255,0.0008902260976177839
2025-12-23,0.008053023177741694,0.0033030640707164168,0.07047709000105173,1.474092704907228,0.0008366266793036271
2025-12-24,0.008052756217765829,0.0032655394591418452,0.07040641392323903,1.420558660019619,0.0008054080172992569
2025-12-26,0.008052969172627397,0.0033029434486663064,0.07053635453914903,1.3409994190592984,0.000761723995893998
2025-12-29,0.00805270117500573,0.0032988935327824902,0.07165767441582066,1.2860088358717592,0.0007420757595432091
2025-12-30,0.008052995228699837,0.004344290184487793,0.07125521546901259,1.3096507046138555,0.0007515010304029206
2025-12-31,0.00805302683367799,0.008723773312475027,0.07096103253968264,1.2652991918822363,0.000723056614002237
2026-01-02,0.008052165401407532,0.0031853602934114114,0.07108281652153116,1.3048798330941338,0.0007468748475536915
2026-01-05,0.008051817793073601,0.002991626526484827,0.07106462536454244,1.4271718849871826,0.0008166269176489181
2026-01-06,0.008053256648029753,0.0033033077065559515,0.07095540658409867,1.3652588577968343,0.000780139083275132
2026-01-07,0.008052880805233378,0.0032661458947093195,0.07077927804266057,1.3033965306095678,0.0007429061610568591
2026-01-08,0.008053171500188227,0.003303218419309743,0.07060659610813731,1.2601991726470774,0.0007165581056210387
2026-01-09,0.008052825891097523,0.003119834051920225,0.07044269330677289,1.3302089307724627,0.0007545779688276301
2026-01-12,0.008053515046799976,0.0033035794706613693,0.07067965289749545,1.2825393473770157,0.0007300465960044818
2026-01-13,0.008052995183894934,0.003303033962740021,0.07053038857941148,1.2151657170196142,0.0006901908927496668
2026-01-14,0.008053087090847623,0.0170349446571815,0.07053626163783566,1.1761553883933893,0.0006680970238388915
2026-01-15,0.008053321816168682,0.044407364505923606,0.07040013941952684,1.3475732453380538,0.0007640133605380506
2026-01-16,0.008052990185389198,0.0035340742404088347,0.07027318061150413,1.2840231886409426,0.0007266405788145422
2026-01-20,0.008052666877230722,0.003284631174396436,0.0705478361656689,1.2558319390610977,0.0007134358936599477
2026-01-21,0.008052086567026287,0.002450802353023004,0.07042752078410872,1.575706360838793,0.0008935649472404614
2026-01-22,0.008052973965598974,0.003302875091888081,0.07038384620638272,1.481520575880533,0.0008397247973420508
2026-01-23,0.008052759962699493,0.0032652250327471306,0.07033423998485017,1.4266749587892673,0.0008080469423716436
2026-01-26,0.00805361510751518,0.003303683487230668,0.07047772438925931,1.3829406742786785,0.0007849577710113822
2026-01-27,0.0080532153764387,0.003303264526776031,0.07037277565105945,1.339670337456499,0.0007592275106972433
2026-01-28,0.00805338742789395,0.0033034447411098523,0.07034127885122508,1.3053104055114453,0.0007394395100883013
2026-01-29,0.008053231401029273,0.03664997242637791,0.0703010629845889,1.3254475442620397,0.0007504030920477723
2026-01-30,0.008053146331772858,0.024966300749947892,0.07021716062844065,1.3655353417720404,0.000772167999139143
2026-02-02,0.008052160200201691,0.0031852349245672295,0.07050204225459347,1.4032959055921435,0.0007966422991134507
2026-02-03,0.008052941704780362,0.003302609647546886,0.07068075369184217,1.329053788158728,0.0007564814531281331
2026-02-04,0.008052708247870891,0.002970571788617623,0.07050502107226322,1.4609236015496483,0.0008294486731274546
2026-02-05,0.008054042289776731,0.12516552803783235,0.07051656362140403,1.694568750796435,0.0009624191133517179
2026-02-06,0.008051557262109694,0.002868329167342136,0.07062066325849313,1.8903951525689269,0.0010748906199210457
2026-02-09,0.008053794632541368,0.0033038709284660987,0.07070552063457596,1.8228677147425023,0.0010380279051780542
2026-02-10,0.00805360793452531,0.003303675778206239,0.07067512963518213,1.7587954338657217,0.0010010883945154223
2026-02-11,0.008053160906667314,0.027257927003057687,0.07056091876948085,1.7257036807812778,0.0009806111546524568
2026-02-12,0.008053108596842705,0.020006093109776586,0.07041930138134807,1.7213517047756175,0.000976168707949311
2026-02-13,0.00805301241257062,0.0069515269110042525,0.0702881012752302,1.9479231811694835,0.0011025848127098053
2026-02-17,0.008052415210252935,0.0032889393838159953,0.07169828607089687,1.8599722480663656,0.0010738445044872012
2026-02-18,0.00805307857357011,0.0033031220494275093,0.07145188417836516,1.7395141825692437,0.0010009297462212333
2026-02-19,0.00805272111765289,0.0032243640248304935,0.07125428004748069,1.6547262550637483,0.0009494667772313162
2026-02-20,0.008052931132714478,0.003297020104709209,0.07097727592924884,1.5770647618798006,0.0009014109727063037
2026-02-23,0.00805318445820177,0.003303232620961834,0.07088623194500415,1.4954383493378027,0.0008536857886527467
2026-02-24,0.008052694036803242,0.002803248385506652,0.07066084716566587,1.7058894300956653,0.0009706684561251011
2026-02-25,0.008052982032638356,0.0033028985426624084,0.07047651063336545,1.6121580769052957,0.0009149739869788707
2026-02-26,0.008052951060224476,0.003302880645961671,0.07033272151072821,1.601041885820127,0.0009068076523181461
2026-02-27,0.008052997631784829,0.004633590034945479,0.07022063443341231,1.5809861882037488,0.0008940265086326763
2026-03-02,0.008053048515861165,0.0033030939446420282,0.0705060090502786,1.485702728894563,0.0008435646438918506
2026-03-03,0.008053406876020219,0.0033034650871987354,0.0704603723706337,1.4392781744977903,0.0008167127111366177
2026-03-04,0.0080529857317354,0.0033024626769119257,0.07032089024345198,1.3629726855420712,0.0007718420624394528
2026-03-05,0.00805228571215792,0.003221530933357528,0.07037321600320176,1.3518035122127299,0.000766020064034609
2026-03-06,0.00805319206773656,0.003303239965698554,0.07029013343594144,1.3077720008060982,0.0007402773468834539
2026-03-09,0.008051994015075692,0.00318066357724487,0.07070201179259553,1.3489129586243933,0.0007679255931906045
2026-03-10,0.008053286106513367,0.003303338826580465,0.07054798697342249,1.3191094484791768,0.0007494429620803934
2026-03-11,0.008052994100583825,0.004108309321821858,0.07038843601026726,1.2891710793704891,0.0007307507178926976
2026-03-12,0.008052991193153279,0.003679966315955648,0.07026404309116602,1.2385239980394818,0.000700801118426184
2026-03-13,0.008053606994649186,0.08334682940783177,0.07032909579552454,1.3267134623782448,0.0007514543496760545
2026-03-16,0.008051067886777898,0.0029840940859152286,0.07088624130737321,1.4526317360130816,0.0008290313723608273
2026-03-17,0.008053218667906594,0.0033032675457707484,0.0707442217115138,1.3915079146037679,0.0007927680619658902
2026-03-18,0.00805298432840402,0.003302918472083093,0.07054153122350686,1.3231553778849476,0.0007516446710141923
2026-03-19,0.008053547359284556,0.07649751003507542,0.07054488479058829,1.3970252662837344,0.0007937011438507301
2026-03-20,0.008053409496115204,0.05965165025448511,0.07066967359568545,1.402672381504812,0.0007983054859426952
2026-03-23,0.008051411311866367,0.002792357913147475,0.0707384648025112,1.608776344375735,0.000916269679567996
2026-03-24,0.008053875483801787,0.003303955496948584,0.07079596998043879,1.5690879929134558,0.0008946656153965316
2026-03-25,0.008052744608381672,0.00293329926679701,0.07059043439413508,1.7282486168898843,0.0009824172921299112
2026-03-26,0.008052985442967333,0.0033029153299679545,0.07042155791350332,1.6231181453257943,0.000920476436815789
2026-03-27,0.008054217221461525,0.13816852736192675,0.07045162051123798,1.939950281101725,0.001100791138964419
2026-03-30,0.008051120230910985,0.002997005367834023,0.07097807542239462,2.079318757804354,0.0011882329815781222
2026-03-31,0.008052112734067716,0.003171465222677122,0.07109844150812124,2.1058497933071876,0.0012055835628711987
2026-04-01,0.008053337484739314,0.003303401474500783,0.07082645720944683,2.1348873328339204,0.0012177170253312591
2026-04-02,0.008053119940706819,0.003303164792705926,0.0706183596044314,2.0274911829703472,0.0011530304238902536
2026-04-06,0.008053332263487492,0.003303393596372113,0.07137241937989121,1.8946170236759523,0.001088998976264622
2026-04-07,0.008053143028722568,0.0033031887995414364,0.07112393059104231,1.782182213393261,0.0010207826197029472
2026-04-08,0.008052979624427792,0.0033029177808221416,0.07083800449091565,1.6899436249540962,0.0009640401819528468
2026-04-09,0.008052951466725104,0.003302892700345377,0.07061471829577076,1.6772303873304466,0.0009537686314246226
2026-04-10,0.008053307282913074,0.0033033607065963847,0.07053048645571813,1.6070266191510012,0.0009127970339234011
2026-04-13,0.008053595047263917,0.0033036643374488796,0.07088744907381825,1.5352900552839666,0.0008764952636843014
2026-04-14,0.008052828702445534,0.0032928628889218516,0.07067274121844196,1.4885137683150658,0.0008471362261996952
2026-04-15,0.008053714540084673,0.003303794159032456,0.07052370404955459,1.5274955658288527,0.0008675835415460261
2026-04-16,0.008052511666187454,0.003265285606149452,0.0704428294306011,1.5073659466458642,0.0008550408308239043
2026-04-17,0.008052963445237303,0.003292148046943352,0.07032738541499588,1.4231708694366343,0.0008060040892522412
2026-04-20,0.008053200674483334,0.003303261622100116,0.07172794549585183,1.3465655812080073,0.0007778295216248727
2026-04-21,0.008052826493891021,0.0031288093864560583,0.07131948633000376,1.4128401079478112,0.0008114272037512818
2026-04-22,0.008053073938648922,0.015295894915050758,0.0710116305826785,1.395875157885435,0.000798247836124239
2026-04-23,0.008054102437853322,0.0033042113015668553,0.07083948112224832,1.4364492671171736,0.0008195638850496268
2026-04-24,0.008052763728956937,0.002979722447081589,0.07062439796609242,1.5694082982257778,0.0008925563832295763
2026-04-27,0.008054191362014311,0.003304286826032988,0.07081932463244549,1.540621535345337,0.0008787588038190137
2026-04-28,0.008053129929848465,0.0033031748502818717,0.0706391269924513,1.470190611777499,0.0008363415522402184
2026-04-29,0.008053004190843037,0.005628911853288815,0.07045955351602799,1.5234948436386495,0.0008644478542218059
2026-04-30,0.008053019180923483,0.007661503675042587,0.07048128754767466,1.4396812027187789,0.0008171445659017256
2026-05-01,0.00805295318108698,0.0033007900562373317,0.07037389869877149,1.3710378174646092,0.0007769914141451034
2026-05-04,0.008054023566480216,0.0033041117505950473,0.07068172673747888,1.3420574701415393,0.000763996133181619
2026-05-05,0.008053263316646296,0.003303315623824367,0.07073271992832136,1.284493547125191,0.000731685055655318
2026-05-06,0.00805273875410075,0.003265784294795629,0.07060560579233661,1.248259376476737,0.0007097209588236456
2026-05-07,0.008053397429360055,0.0033034565361711957,0.07047130351347496,1.2424772764322287,0.000705147371205638
2026-05-08,0.00805292551208543,0.0032731783617867788,0.07033729836527161,1.2285504985548155,0.0006958768319884054
2026-05-11,0.00805648944625203,0.0033066955615203555,0.07107523550866678,1.2721035073272082,0.0007284279474649106
2026-05-12,0.008052988700499671,0.003321310901376671,0.07079985150600884,1.2060885435831978,0.0006876518705947295
2026-05-13,0.00805313314691969,0.02324725966283224,0.07060574723397388,1.2404421498229465,0.0007053122847086746
2026-05-14,0.008052364269905953,0.0032222339668990475,0.07059485155466377,1.2291601925083464,0.0006987228230124201
2026-05-15,0.008052892192999716,0.003292098449009463,0.07044594238701145,1.1880776315221977,0.000673988812282632
2026-05-18,0.008050245782314077,0.0028302081788603058,0.07115785531116861,1.3601236789541453,0.0007791308334847733
2026-05-19,0.008052605624769896,0.003198750316323761,0.0709561082556179,1.390819141125807,0.0007946884055982655
2026-05-20,0.00805300031679452,0.0050457196386061165,0.07070693708652884,1.410706746822297,0.0008032606350794128
2026-05-21,0.00805350668533723,0.0033035717687817626,0.07060195135457335,1.3840892868915884,0.0007869838774561589
2026-05-22,0.00805304830724438,0.0033030893807547554,0.07043905394462738,1.3251786611024563,0.0007517064083261087
2026-05-26,0.008052700601196979,0.003242234522939026,0.07039316547450371,1.3304943706424437,0.0007541975008088105
2026-05-27,0.008053327618073534,0.0033033902318016814,0.07027628952738965,1.372113659951001,0.0007765586799082719
2026-05-28,0.008053265046993153,0.0033033164622702066,0.07026625155969907,1.3227830065521975,0.0007485268544874901
2026-05-29,0.008053113766922979,0.0033031586436953293,0.07017730453452434,1.2903137866840895,0.0007292154395135854
2026-06-01,0.00805457743332705,0.0033046918654844005,0.07047262810963198,1.2967657316220405,0.0007360795532178918
2026-06-02,0.008053402148439052,0.0033034607927094517,0.07038245658169356,1.2793197660161122,0.0007251417615999847
2026-06-03,0.008052760575090582,0.0032674473339903954,0.07035649482947129,1.2680753478455566,0.0007184458512225263
2026-06-04,0.00805342113923901,0.059818774178334554,0.07031250926314975,1.3639703808366601,0.000772356750853289
2026-06-05,0.008053354292257706,0.047299889991681825,0.0702256715819889,1.581010952607272,0.0008941442440701043
2026-06-08,0.008049373679140052,0.0021305823727555662,0.07051319592541376,2.1404732211435196,0.0012149049096912604
2026-06-09,0.008053240707359906,0.003303288846025184,0.07040083498054855,2.037203320612574,0.0011550023440000587
2026-06-10,0.008053001486806419,0.0052319646008376405,0.07027370236984547,2.0532030699319224,0.0011619368336719983
2026-06-11,0.008053009182832116,0.006439486687211141,0.0701746175802873,2.2210810392903877,0.0012551702978097015
2026-06-12,0.00805363631878665,0.0033037098082051583,0.07018779882499704,2.1539272642344107,0.0012175440152628622
2026-06-15,0.008052377115677163,0.0032553704730642905,0.07062246847222994,2.0984506354222905,0.001193344282144911
2026-06-16,0.008053736567850895,0.0033038173243867585,0.07048592581843886,2.1209856602190746,0.0012040307007015311
2026-06-17,0.008052394015205546,0.0030669909003457926,0.07043015536696652,2.220207759646386,0.0012591494496897804
2026-06-18,0.00805381798884123,0.10350548107082894,0.07139099277174128,2.1818216704316424,0.001254482140742008
2026-06-22,0.008055942735826768,0.00330624362574452,0.07253169257549477,2.1315685357934866,0.0012454992878632623
2026-06-23,0.008053242231476439,0.035885390092816744,0.0719579103471568,2.303341957819583,0.0013347739558591772
2026-06-24,0.008052796523702575,0.0030306238478541407,0.0714980936144205,2.4273141516427623,0.0013975494243192034
2026-06-25,0.008052924308296907,0.0032708080995984758,0.07113894379901796,2.3297250532522127,0.0013346448038618845
2026-06-26,0.008052760153030391,0.003263642876609317,0.07093877976031956,2.2506955013084045,0.001285716509850921
2026-06-29,0.00805325453884106,0.0033033086926722937,0.07120213588628306,2.0935993511346993,0.0012004885512241499
2026-06-30,0.008053227688692356,0.0033032774854592916,0.07093786601802632,1.992512175269191,0.0011382799381583002
2026-07-01,0.008052982070737598,0.00330290640787489,0.07069270712274021,1.8698522975371143,0.0010644827974865883
2026-07-02,0.00805294337305695,0.0033015749472307776,0.07050387031866634,1.7814894194420146,0.001011464980214874
2026-07-06,0.008052742822327848,0.0033004940987692217,0.07184452784657996,1.6800395416911549,0.0009719793266470495
2026-07-07,0.008053759437775155,0.0033038360091993844,0.07191416007605664,1.6106454480933268,0.0009328525763339623
2026-07-08,0.008053020570723806,0.00788356889489659,0.07188317890477335,1.5151626617294376,0.0008770923894780239
2026-07-09,0.008052993324729269,0.003303036608266988,0.07143971722499763,1.4249973775334577,0.0008198060727408166
2026-07-10,0.008053494084226417,0.0033035564847604805,0.07124754116665559,1.3822292460096193,0.0007931116015448641
2026-07-13,0.00805319742195601,0.003303249103729713,0.0714436773410441,1.3130987071240348,0.0007554913912752346
2026-07-14,0.008053585503523204,0.08164339018932693,0.07136348141512865,1.3600802760938115,0.0007816815204237989
2026-07-15,0.008053601201931715,0.003303753750869515,0.07118490724552698,1.3307881727575268,0.0007629340119405132
2026-07-16,0.008053684681165962,0.0033037563316463715,0.071144001245371,1.2984331973154801,0.000743965025828693
2026-07-17,0.00805354195532406,0.07246733507201025,0.07092661223043008,1.4485201205639886,0.0008274098260581521
2026-07-20,0.00805072209807185,0.002875909391978577,0.07134746459968531,1.6244077446311525,0.0009330575504173209
2026-07-21,0.008053167866129774,0.0033032142417423523,0.07110407785891648,1.5420536444482504,0.0008830000791072881
2026-07-22,0.00805227731912805,0.0030250162399971412,0.07144045072256179,1.4849798372084695,0.0008542470079034277
2026-07-23,0.008052856404766493,0.0031644878724709277,0.0710931441091869,1.5321509968814282,0.0008771608596495892
2026-07-24,0.008054283236317059,0.15784163001588195,0.07124437697375365,1.6838099950652348,0.0009662078775963864
2026-07-27,0.008052615786446584,0.0032449385734316344,0.07109141596798023,1.6694121868852334,0.0009556914972364154
2026-07-28,0.008053075320989412,0.0033031176127852778,0.07085160072467282,1.5770044657640707,0.0008997966062664599
2026-07-29,0.008052333683072333,0.003227035049700844,0.07099626494069776,1.5818389742867023,0.0009043145877228886
2026-07-30,0.008051223452356749,0.003024335514474715,0.0714055308303098,1.6988993006658875,0.0009767004094418613
2026-07-31,0.008053575605786303,0.0033036454027909287,0.07109680664662395,1.7028456450123113,0.0009750213324222457
2026-08-03,0.008054023527194431,0.00330411143659635,0.07118566538224644,1.6551167422796706,0.0009489297763392056
2026-08-04,0.008054518069679772,0.0033046305829187565,0.07114487075146547,1.6607334528019178,0.0009516627901421201
2026-08-05,0.00805340434143366,0.003303475747659098,0.07086299169877582,1.7315749936496454,0.0009881896327272365
2026-08-06,0.008052995789186121,0.004363080270468497,0.07063421512537085,1.6910061735850108,0.0009618731211685724
2026-08-07,0.00805299065598014,0.003602357691751421,0.07045568498962464,1.5998491966974488,0.0009077207939884952
2026-08-10,0.008054621410550042,0.0033047398163674273,0.07116718109592049,1.5616045852920486,0.0008951503208341572
2026-08-11,0.008053011109225957,0.0033030510381248527,0.0709637436849255,1.467408465374858,0.0008385825808839468
2026-08-12,0.008053001858209988,0.005286493178573678,0.0707128925468966,1.5042963680091366,0.0008566231539151551
2026-08-13,0.008052735907435727,0.003255827537922688,0.07060699318658643,1.4903712872624468,0.0008473945156457029
2026-08-14,0.008053915502311876,0.0033039985386037023,0.0705984146521781,1.4774355554551704,0.000840060499059086
