date,rho_dcc,rho_adcc,sigma_tok,sigma_eq,h_cov_dcc
2023-01-05,-0.0053610912498265285,-0.0053610912498265285,0.03710706934549094,2.2055514255745594,-0.0004387600159358971
2023-01-06,-0.0984414548564379,-0.12084686769188904,0.0465404013832077,2.18012440093049,-0.00998825045491175
2023-01-09,0.17801495536924292,0.23734845785046244,0.052825380456969516,2.3936942313043486,0.022509600980667933
2023-01-10,0.09626400605558677,0.008110304319408087,0.05704763914026722,2.357648860753824,0.012947345303106702
2023-01-11,-0.04677434042002683,-0.09244454199044304,0.06084651827705005,2.29419408631951,-0.006529404292239334
2023-01-12,0.028850676215207212,0.04559753137562535,0.06313093451546152,2.2343571447554496,0.004069591409838528
2023-01-13,0.14049112679044456,0.14897026016533751,0.06797153164058907,2.176242645747282,0.02078180514460067
2023-01-17,0.07224623214676566,-0.011582439897419335,0.06843004123102815,2.104037968344463,0.010401969512597984
2023-01-18,0.0257077236340442,-0.02141082713604253,0.0690035405908441,2.035163118056709,0.003610224599882424
2023-01-19,-0.008127410620488157,-0.038586699489723764,0.06922749237545799,1.9793219806290023,-0.0011136462273958914
2023-01-20,-0.18865445537191414,-0.17663092000886255,0.06973973315756067,2.0800437333320425,-0.02736653505020146
2023-01-23,0.05898038768683408,0.14907452347789346,0.07002206831445316,2.143297755624456,0.00885166699037287
2023-01-24,-0.06857653203858732,-0.11559824924881988,0.07005225555911017,2.4382506053321427,-0.011713211436119315
2023-01-25,-0.026738404749892624,0.014141826770991784,0.07002319458368148,2.3554705639686433,-0.004410167602368925
2023-01-26,-0.006818563494122153,-0.010284348469674269,0.07083198664822896,2.270381377834899,-0.0010965315392805876
2023-01-27,0.110445801223547,0.12838311786186463,0.0714645448424672,2.2268326576057333,0.01757629867528618
2023-01-30,0.030954144355706033,-0.037360368738707114,0.0711431212964701,2.1586617853915673,0.004753749822482451
2023-01-31,0.011933160953604883,-0.0024480439421669005,0.07085303779509965,2.2214672768731125,0.0018782521466441872
2023-02-01,-0.00020970363914390284,-0.02171944601363155,0.0706264962895221,2.184128250594839,-3.2348322582030785e-05
2023-02-02,0.23707229553782103,0.25932057948704285,0.0708269865570253,2.488724186822269,0.04178845723242949
2023-02-03,0.25372853639486953,0.21102857375794434,0.07188467851421344,2.4739854659495086,0.04512350153121302
2023-02-06,0.20123333668314544,0.32479871793941845,0.07204026331885864,2.441686399119857,0.03539688981789786
2023-02-07,0.17276197377980587,0.31169531978391324,0.07217526779767575,2.4037802390167817,0.029973076470796417
2023-02-08,0.037735700511394764,-0.05261493362890631,0.07168061641709456,2.4382007528880454,0.006595133771162033
2023-02-09,-0.045642459042985147,-0.0789463484846541,0.07136309611443989,2.4191784887818772,-0.007879717187815712
2023-02-10,-0.01886481137887021,-0.017312038841529615,0.07206998559668056,2.330021254457879,-0.0031678658718350184
2023-02-13,-0.009693205337882243,-0.012804195477103006,0.07157804766352097,2.294238117521176,-0.0015917899280669917
2023-02-14,0.05106350926524089,0.05279761161279378,0.0714482213231895,2.2363184193885863,0.008158977214476339
2023-02-15,-0.0019484677607961756,-0.04197549463926427,0.07111057727202663,2.204631877029391,-0.00030546644542990716
2023-02-16,-0.007839743683349032,-0.024515174635474146,0.07084766431566604,2.1307646199963837,-0.0011834853273364533
2023-02-17,-0.26302502799553545,-0.2531702575241624,0.07213026328491727,2.17455525916126,-0.04125580267876636
2023-02-21,-0.18272592972240462,-0.09584696932663225,0.07178966437075508,2.1570253166628963,-0.028295498240128506
2023-02-22,0.02913889793734661,0.28997964734909404,0.07151801240549535,2.2839062846640994,0.004759560351911715
2023-02-23,-0.027041996944021453,-0.06436924448501274,0.07140001718569093,2.213276572714411,-0.004273392296323058
2023-02-24,0.24664852125419928,0.2921052236135357,0.07231955312354546,2.2836283586783366,0.04073424559260694
2023-02-27,0.06032866347721695,-0.07427586439464129,0.07186370411826533,2.2558034316761066,0.009779903186366038
2023-02-28,0.030415044747471878,-0.009259227136981584,0.07150583277396388,2.1782379164831163,0.004737347492879904
2023-03-01,0.004440691743393332,-0.024701120210801997,0.07120883623031742,2.1050859440810066,0.0006656628907109491
2023-03-02,-0.004343924512718723,-0.023273317237939066,0.07094223021228296,2.036397703544988,-0.0006275519819370398
2023-03-03,0.07013880202237202,0.07192105421573662,0.07247053275942664,1.9790047700039548,0.010059274021908137
2023-03-06,0.08350375208637217,0.057199041502973114,0.07205748749199337,1.953628014306087,0.011755117632535773
2023-03-07,0.03297116759048663,-0.011641280280726144,0.07156836393260942,1.9245194190521855,0.004541274080424598
2023-03-08,0.1291718179886339,0.3413320011174598,0.0725490483241131,1.8982112918741612,0.01778869317722237
2023-03-09,-0.03301186518710213,-0.11205548418734476,0.0721147972012095,1.950075778373131,-0.004642436129569535
2023-03-10,-0.25274741661706357,-0.2576152020949901,0.07393830579255947,1.9685089726639606,-0.036786936187807096
2023-03-13,-0.33538542814729866,-0.2775648625167597,0.07598345972830524,1.9960579376321363,-0.05086703183334229
2023-03-14,-0.13957289349747845,-0.050097164395585356,0.0807399376063789,1.9353428365108516,-0.02180958494996776
2023-03-15,-0.10602015467477227,-0.08047810690194399,0.0785120426576946,2.010077614948067,-0.01673160245774295
2023-03-16,-0.17836560514368793,-0.18385880404624388,0.07975992379035732,1.97383766901219,-0.02808065765230313
2023-03-17,-0.05254583449630726,0.02212130511997402,0.07767473918646822,2.138313926927173,-0.008727494057996584
2023-03-20,-0.08969879075722685,-0.10376286993344587,0.07947497558152204,2.073693790155485,-0.014782967379866117
2023-03-21,-0.06154898038301286,-0.04066124493382129,0.0775001145387638,2.019501748439545,-0.009633130433078434
2023-03-22,-0.032353433487162464,-0.017806992606653197,0.07812740240892341,1.9563710774905199,-0.004945099055916969
2023-03-23,-0.0800106991812084,-0.09692995840410482,0.0766997437658821,1.9220464208520731,-0.011795214717139587
2023-03-24,0.30493098461540113,0.3714990656360447,0.07950857260465599,1.9768263690456542,0.04792741861304154
2023-03-27,0.06357984743042486,-0.12627326740131423,0.07781069119087473,1.9747702160936171,0.009769567166809627
2023-03-28,0.0674399629348201,0.1579853261643896,0.07626083863593529,1.951372830964322,0.010035965363690853
2023-03-29,0.037315802107808375,0.031557990241186516,0.07490037545249217,1.9102106776301666,0.005338976930582646
2023-03-30,0.006668504764535159,-0.021323985689242486,0.07380462327396625,2.0128330773597494,0.0009906489744310365
2023-03-31,0.04878267365151029,0.04275321176971132,0.07302638589693246,1.9954911444584915,0.007108782254559401
2023-04-03,0.021876001835666604,-0.013282290680733526,0.07233650783273614,1.9387685675089987,0.0030679724814582495
2023-04-04,0.07202602961726323,0.21262782007735595,0.0723396729423131,1.8999159948207736,0.009899207213610442
2023-04-05,-0.13205493585888,-0.1681863478532368,0.07230274075916283,1.9258292876417327,-0.018387690535740943
2023-04-06,-0.2956568027448362,-0.2734621451623783,0.07509133927430363,1.9423991187072331,-0.04312371812118291
2023-04-10,-0.16454855326443954,-0.03971960184256482,0.07399450682188437,1.8952030851438786,-0.02307540344573453
2023-04-11,-0.17778106852796277,-0.13098924977650644,0.07390385772073346,1.88605861647336,-0.02478037115800974
2023-04-12,-0.08609602436109917,-0.027447675178859907,0.07302647496345216,1.8393469656019472,-0.011564506252026926
2023-04-13,-0.056786684538919226,-0.03721201015458511,0.07233676707826775,1.8680139423329123,-0.007673362614318969
2023-04-14,0.05685631578780039,0.0770562548940271,0.07409519092362633,1.8214943168312532,0.007673554051213187
2023-04-17,0.035844100354866355,0.03882631695976465,0.07343275042999148,1.7737208277465835,0.0046686653556663685
2023-04-18,0.018834245308118443,0.010562659656798815,0.0728080369550543,1.7283814936938413,0.0023701026286613736
2023-04-19,0.014406054772983226,-0.007147758495221326,0.07224447800309111,1.6871650702020284,0.0017559303874937328
2023-04-20,-0.0135303543042254,-0.03471765626223351,0.07172353722656628,1.6804606450093817,-0.001630794413241141
2023-04-21,-0.052905991431000374,-0.06868329393490326,0.07362349170782885,1.6434640263414453,-0.006401495878640713
2023-04-24,-0.07851523850611812,-0.08626062035290313,0.0730522396182982,1.6251218448179423,-0.009321234144714932
2023-04-25,-0.035468125576352476,-0.014669667738511563,0.07234885042410827,1.599593815959936,-0.004104682679460511
2023-04-26,-0.24049810775929395,-0.1889090410133561,0.07215998847216457,1.8338891303197147,-0.03182593674331393
2023-04-27,-0.10880104374273836,-0.013461861142520173,0.07168657833402459,1.7844607570895683,-0.013918034697703275
2023-04-28,-0.03719710673413077,-0.006755987697274098,0.07136649334558566,1.7392205640966445,-0.004616981990527961
2023-05-01,0.0022681449261183983,0.004581125483432113,0.07103588597819749,1.7500098041662402,0.00028196102726327395
2023-05-02,-0.0698678355719505,-0.08216505429168633,0.07151515451695467,1.7191348417918724,-0.008589844720174138
2023-05-03,-0.07149278335122948,-0.06685405679075829,0.07128751261871626,1.6920592544037263,-0.008623652233042555
2023-05-04,-0.1161627337011052,-0.11071787858961975,0.0712253172363731,1.6905367752154177,-0.013987040706443113
2023-05-05,-0.1524740153497875,-0.148261002720689,0.07358346546322675,1.663644580353448,-0.018665370906031438
2023-05-08,-0.09223074190521048,-0.050418169485482486,0.07278425793048958,1.7101104887058654,-0.011479879549321234
2023-05-09,-0.05309258115501417,-0.03140049536366405,0.07221207995900668,1.6713586201505481,-0.006407864793778123
2023-05-10,0.05179386565870538,0.23525528196181636,0.07184772256618582,1.705955779787963,0.0063483242661481875
2023-05-11,0.08866969035737615,0.0726500122356498,0.07206023035743207,1.6773179898819846,0.010717321105584715
2023-05-12,-0.07303181214185975,-0.1319535515839224,0.07306467908391412,1.6515064290477692,-0.008812514137721474
2023-05-15,-0.03555772998751146,-0.01861967238940643,0.07235848861235124,1.6164863182097797,-0.004159063468090845
2023-05-16,-0.05065823084530572,-0.059140132646632336,0.07182448132252933,1.715245105489107,-0.00624092129774074
2023-05-17,-0.014179088266203621,0.022650091236514812,0.07154485591929646,1.674787432069732,-0.0016989727477594895
2023-05-18,0.04665430635552286,0.04782687268316615,0.07120435079524928,1.7419656553905403,0.0057867917835313564
2023-05-19,0.23390146775165366,0.24710709098221792,0.07140839537984069,1.8796131356883392,0.03139429194738712
2023-05-22,0.10917610444715412,0.012392817146924636,0.07107973872758933,1.8318172077281312,0.014215284344030762
2023-05-23,0.032089719117966264,-0.026499851106212596,0.07108546899623819,1.7821067901103422,0.004065186491302991
2023-05-24,-0.02498279671486589,-0.054373361369269985,0.07084532426251688,1.774418528756384,-0.003140568789003328
2023-05-25,0.042009689432317115,0.1666839997155308,0.07069374220543934,1.809696283538392,0.005374476116417942
2023-05-26,0.4691485491033037,0.49823711586018865,0.07176155189227737,2.405191025447854,0.0809751524446377
2023-05-30,0.42699535712990183,0.31863810712887,0.07184521460584263,2.875316430807433,0.08820772990171782
2023-05-31,0.2245768366253161,-0.019831430849342,0.07141039881419989,2.758592543579881,0.0442398837016827
2023-06-01,0.032050030476084214,-0.08245254858886196,0.07115026203955079,2.748343858052829,0.006267235570349364
2023-06-02,0.14476504061962495,0.15905220200980366,0.07484574426805925,2.6657432111797608,0.02888345354066156
2023-06-05,0.05547966317498515,-0.03835985670668355,0.07415442047788233,2.562964843756686,0.010544196965724716
2023-06-06,0.06330641700975433,0.1566654462999725,0.07337134876820245,2.5074736015105104,0.011646906965490542
2023-06-07,0.03941339850330051,0.0008905513574784522,0.07263670313048398,2.426195864597568,0.00694585745875199
2023-06-08,0.0022788235818833364,-0.03132923643994267,0.0721848450189646,2.3376458336232466,0.00038453462118296305
2023-06-09,0.09958432015514757,0.10628187178999525,0.07537220205432821,2.264574402089539,0.016997645227012782
2023-06-12,0.048813634031778304,-0.014666905658577613,0.07426763584248709,2.185503142121241,0.007923045961825019
2023-06-13,0.06568313666676243,0.0464683899992531,0.0733415083817381,2.256265322904643,0.010869107658387778
2023-06-14,0.07181119574066783,0.04247178085386259,0.07273595302409977,2.2043279866606533,0.011513768853249277
2023-06-15,0.03790906891006449,-0.004356457004888043,0.07210886958993225,2.1563054695258246,0.005894433734626678
2023-06-16,-0.11802128214182143,-0.1518769845606169,0.07609354568565534,2.0986537350657386,-0.01884729108681467
2023-06-20,-0.1187027788912572,-0.10480001443504132,0.07524145186574165,2.0521040251542013,-0.018328099145696563
2023-06-21,-0.02569131970843802,0.11481514277165673,0.07422735937533097,2.005004400538114,-0.003823541027574622
2023-06-22,0.017497830370072628,0.08957243480453664,0.07329379783678569,2.067197530517905,0.002651144536469536
2023-06-23,0.01946278086816503,0.002785657121793422,0.07335997845626897,2.0013680080774328,0.0028575315975135486
2023-06-26,-0.053378598554740024,-0.0800232795864265,0.07267953862642865,2.0050687464544357,-0.007778728194609191
2023-06-27,-0.02238949134564615,-0.01654841681191383,0.0721436767642779,1.9429245537336537,-0.0031383287548467725
2023-06-28,0.12105219030245745,0.1374386350651142,0.0717962768726893,2.0745197662005253,0.01802985162649858
2023-06-29,0.040618011895735745,-0.02896371757511545,0.07137216088419526,2.01850583309925,0.0058516388824410535
2023-06-30,0.006851360294218793,-0.02691942058054763,0.07112038453492772,1.9558963238121967,0.0009530522983220459
2023-07-03,0.17814993278389912,0.1959822003363584,0.07348442586933115,1.9310091230505166,0.025279314549143166
2023-07-05,0.07787613789293839,-0.025130001850526863,0.07269186957191263,1.8852268738382245,0.010672197804420828
2023-07-06,-0.00012119967626144768,-0.042829085516340806,0.07207784251549423,1.9350478341467927,-1.690421250047469e-05
2023-07-07,-0.19536238537839556,-0.2214219200468957,0.0742316744210236,1.9210107538216359,-0.02785864584194009
2023-07-10,-0.10119647617369465,-0.025146572297117756,0.07331676598872235,1.8651748647864395,-0.013838475337591482
2023-07-11,-0.0038243144220700877,0.032552379838271014,0.07259395118651199,1.880337731711594,-0.0005220232994030882
2023-07-12,-0.002745871089211334,-0.01108353765427773,0.07206046026793643,1.8268346650327618,-0.0003614734633564141
2023-07-13,0.0936005481280178,0.09880687008838125,0.0718218549333261,1.8313763815142068,0.01231154674465382
2023-07-14,0.2863695003727325,0.2994704951751661,0.07437111733565324,1.8547114104885554,0.03950093829900963
2023-07-17,0.06872460521673653,-0.10129650937231957,0.07364071080635047,1.837277391444579,0.009298330023615705
2023-07-18,0.023386832463511583,-0.021562248885456298,0.07281157205595076,1.8740941190489657,0.003191267506414967
2023-07-19,0.0067743460230964584,-0.020283132108641893,0.07215980062511426,1.8211904250388713,0.0008902624562433188
2023-07-20,-0.0496323781551826,-0.07106255125839639,0.07173690080748797,1.8076584737547803,-0.006436119168341996
2023-07-21,-0.41659606637014013,-0.3207075070428013,0.07306571471154236,2.04244279585485,-0.062169690236811535
2023-07-24,-0.18902133500261747,0.011227459630070291,0.07252160987506974,1.9833311335025703,-0.027187764016094556
2023-07-25,-0.0865394272371041,-0.019293898527371203,0.07193223831078087,1.9228950572712202,-0.011969973088609823
2023-07-26,-0.038832686526765116,-0.021690259929720044,0.0714702975803169,1.9078365409590337,-0.005294978365374623
2023-07-27,-0.06942210820780634,-0.0732481157221926,0.07119776106493318,1.893531474678176,-0.009359155506803158
2023-07-28,0.139655510596626,0.17960436480957467,0.07193390283249412,1.8889132570704836,0.018975958223895487
2023-07-31,0.22442113746778308,0.2063698636651273,0.0723089706231923,1.9146261382489804,0.031069904748750685
2023-08-01,0.11220908567042166,0.00513622555875957,0.07202000290772209,1.8607599505384056,0.015037356925117323
2023-08-02,0.039914105268149674,-0.023728813549724535,0.07163418018436925,1.8086816093734965,0.0051714081564926085
2023-08-03,-0.13868046873953774,-0.12675875202870776,0.07137548995681246,2.062682910772701,-0.020417232479188245
2023-08-04,-0.10606033502421681,-0.08389329417980515,0.07208279230834518,2.0027708465362632,-0.015311433671815613
2023-08-07,-0.07310983005665565,-0.05406349640316491,0.07243211909793967,1.9427440517435144,-0.010287800966496471
2023-08-08,-0.04528380621721606,-0.0334380109326605,0.0718810679670591,1.8987571000561734,-0.006180546170348515
2023-08-09,-0.05874853683011441,-0.05757193999573222,0.07146773986714218,1.8995641579796048,-0.007975557843457416
2023-08-10,-0.04754167263434143,-0.03818653995204334,0.07111549868854503,1.9256470531963354,-0.006510515938264069
2023-08-11,-0.09190038112773631,-0.10336063811868268,0.07233469302422289,1.8768613953163822,-0.01247659726833804
2023-08-14,-0.21086494067999623,-0.18731101238109013,0.07229448008741177,1.9525137931829564,-0.02976484514402992
2023-08-15,0.010497156883114074,0.1109367888722763,0.07191498885421045,2.011670626521478,0.0015186160305423056
2023-08-16,-0.06837910370134113,-0.09583428403001298,0.07161782648024843,2.0018139384249256,-0.0098032087192617
2023-08-17,-0.05121787792218038,-0.03781016251543281,0.0712326463482304,2.0248841260649333,-0.007387556841368643
2023-08-18,-0.14926388410541483,-0.1625920569369362,0.0724201895277619,1.9883780277315082,-0.021493807301276636
2023-08-21,-0.05544036084868808,-0.0012079318394874973,0.07201651992943937,1.9291613045213933,-0.007702411580377851
2023-08-22,-0.026813105128433472,-0.02150581746014808,0.07153630101808854,2.0021884406238057,-0.003840418390026645
2023-08-23,-0.04420346338586687,-0.055282800694533715,0.07124868855595028,1.9556878315307358,-0.006159319129241556
2023-08-24,0.06100290686445705,0.0789851502084797,0.07109744832850977,1.95653447393196,0.008485785486705595
2023-08-25,-0.3335938098701502,-0.30347284816452436,0.07257577542571868,2.1043456597203263,-0.05094795382618974
2023-08-28,-0.16744270112034712,-0.01858518949143859,0.0719837268338007,2.0356417745191777,-0.02453589495786942
2023-08-29,-0.08709250193880975,-0.03681264273168446,0.07153115372729757,1.9929177818099626,-0.012415533294235082
2023-08-30,0.11672826832263944,0.16168625317778804,0.07152387255904505,2.039499845630491,0.017027494168891967
2023-08-31,0.05499560849618024,-0.008443740441590157,0.07118936162840514,1.9779492628382416,0.007743873631494209
2023-09-01,0.0818409088597373,0.06836783161102913,0.07321050207201307,1.9228662260550107,0.011521072253327984
2023-09-05,0.04184433468236627,0.00031132323576151655,0.07378589254282887,1.8665469907500167,0.00576300411850304
2023-09-06,0.018297298846610893,-0.009871807042318695,0.07294121514405917,1.814615383042614,0.002421835069024892
2023-09-07,-0.016636630145452545,-0.043920806978270444,0.0722990884607574,1.7815150690138748,-0.002142829831344039
2023-09-08,-0.3353002985638518,-0.305334140250329,0.0743947397889419,1.8581024348867772,-0.04634958197897576
2023-09-11,-0.2008588670229071,-0.07225046739077531,0.0736590791591065,1.81809239096407,-0.026898820891502515
2023-09-12,-0.09919960155470009,-0.03074433451413293,0.07291302000686523,1.7701350899065,-0.012803285380641185
2023-09-13,-0.05462385351295117,-0.03218261446459477,0.07224777122648615,1.74555790425052,-0.006888759909999159
2023-09-14,-0.01241124095540504,-0.005106638373824598,0.07180588609576899,1.703553235546747,-0.001518206906464334
2023-09-15,0.07218984133429807,0.07757590185607675,0.07312145154963101,1.6694699654751528,0.00881250754177131
2023-09-18,-0.1015629951482422,-0.12864614718135178,0.07256574790908829,1.8215132139635484,-0.01342454273802671
2023-09-19,-0.047459898758584446,-0.017752444922556,0.07205463919601103,1.7721200640454164,-0.006060129405437259
2023-09-20,0.004714198885426923,0.0897883817196629,0.07163840778862468,1.7464340368205113,0.0005898016898731326
2023-09-21,-0.045906727788750316,-0.060809386013477525,0.07127727335065678,1.7721636491711212,-0.005798707992130548
2023-09-22,-0.2694648155881254,-0.257606458704744,0.07271303609065054,1.8137087662867122,-0.035537092899589645
2023-09-25,-0.07847530831064425,0.03964119035584023,0.07258656471466095,1.7714423748923525,-0.010090584022365456
2023-09-26,-0.030559044336799346,-0.011150711570534029,0.07199142517452863,1.7328008801709658,-0.0038121431420327376
2023-09-27,-0.011613860160313396,-0.005278177945242606,0.07151663576016785,1.7682329608697358,-0.0014686663713382527
2023-09-28,0.01605989946915265,0.00997438561467384,0.0712330115460643,1.730636347129019,0.001979839335401182
2023-09-29,0.22110104875058872,0.24274440011802176,0.07267541740620513,1.746828935884001,0.02806911466631488
2023-10-02,0.10271544164097327,-0.01577959208170304,0.07206183631024528,1.7043491305177758,0.012615359351262212
2023-10-03,0.05432685070869681,0.0004148228213462337,0.07169338886320192,1.666063579984963,0.006489111108090129
2023-10-04,-0.024197948763587468,-0.052667009979129306,0.07130404040963735,1.7322476437953798,-0.0029888400339811412
2023-10-05,0.09692420819532505,0.11604426349089426,0.07182514659741716,1.7122943692970511,0.011920300711707521
2023-10-06,-0.06689324348253894,-0.12172229865582036,0.0747398458536831,1.6783123350066746,-0.008390874752767213
2023-10-09,0.06280760943289296,0.1218206318471345,0.0739302600623895,1.7172957944663598,0.007974061925014694
2023-10-10,0.026687365714199607,-0.017856940355961057,0.07303950890315977,1.6777104471511466,0.003270247034074539
2023-10-11,0.006067094539449507,-0.02150013136394113,0.07233883958183308,1.6641253184512212,0.0007303622674050709
2023-10-12,-0.001733512614109458,-0.02098456417902076,0.07178886490512944,1.6349615246728069,-0.0002034658980500182
2023-10-13,0.015757238091761844,0.00811133590304785,0.07368264624854953,1.5996840991659014,0.001857289228346161
2023-10-16,-0.22261996606224768,-0.2228484690983728,0.07350024434930252,1.7463803543690513,-0.028575361436684477
2023-10-17,-0.09691439165649549,-0.0034218652606726766,0.07270920021023003,1.7277471712083337,-0.012174687766672734
2023-10-18,-0.0427696320865472,-0.0136839013939095,0.0720794394953658,1.699754772885362,-0.0052400228951032255
2023-10-19,-0.015980072500158267,-0.005304399215764757,0.07158556254794995,1.743066384659714,-0.0019939676819673625
2023-10-20,-0.22068742186026943,-0.2290369140428095,0.07268834620402385,1.7648027913086497,-0.02830991406695242
2023-10-23,-0.24872915428601147,-0.19672998888135573,0.0730936894386443,1.7768323679321405,-0.032303756937965736
2023-10-24,-0.15591384655337426,-0.07553135740486758,0.07263260240196362,1.7436209871855355,-0.01974551107088215
2023-10-25,-0.0545043282812464,-0.002521466976709027,0.07202769509794875,1.7269554833317369,-0.006779718342506825
2023-10-26,0.11555776741277368,0.33054606496625705,0.0717037989508653,2.0226461102022313,0.01675950594833538
2023-10-27,-0.07752225695522452,-0.1520042564391374,0.0742480901186835,1.975121292220048,-0.011368560196620501
2023-10-30,0.027150590297832032,0.0779844714437702,0.0741137589690101,1.9288095321799823,0.0038812128512300034
2023-10-31,-0.0037875085901039477,-0.03405154122636154,0.07319206099642815,1.9117499202273835,-0.0005299668242404973
2023-11-01,-0.028917478353238327,-0.04796144484594679,0.0726159974801818,1.8646581914325757,-0.003915542659126384
2023-11-02,0.15634727227110043,0.18509046511907012,0.07256568836549616,1.9028016240429615,0.02158813580751413
2023-11-03,0.2989244641177404,0.2964221226623055,0.07422807285472098,1.935271966122461,0.04294095019658401
2023-11-06,0.31483625823870587,0.2547708375711414,0.07429302142803329,1.9926388954102434,0.046608096515360166
2023-11-07,0.15521845859299915,0.025701145179503417,0.07359274510401578,1.9322935220601152,0.022072497038694145
2023-11-08,0.08137027003889859,0.006080638399505157,0.07292939307698652,1.878927068876939,0.011150087609446146
2023-11-09,0.028639870438660904,-0.02112875315586458,0.07229085071646651,1.825446982806292,0.0037794065255864545
2023-11-10,-0.05823082155144598,-0.09178556320478475,0.07258348160168401,1.7839173110837312,-0.007539897351655608
2023-11-13,0.2795414097033921,0.33894611207793085,0.07281626436587545,2.001670253364293,0.040744320656802
2023-11-14,0.11153795440972747,-0.043979135221447724,0.07220191845517192,1.9567164059882254,0.015757934788779248
2023-11-15,0.2944997100410035,0.2995878688937778,0.0725123319680476,2.101874205087409,0.04488523094051063
2023-11-16,0.15310274410644498,0.008776308567223444,0.07201520748876797,2.041826832745758,0.02251262296029829
2023-11-17,0.032999484101139044,-0.026856036001826435,0.07384678641784771,1.977230488403027,0.004818324552521373
2023-11-20,0.037844628867984065,0.017147483726433047,0.07322665063896705,1.9220527083054084,0.005326460537976348
2023-11-21,0.011211008136868709,-0.021496631555828292,0.07248590057324199,1.898049747614452,0.001542431187016447
2023-11-22,-0.17597048764144826,-0.19322696287383664,0.07273121176640732,1.9169382085266984,-0.024534023377006386
2023-11-24,-0.05693287883700815,-0.006119454668567276,0.07357120547842094,1.8608432022291492,-0.00779436603512152
2023-11-27,-0.030991179440051992,-0.02339244529590611,0.0728450586857068,1.8087450948981136,-0.0040833402395501475
2023-11-28,-0.02669259057048607,-0.03334805441988379,0.0722728219451186,1.7620971986636274,-0.003399347776557092
2023-11-29,-0.07654673667224408,-0.09171060993322083,0.07223563674562956,1.7287575605895744,-0.009558995969983594
2023-11-30,0.022612395403668585,0.04945947242509715,0.07196079137027038,1.7021749639367414,0.002769789089723884
2023-12-01,-0.08838933707467798,-0.12319228305400973,0.07251667271127478,1.6756641852484786,-0.010740505780187528
2023-12-04,-0.0033965685384267264,0.02305573454907754,0.07306709001172608,1.6385040455354698,-0.00040663963971198264
2023-12-05,-0.043411706687586996,-0.06367856973689517,0.07242241148406123,1.6377186768199394,-0.005148955559766245
2023-12-06,-0.05168647632686396,-0.05597246694853084,0.07194210662404295,1.6154368125204293,-0.006006895153872862
2023-12-07,-0.06762635364012329,-0.0702702612422272,0.07163950801223821,1.5959079407166057,-0.0077317250493582615
2023-12-08,0.2966138303608742,0.35170976230735795,0.07299739349411924,1.6920150067672364,0.036635570669252736
2023-12-11,0.14743543416662688,-0.008042594623657183,0.07231487011771051,1.6634069537575995,0.01773486946428348
2023-12-12,-0.09748965003205712,-0.17475523063622014,0.07204829636191541,1.8347194723281486,-0.01288700205178981
2023-12-13,-0.006147048842905951,0.03210312070678388,0.0718121760731928,1.7937799584898282,-0.0007918335856102753
2023-12-14,0.14848705734227252,0.17268646959874392,0.07263241506842058,1.7845538518904367,0.019246366146817635
2023-12-15,0.36417243025320856,0.3805794273061012,0.07472915456501396,1.8717720500818078,0.05093896203837914
2023-12-18,0.19410018949608915,0.0012311675749899238,0.07386622910100991,1.8207438314655597,0.02610482194563001
2023-12-19,0.06837710008720779,-0.03848829592377171,0.07307661782132002,1.7750364178842057,0.008869443770865067
2023-12-20,0.015295398102643215,-0.030869765604619636,0.07243914621736827,1.7314473527038499,0.0019184186986501719
2023-12-21,-0.16922556701253366,-0.1554964216902822,0.07212226976379646,1.88328822522988,-0.02298540471593257
2023-12-22,0.2745069687955158,0.37429816488986783,0.07573300956677506,1.938786929726024,0.04030590464651739
2023-12-26,0.1521682851763748,0.012799713522725867,0.07528253875339312,1.8824389455820374,0.02156449549372526
2023-12-27,0.1262400892707225,0.06725049973518725,0.07426333541120751,1.8766726904736195,0.01759382541229406
2023-12-28,0.04808849143790575,-0.024416991239364152,0.0733722298381865,1.8238303113156609,0.006435129637008918
2023-12-29,-0.03925441970815368,-0.07200270484181746,0.07552993032106944,1.7765926949273536,-0.005267390519044363
2024-01-02,-0.11571264280144287,-0.13953178747729816,0.07575833737494664,1.7472160196565152,-0.015316440584484689
2024-01-03,0.09227655583605644,0.38810744954465926,0.07474553502845559,1.9866911541921561,0.01370272649612093
2024-01-04,0.08746669816332256,0.17043116399236283,0.07375490050187308,2.036040156651012,0.013134693809331698
2024-01-05,-0.08138077368962325,-0.14682646210928907,0.0743631866990064,1.9933700762531645,-0.0120633448024298
2024-01-08,-0.025767258779876203,-0.0004786486751584506,0.07354077785260146,1.9340898176411934,-0.0036649923862749198
2024-01-09,0.07685574835243197,0.09237219451587624,0.07282024412996393,2.0435132786807513,0.011436837496381792
2024-01-10,0.030111854114920292,-0.01999094964640284,0.07217497772544451,1.9786628552124672,0.00430027230531328
2024-01-11,-0.008631524930347696,-0.04016778823367965,0.07174842724964292,1.9228509870842045,-0.0011908184215199647
2024-01-12,0.022969255880822655,0.019857028196268094,0.07503043262166281,1.866895105208461,0.003217394340137677
2024-01-16,-0.05246959561748971,-0.09620208451264747,0.07536167433983042,1.821051846199401,-0.007200796977997396
2024-01-17,-0.04035829340992778,-0.03881519744958025,0.07418768832158658,1.8006678919386032,-0.005391359014404085
2024-01-18,-0.042727207936432185,-0.04611187267235246,0.07327848746494271,1.7736990114920304,-0.005553425303121447
2024-01-19,0.19800031229741094,0.2370122885185234,0.07302124016267295,1.9051173966926875,0.027544622367425577
2024-01-22,0.31687741760278915,0.2965139641076501,0.07297583110459517,2.105904357262259,0.048697759783667714
2024-01-23,0.1571346809641131,0.0018934709972863646,0.07254100455794109,2.0386938884946675,0.02323847553722506
2024-01-24,0.05242435596348392,-0.0338888194526486,0.07201936981930712,1.9786817923232822,0.0074706497936080285
2024-01-25,-2.5864913689711992e-05,-0.04026394531289172,0.07155950540648759,1.9489671353011488,-3.607305131424704e-06
2024-01-26,-0.0521458436729385,-0.07227570594731338,0.0734920401292262,1.893294521368887,-0.007255680992487441
2024-01-29,-0.1534275942002609,-0.14648108187421396,0.07294809766875868,1.9935647612986793,-0.022312477446000505
2024-01-30,-0.07398636331426539,-0.021159663455979263,0.07226705692414183,1.9421255707571152,-0.010384111806990478
2024-01-31,-0.0298068370313121,-0.0073305232911134496,0.07173268089077683,1.9358715846924819,-0.004139134133303413
2024-02-01,-0.12293256227959277,-0.13195972528771144,0.0716796161371474,1.9311316599324169,-0.01701666654312026
2024-02-02,0.0067993600472861515,0.034944100805549425,0.07575257507596815,1.8752249798567773,0.0009658703160019934
2024-02-05,-0.026714254536509895,-0.06068367084262217,0.07459722215772097,1.8458811260873156,-0.0036784888540639135
2024-02-06,-0.056424274884259565,-0.07205625258851214,0.07372451626785542,1.8245167082471658,-0.007589720155837731
2024-02-07,-0.10924232631726487,-0.11375572055916656,0.0732392603545515,1.8069796381563858,-0.01445733180065707
2024-02-08,0.02924336924735251,0.07457766620013075,0.07274771078796267,1.791677300953737,0.003811593091768831
2024-02-09,0.20151296191269008,0.21948940297967992,0.07384311526582303,1.7949856996903208,0.02671000625542691
2024-02-12,0.1605294312214042,0.08728542121714573,0.07313192139889949,1.8164813893531528,0.021325174982391625
2024-02-13,0.0675661913198057,-0.01826341573374846,0.07241145928624945,1.7687986918027518,0.008653965245773157
2024-02-14,0.23322952090507032,0.5300696427682697,0.07319156985348357,1.823224495887981,0.031123234830342534
2024-02-15,0.20985705726837126,0.13841763980470134,0.07281582851008397,1.8487150150310132,0.028250057916594754
2024-02-16,0.03438501047740048,-0.04161728183734893,0.07546516511912117,1.7978864099620218,0.0046652823955150476
2024-02-20,-0.0004230554110560401,-0.04040126377704072,0.0742895191935706,1.76110660500255,-5.534908524734013e-05
2024-02-21,-0.04286463226038028,-0.05926730255180568,0.07335839421478713,1.7874014127873852,-0.005620449051244973
2024-02-22,-0.02640257193957748,-0.02636345527265736,0.07259761497785432,1.7449334185752017,-0.003344625126543367
2024-02-23,0.34327655989378597,0.38258292915840414,0.07281765135043376,2.0955343434900247,0.05238121879814552
2024-02-26,0.10196678707511204,-0.09148948844277269,0.0725320528486333,2.0458762545321014,0.015131015151561508
2024-02-27,0.025297325470614706,-0.041050008683147655,0.07201235889802676,1.9911444179867896,0.003627307770318234
2024-02-28,0.0022102265839450855,-0.02601525968012893,0.07156961030513762,1.9307737235018911,0.000305419548222013
2024-02-29,-0.016429973791125936,-0.03345877189526109,0.07119448667774049,1.905103615449671,-0.002228444564539671
2024-03-01,0.2927162409370087,0.3314687669416891,0.07321860854579433,1.9601176993198326,0.04200978325021119
2024-03-04,0.3968032809130657,0.37348986676521145,0.07359305218530283,2.1899680089161393,0.0639513681828837
2024-03-05,0.21416371147936666,0.0022483761260576798,0.07280444528660085,2.131546871799245,0.03323522849117767
2024-03-06,0.02668735194633057,-0.08106322937411234,0.07224245521981189,2.1347253661244996,0.004115664749525891
2024-03-07,0.09122944538489532,0.08629636003337572,0.07187509342265047,2.14207266358781,0.014045838021304456
2024-03-08,0.2875639607491469,0.29733555350944796,0.07245916754925395,2.247675602685848,0.04683401908719228
2024-03-11,0.014205636544906258,-0.10125291205055831,0.07197415014202266,2.4311423576374818,0.0024856938312006016
2024-03-12,0.0050662994065250756,-0.011068014329912125,0.07150308265299689,2.383338539603883,0.0008633787460857354
2024-03-13,0.048103728759882856,0.042527328973980365,0.07122268084297488,2.3465240794573963,0.008039371054172838
2024-03-14,-0.006777457542371688,-0.03786399114243672,0.07092370406235109,2.359971838767507,-0.0011343969109429272
2024-03-15,-0.18429853357573833,-0.20434800066345649,0.07218434978979427,2.3351915624782933,-0.0310661504598832
2024-03-18,-0.13556654752708983,-0.08927789442969551,0.07217542496264884,2.265707524492824,-0.022168981074448302
2024-03-19,-0.0641480269143172,-0.02320772108935459,0.07166918320527085,2.187502252746965,-0.01005690312319028
2024-03-20,-0.02729506570409235,-0.013806895431805395,0.07126435524285035,2.1300304307210647,-0.004143261193840909
2024-03-21,0.0780852039903362,0.09013618998365094,0.07131595060215698,2.0962888936957556,0.011673647042180088
2024-03-22,0.2224815360285944,0.22445682135563622,0.07224517671118767,2.104512380881677,0.033826286040353704
2024-03-25,0.08974279338614048,-0.011946592079821858,0.0725515722170671,2.0356200387361234,0.013253882897346312
2024-03-26,0.04271372949893768,0.009879831470859734,0.07197493362105317,1.9767629786633862,0.006077197701418376
2024-03-27,-0.006749725702579425,-0.0431074092832562,0.0715402529143651,1.9325593330323292,-0.0009331886151309776
2024-03-28,0.14656246495472577,0.16366233537679417,0.07486096546949221,1.8955415731317076,0.020797517491465984
2024-04-01,0.06613501191693319,-0.019316683630719263,0.07413520021014613,1.840861472964847,0.009025619266493975
2024-04-02,0.03111464509838031,-0.013066654590223901,0.07320328517016497,1.8051869782868253,0.004111663979146456
2024-04-03,0.007361001715574353,-0.01833836726381481,0.07246741299731677,1.8120133087242922,0.0009665872448398456
2024-04-04,-0.00027955423447993335,-0.02015592107312032,0.07188968922087954,1.763303144272985,-3.5437221497259736e-05
2024-04-05,-0.40794855267995317,-0.3451156860227281,0.07477316384803029,1.895382064080775,-0.057815983856655435
2024-04-08,-0.15843425513408357,0.05369252049249324,0.07406964969284643,1.8554958588492383,-0.021774558924354908
2024-04-09,-0.07617015457893597,-0.02032001017286689,0.07314933330260237,1.804013517354957,-0.010051595345054235
2024-04-10,-0.03519142296183492,-0.021062935206276983,0.07242507684343524,1.772283572752028,-0.0045170927133354
2024-04-11,0.12546266453558633,0.39735405033224785,0.07246743044265476,1.8028511831970133,0.01639144528247402
2024-04-12,0.23433490175800603,0.22243967318961239,0.07291046474606783,1.8313447327474348,0.031289379252356024
2024-04-15,-0.0448062192687309,-0.12943319436328252,0.07240053647007985,1.9960794551620198,-0.006475270399348955
2024-04-16,-0.020843385441926248,-0.009616319708874305,0.07183726405415074,1.9795295132270514,-0.002964012457073731
2024-04-17,-0.012437601933018164,-0.02080317816841983,0.0713958907468432,1.9241042105868367,-0.0017085923570403611
2024-04-18,-0.10615048536531158,-0.09848444508181024,0.07113900081701795,2.0518106252681614,-0.015494123730622545
2024-04-19,-0.24973728689171687,-0.237663448431357,0.0726089722528909,2.0620156463963037,-0.0373908755871293
2024-04-22,-0.31502540745301416,-0.21112409460794954,0.07250577662719945,2.2990306727863925,-0.052512531637018627
2024-04-23,-0.14519380573333987,-0.0052118176105574706,0.07192810339002273,2.243377293946646,-0.023428744577876835
2024-04-24,-0.007398622973376124,0.05046159911833433,0.07155523236691158,2.226939653466318,-0.0011789645362750808
2024-04-25,0.04150441741313297,0.04017475522399761,0.07133640970406116,2.173607168021048,0.006435564208448208
2024-04-26,0.12640679631597843,0.12148030647242349,0.07150811965158548,2.149049351411456,0.019425498459469
2024-04-29,0.14141623080082885,0.1019244845382632,0.0713940663252992,2.1435237406588343,0.021641615360611682
2024-04-30,0.062141345920703535,-0.011528729632764655,0.07105746196812843,2.079782806673142,0.00918350211454241
2024-05-01,0.02301185626796738,-0.004451838642090576,0.07078615418535998,2.0981355285487417,0.0034176966160000153
2024-05-02,-0.22853923153340147,-0.20944704290670887,0.07111619250322096,2.252773290845944,-0.036613963816950985
2024-05-03,0.1132857200337726,0.224056398395086,0.07300576895533986,2.231607529914588,0.018456534853083132
2024-05-06,0.16339265959366886,0.14646188983494865,0.07281875453092014,2.228294115329328,0.026512354734508813
2024-05-07,0.08526349704760608,0.003256442610400037,0.0721738783148271,2.214190758343433,0.013625681023162995
2024-05-08,0.03367606333640675,-0.014556233176437143,0.07165956394538452,2.1532954755172957,0.005196358511391184
2024-05-09,0.006380420431757121,-0.02405054166810039,0.07134591188944853,2.0813560209053996,0.0009474684646507004
2024-05-10,-0.05284773607515387,-0.07718728526428044,0.07205336596358003,2.0190325555033986,-0.007688187790337352
2024-05-13,0.025226315344793866,0.04406521402163163,0.07193769328477048,1.966952931513541,0.0035694745988081255
2024-05-14,0.010787785152173848,-0.014728056562481872,0.07163611173456859,1.907434319322027,0.0014740556714769126
2024-05-15,0.01723176602252851,0.0006523103504771907,0.07124682414596845,1.8932373429264644,0.002324343774438056
2024-05-16,0.1709340567200689,0.18121477249936394,0.07130336975563101,1.9695956995404633,0.024005775588327675
2024-05-17,0.017818877634042357,-0.07201608917316314,0.07164612730462303,1.9150906169111,0.002444907283283246
2024-05-20,-0.03776896598111725,-0.07025716949394833,0.07150258121399197,1.8698374306877794,-0.0050496428712016594
2024-05-21,0.07135690718113963,0.09046743479977966,0.07129504781132383,1.8908751219110103,0.009619626956343722
2024-05-22,0.021867050401062765,-0.025325548697407697,0.07098013884904013,1.83950928848472,0.002855150697347298
2024-05-23,0.04174323981667741,0.025019741836249405,0.07081490538319286,1.8075723001943504,0.005343262489770934
2024-05-24,-0.08994103939147734,-0.1254866270850037,0.07325855694702944,1.7683395211963788,-0.011651502025291275
2024-05-28,0.04848586411599244,0.10763224250731589,0.07276493215945588,1.7851142140938379,0.006298008999758694
2024-05-29,-0.08873756825584068,-0.13085308314314262,0.07272832295326799,1.7884616914427849,-0.011542256959693721
2024-05-30,0.015487632106826878,0.17278573883909062,0.07216933762347481,1.834509687687199,0.0020504904583422585
2024-05-31,-0.061543227742661244,-0.09458417588285004,0.07202054302860117,1.8020250428990705,-0.007987253780092206
2024-06-03,-0.13692677995530872,-0.14580130915760603,0.07278495483689996,1.774488527542086,-0.01768492441197498
2024-06-04,-0.06255091999843429,-0.02244697125977272,0.07258625070734394,1.7285007725806083,-0.007847975599132426
2024-06-05,-0.076677089083444,-0.07621295946175094,0.07216111489691525,1.704310737517217,-0.009430128960043225
2024-06-06,0.012689581219315928,0.031315327755884616,0.07165813911126304,1.9817549968311108,0.0018020331563151336
2024-06-07,-0.04520684100098497,-0.08023956494612583,0.07162590377454871,1.9328594133810233,-0.00625856175368296
2024-06-10,-0.06150188225527394,-0.06950426656195122,0.0718971758511901,1.880322061958734,-0.00831442998744996
2024-06-11,0.04175295255210855,0.06957773134892846,0.07169897042615965,1.856259332930985,0.0055569790766003165
2024-06-12,0.013914549341682824,-0.020406655393376345,0.0712962112834462,1.8043622659382998,0.0017900259758090616
2024-06-13,0.2411120161096682,0.26305450118920437,0.0718137652522101,1.8871009059333923,0.03267545737647355
2024-06-14,0.13602223980197395,0.02622153917302896,0.07146869941959781,1.8532293247458962,0.01801585859579123
2024-06-17,-0.015319159501744376,-0.08350411550494263,0.07259988173339545,1.8060490469849941,-0.0020086320660999807
2024-06-18,0.051704600094323,0.06265746822336161,0.07215696902804439,1.7952304812302806,0.006697730663825216
2024-06-20,0.09680812391317467,0.08232398803103379,0.07201236838453172,1.7745653097770338,0.012371173158566917
2024-06-21,-0.12092948965795142,-0.15043445606904757,0.07178716097931967,1.887301190455743,-0.016384010296675137
2024-06-24,-0.18583947647860932,-0.18054594020226078,0.07310208005741649,1.8636834772805886,-0.025318610222655445
2024-06-25,-0.18954174575494026,-0.1250492702541106,0.07254942187347937,1.9888485373129263,-0.02734894278076034
2024-06-26,-0.05046935420834505,0.030502372017151703,0.07204140456361743,1.9548719136787471,-0.0071076858798702755
2024-06-27,-0.011909183155162912,0.032448324076847584,0.07162814350141182,1.9005415794817437,-0.0016212240770397076
2024-06-28,-0.04831776331913007,-0.06656373328196438,0.0714825123295668,1.854799479992455,-0.006406245762061517
2024-07-01,0.08997678746809505,0.11205343420258675,0.07314750257312123,1.8157876337591072,0.01195074665897527
2024-07-02,0.028435350260112718,-0.02963140605347141,0.07276794852341233,1.7671036720314164,0.0036564592940325244
2024-07-03,0.06060026616317591,0.047894704970448676,0.0722554785966043,1.7518984230748744,0.00767103978819023
2024-07-05,0.14296445417360704,0.13446037987951123,0.07222832748003791,1.7556621580903664,0.018129113891342977
2024-07-08,0.05843744221867822,-0.0015161148507666323,0.07295534227778246,1.7112144953245987,0.007295461140700203
2024-07-09,0.18006744652760875,0.18855201138040756,0.0731068381752729,1.7303997388952002,0.022779261923340077
2024-07-10,0.07983486074699714,-0.01147579202692656,0.07241063470206471,1.687985294280897,0.009758062267225523
2024-07-11,-0.0032622992667631317,-0.054005589324379925,0.07186555264411815,1.7411225012944567,-0.0004082008420650856
2024-07-12,-0.21214953727322217,-0.1845744668652334,0.07178601271525799,1.9222602526291839,-0.0292748114322272
2024-07-15,0.04760323738143555,0.13305224048934586,0.07433772025116515,1.8806599246162052,0.006655121635693477
2024-07-16,0.019420135948461915,-0.018131975560454386,0.07401296608378771,1.82702529299879,0.0026260599389279077
2024-07-17,0.010583932465960672,-0.013582930335621414,0.07311290461237233,1.7812109256305777,0.0013783402807050439
2024-07-18,0.007095736633328128,0.009138210542374502,0.07239652879810107,2.6380592536051997,0.0013551887175798317
2024-07-19,-0.002386778003748766,-0.02571512943744677,0.07192189469764079,2.5359755571716716,-0.00043532961220081384
2024-07-22,-0.27648911930486025,-0.2929420644873953,0.07409348785487949,2.5875028879184385,-0.053007695950356204
2024-07-23,-0.015396569818820564,0.15072420707459477,0.07342041549641115,2.678601557259711,-0.003027951611677244
2024-07-24,-0.041554724080426056,-0.06005239251367192,0.07272474859745755,2.603653678343404,-0.007868389464351262
2024-07-25,-0.05177370615193102,-0.03947462767852403,0.07209985236090073,2.921439915748771,-0.010905374611375156
2024-07-26,-0.022946911209389794,-0.007507640473021337,0.07160159649452241,2.889058025609073,-0.004746824831795028
2024-07-29,0.14301659039285036,0.17365548424083802,0.07352508686100821,2.814552299141979,0.02959588214375699
2024-07-30,0.045837046956019666,-0.03781381797351641,0.07337285164196479,2.7024636822480668,0.009088911927665377
2024-07-31,-0.008946492802302418,-0.038464588804013225,0.07260901495988058,2.790858526100846,-0.0018129306180676653
2024-08-01,-0.01036148113361072,-0.020751057318091605,0.07200086064795608,3.1352239571070832,-0.0023389885580812324
2024-08-02,-0.20831692908395455,-0.17595443574320155,0.07182146152654097,3.578704554199502,-0.053543240204990135
2024-08-05,-0.4309919246223087,-0.36686999408930004,0.076674975203336,3.7668391290141154,-0.12448007757688828
2024-08-06,-0.281200507660577,-0.07428540006403539,0.0753683039882947,3.6458080142735607,-0.07726781621095209
2024-08-07,-0.15142330381443456,-0.036146993238745,0.0744435451930231,3.4895312587736385,-0.03933569770750228
2024-08-08,-0.09861109392720771,-0.05461293253401557,0.07348054158178087,3.427814820272915,-0.02483793449111272
2024-08-09,-0.004710339226100835,0.022301566548128073,0.07269381223133312,3.681436288331164,-0.0012605698592129452
2024-08-12,-0.026210802193827067,-0.045037264993604234,0.07289623212418753,3.5211271375795588,-0.006727707484023376
2024-08-13,0.005917287990312653,0.006699554696915666,0.07305925535811769,3.3689862391963135,0.0014564553834068034
2024-08-14,0.16551513550517213,0.19140742673929387,0.07300778161530463,3.3795140054416404,0.04083768518424621
2024-08-15,0.07229694616232013,-0.011847191602247842,0.07233296324826032,3.234489450577677,0.016914608457469782
2024-08-16,-0.009958001188459586,-0.05701439988140274,0.07180501809446928,3.318903552390499,-0.002373130394513861
2024-08-19,-0.01709416372764362,-0.029424908183460673,0.0728561701984991,3.176971942471677,-0.003956649470995305
2024-08-20,0.028158202620702236,0.03243553186392392,0.072356724599826,3.0686934482381667,0.006252264393917565
2024-08-21,-0.050084877739791846,-0.08723392867273357,0.07216673300523262,2.96479781479629,-0.010716149037625513
2024-08-22,0.020456118372258397,0.034776314828202495,0.0719072154914949,2.8598761245832045,0.004206713370455899
2024-08-23,-0.09776287130895178,-0.11397564278819365,0.07161069100099784,2.902922586763972,-0.020322974269713887
2024-08-26,0.14334383001897819,0.19896538995308136,0.07296477340414392,2.851381568357478,0.02982274260985265
2024-08-27,-0.009196047368808677,-0.09815370292509726,0.07244138924202838,2.8208120945145416,-0.001879152936962322
2024-08-28,0.011466396767560345,0.004370948346513416,0.07195654847962824,2.7159596628339084,0.002240890340082427
2024-08-29,-0.06037939376083789,-0.0861654625808732,0.07164837618297983,2.658678425640628,-0.011501670233855354
2024-08-30,-0.031702231786876804,-0.025070435701442583,0.0712562606430367,2.558784520877121,-0.0057802494313424725
2024-09-03,0.15327300837431074,0.17871089558092645,0.07177416484886365,2.541341076800585,0.027957400354081518
2024-09-04,-0.3792727600424858,-0.30367108199093185,0.07249280331804031,3.2311846239119717,-0.08883995297657399
2024-09-05,-0.1928798323378341,-0.029658408939755923,0.0726554969588779,3.094295973660155,-0.043362783252085556
2024-09-06,-0.1130104404580413,-0.048734237681111875,0.07229164465987982,2.9704969172640854,-0.024268100165456143
2024-09-09,-0.3381217878907946,-0.2872205482571934,0.07349536935618538,3.0934892898204907,-0.07687440197499767
2024-09-10,-0.15750545845761912,-0.00587765290292855,0.07270627420021625,2.9939134742181914,-0.034285204479971625
2024-09-11,-0.012605748787181311,0.046744394764898146,0.07272643644261353,2.88152428591306,-0.0026416984427969246
2024-09-12,-0.09919274658222335,-0.12397714956922257,0.0722477948832226,3.00062625027534,-0.02150385962272819
2024-09-13,-0.04859033185214226,-0.023428812774798292,0.07172526659271455,2.878648245952953,-0.01003253390535135
2024-09-16,0.12467860815664163,0.15321548282462152,0.07394734639933376,2.793144457798623,0.025751820517731745
2024-09-17,-0.06545659879431293,-0.15057999597606753,0.07504265131206687,2.707911121377153,-0.013301358861063971
2024-09-18,-0.03580567236617029,-0.022852445089225515,0.07400393851551398,2.6012614302150534,-0.00689272050666691
2024-09-19,-0.09861664554996356,-0.11541077242170772,0.07391009685614963,2.5234661019229496,-0.018392953482289767
2024-09-20,0.12848257565181842,0.19110549561894516,0.07338473242167193,2.64286525302363,0.02491867640350269
2024-09-23,-0.07515101431167569,-0.1543647135303144,0.07432061209825683,2.5691417804952668,-0.014349348928338827
2024-09-24,-0.02759010892207983,-0.007415733166135394,0.07384005868924742,2.471064765670424,-0.005034189696726207
2024-09-25,-0.006665124538109925,-0.009048600922912304,0.07297649157089638,2.394849032278943,-0.001164848353887365
2024-09-26,0.009892364419809101,-0.00020364627037371952,0.07237539043043777,2.312116553798436,0.001655391608615941
2024-09-27,0.028047276093607576,0.015219572582995207,0.07182559872511855,2.4012252444359294,0.004837298025383763
2024-09-30,-0.10953854245617856,-0.14717533875248,0.0722139264635353,2.352222522617165,-0.018606570003897083
2024-10-01,-0.04896273871753103,-0.014734261946778664,0.07169089436236399,2.287266754329811,-0.008028723800418141
2024-10-02,-0.10746923978030644,-0.09703668486247324,0.07138246813956244,2.34911323071195,-0.018021033244528323
2024-10-03,-0.06433879389810358,-0.04075851968236033,0.0710872372169171,2.2811076093435037,-0.010433026833731969
2024-10-04,-0.03800866627858759,-0.02907147306246739,0.0710913032913302,2.2016228137352836,-0.005948973350303528
2024-10-07,0.07552832454094173,0.09216331974521262,0.07147316795019386,2.150031966264385,0.011606407105402434
2024-10-08,0.0403417723836201,0.03347988802350185,0.07126689907323992,2.080561070586782,0.005981681779934122
2024-10-09,0.04688646072498994,0.02311009492236718,0.07110995693043386,2.0242524151605994,0.006749048242339262
2024-10-10,0.0354495672726437,0.005367984890625317,0.07086554537100125,1.975455436527705,0.004962646139137251
2024-10-11,0.01147512217090873,-0.01472751483808168,0.07063620733085152,1.9277036642045544,0.0015625177641096512
2024-10-14,0.07588647200386253,0.07320413115037513,0.07196323380096757,1.878293738187481,0.010257429585972453
2024-10-15,0.10038486861170184,0.07636973066271077,0.07165809601223116,1.8788835123108618,0.013515539150163996
2024-10-16,0.032985420401196994,0.005662808322961611,0.07125567967769762,2.319724967839492,0.005452278201137873
2024-10-17,0.0026303138311921594,-0.03401679677328223,0.07102983937782177,2.2393617892087727,0.0004183816850190937
2024-10-18,-0.014987318245107859,-0.03569780995261727,0.07083763331256966,2.167697795614074,-0.0023013713821064905
2024-10-21,-0.011629104387816672,-0.020917919135373338,0.07187037325019098,2.094633020085811,-0.0017506692953275491
2024-10-22,-0.022143683733103443,-0.037899125667373426,0.0715854049406302,2.0285103404521725,-0.0032155227152982782
2024-10-23,0.007512076097343084,0.060575547599422006,0.07135862948732286,1.9700407515116247,0.0010560432110815286
2024-10-24,0.051936687005106806,0.17315276214306066,0.07130255518306847,1.9315689627158708,0.007153021899771676
2024-10-25,0.025281098332013648,-0.010011555500305816,0.07101435929055212,1.8766115555385443,0.003369120134893968
2024-10-28,0.09610683224377176,0.09124111313568997,0.07179024757911229,1.8371312404615265,0.012675348134806858
2024-10-29,0.026897185459641728,-0.024780573102135293,0.0721969537234436,1.786667338122085,0.0034695201095673546
2024-10-30,-0.020501583394671574,-0.05341414930320538,0.07169706387732669,1.8396374332186507,-0.0027040891968699706
2024-10-31,-0.18392780936029438,-0.15863248952414985,0.07153674483881751,2.032815476603649,-0.026746966342806853
2024-11-01,-0.2440965299665798,-0.1620058645914042,0.07141530644343401,2.270997501501736,-0.03958854734490345
2024-11-04,-0.028208986290884946,0.06922026302364415,0.07259071999678379,2.1993258355381347,-0.004503582881784715
2024-11-05,-0.055211733316166994,-0.07213424445843092,0.07245015833174585,2.1322259655465663,-0.00852911456987864
2024-11-06,-0.04729586696288954,-0.045450317789149396,0.07194806032179782,2.077189176084424,-0.007068354648966386
2024-11-07,-0.13251518817438604,-0.13975384142651515,0.07176197727441165,2.137901566231503,-0.0203304859488122
2024-11-08,0.04320910641094316,0.10248749805904721,0.07158968470504433,2.13453431213246,0.006602811135248712
2024-11-11,-0.09060086256206919,-0.13074867553927164,0.07419496042126074,2.075204748508833,-0.013949790725307751
2024-11-12,-0.018390226670316874,0.0823142677143378,0.07326566758380862,2.134509583314867,-0.002875978945804482
2024-11-13,0.017346008431847245,0.1024480030555791,0.07259009538373502,2.0954451172833295,0.0026384763805342914
2024-11-14,-0.06468518167656075,-0.08544024876091826,0.07207320110042488,2.1212899289603624,-0.009889598123914285
2024-11-15,-0.03307424616196902,-0.023952924229245005,0.07158919633877063,2.053025883888237,-0.004861069902512724
2024-11-18,-0.11335307457467286,-0.09852156938989101,0.07129033710053034,2.186294996418552,-0.017667403730445872
2024-11-19,-0.010432391185266305,0.029816127261204476,0.07112960569598112,2.127517926619163,-0.0015787286590427051
2024-11-20,-0.0038650859832775213,-0.015222542615169457,0.07100470869597951,2.05716632125039,-0.0005645672940899892
2024-11-21,-0.045601620917324434,-0.06621959577588608,0.07090745787131823,2.0064868697181963,-0.006487965289008651
2024-11-22,-0.05424108426027103,-0.058403659476122624,0.07074218526671863,1.9774910963668937,-0.0075878960104769876
2024-11-25,-0.026687237498598148,-0.023566351141664443,0.0712005786249689,1.9171913048415252,-0.0036429448304779607
2024-11-26,0.04087221813983226,0.0488274047385301,0.07127068013751788,1.8730661720510435,0.005456224499919168
2024-11-27,-0.002467475832519668,-0.03483164210414993,0.07096100963862635,1.8589066580384048,-0.0003254844737346264
2024-11-29,-0.05989194922924487,-0.07664592628807253,0.07079976503804307,1.8542698241001156,-0.007862726964796483
2024-12-02,0.11596567903274888,0.14797160973421078,0.07234343910333088,1.825720805660664,0.01531662186682967
2024-12-03,0.18381380699930566,0.1690382038203993,0.07213964696319689,1.8932416646464394,0.02510488266819025
2024-12-04,0.030902530887018914,-0.07314019856266452,0.07207908403017801,1.8460845262370815,0.00411201689448477
2024-12-05,-0.004739363763233697,-0.03798353862432095,0.07160450818812637,1.8191622449538005,-0.0006173505563371075
2024-12-06,-0.1193758666352325,-0.13013940652078168,0.07146743366509696,1.8486943693097686,-0.01577211166440033
2024-12-09,0.006449628228484981,0.04087951119535529,0.07314942584568064,1.799687085467431,0.0008490682544132028
2024-12-10,-0.04564378682590124,-0.07839362750213756,0.07292770146723253,1.7596443988640518,-0.00585732208043084
2024-12-11,0.03983200526484757,0.18771665056267944,0.07232271056117956,1.8469032964112773,0.005320482532048549
2024-12-12,0.05972759501309698,0.04117882115633227,0.07181372521215328,1.8880992871336104,0.008098550817410588
2024-12-13,0.012564236950294018,-0.030127071831308402,0.07138580500564203,1.8473444300432182,0.0016568983102224555
2024-12-16,0.16594714518211418,0.17768191156999152,0.07141264737612854,1.9180842977043517,0.02273068946595908
2024-12-17,0.19989597085387034,0.16164942136036112,0.07172825168679953,1.9208267028346455,0.02754117535756415
2024-12-18,0.1001553428465365,0.05797384623370986,0.07132998124233156,1.9068211371936,0.01362248032158496
2024-12-19,-0.009057361118037607,-0.043150826804356834,0.07100929635812879,2.1319763870439252,-0.0013711951957330808
2024-12-20,-0.12879358794534393,-0.15193446706190117,0.07121702961345852,2.129768050422734,-0.019534864602771193
2024-12-23,0.028521927333071014,0.08616302787282737,0.07158411081224367,2.079274295557789,0.004245289275165356
2024-12-24,0.0623788131683938,0.05096247003878901,0.07123738291904876,2.150184854205918,0.009554783746645527
2024-12-26,0.07905667224927504,0.054926564966478034,0.07129923904131727,2.0944945222615297,0.01180599658286465
2024-12-27,0.020177882912540607,-0.029211137163643836,0.07123479498399755,2.0266501541846953,0.0029130407665356726
2024-12-30,-0.07023564818690521,-0.10354185073714654,0.07143586604256214,1.9813689202321334,-0.009941210167678259
2024-12-31,-0.19694103652022904,-0.1862834090550918,0.07175150759680907,2.006318215264665,-0.028350914095119195
2025-01-02,-0.10987148081099117,-0.04653394730307175,0.07136779966443331,1.9649779045120377,-0.015407953401572826
2025-01-03,-0.03295070042373676,-0.002139025437960954,0.0711171148734308,1.9085404954950371,-0.004472395064493969
2025-01-06,0.16415192983509921,0.19253927617267347,0.07134311249893369,1.961033741734618,0.02296588107314865
2025-01-07,0.19511481090729818,0.15386024436426096,0.07126810310645111,2.0403373731432652,0.028371834750706697
2025-01-08,0.019301052313401613,-0.08586009236833043,0.0711136593165059,2.010885168736161,0.002760077556605105
2025-01-10,0.03414876005632857,0.09878869220044979,0.0709028873598969,1.9752297926560702,0.004782516617791759
2025-01-13,-0.12693939552419506,-0.14180825337218939,0.07092069800837997,2.037372473146396,-0.018341711638604305
2025-01-14,-0.08458429648999834,-0.05727901066561253,0.0709379936760042,1.9789455174825592,-0.01187414862471788
2025-01-15,-0.03236950451143247,-0.013509472985320197,0.07070141073955297,1.9225321698474707,-0.004399848744106107
2025-01-16,0.04697220573283277,0.0552484472835015,0.07059765612275082,1.9244237788347702,0.006381634860307585
2025-01-17,0.01619056280525943,-0.019170678170908353,0.07043571952391302,1.867796493070397,0.0021300238031312035
2025-01-21,0.2848426609928878,0.310802788568335,0.07180653513178667,1.938197543709629,0.0396430485585456
2025-01-22,0.19468160931849296,0.08608440521377148,0.07188108156390505,1.903799787809504,0.02664163075723646
2025-01-23,0.04853592671762344,-0.05839503544930274,0.0715025920164321,1.8810012852565483,0.006527910689489623
2025-01-24,0.009852701436178078,-0.028328587043132493,0.07117122050774831,1.8289899861250605,0.001282540428511683
2025-01-27,-0.2220569448166992,-0.22456875067170093,0.07191342546616518,1.8722730703789916,-0.02989809565709773
2025-01-28,-0.3458971087338142,-0.20635609145637132,0.07182502484846176,2.850929447132059,-0.07082868627313003
2025-01-29,-0.19485841289611533,-0.02074931555848801,0.07139458858185561,2.7357076435109815,-0.03805871668350738
2025-01-30,-0.09492731720294208,-0.02039788097939957,0.07104956680519028,2.6281509630294444,-0.017725681819981524
2025-01-31,-0.04377979738135104,-0.021808048343749137,0.07077997300480307,2.573607937835147,-0.00797492352898323
2025-02-03,-0.0432744938278613,-0.04794683040661131,0.0714083723419915,2.476760664403352,-0.007653589627992972
2025-02-04,-0.0866138874992754,-0.0919340661262256,0.0712165982456336,2.4419132838716826,-0.015062567083345958
2025-02-05,-0.03723148095213516,-0.018093016691610755,0.07091062277953832,2.360181834039262,-0.006231133764527248
2025-02-06,-0.0192527602521145,-0.021591262093839988,0.0706714196369186,2.3235307261227756,-0.0031614421417754932
2025-02-07,-0.01717245833006344,-0.027589234382165692,0.07057548806610348,2.2411285508704175,-0.0027161461190337425
2025-02-10,-0.12519361204953267,-0.13955446365864507,0.07092190273284317,2.2118526410916517,-0.019638971423324058
2025-02-11,-0.032603391134466156,0.007071514566200724,0.07071906890276025,2.1541001474705315,-0.0049666687818420915
2025-02-12,-0.01504709450276483,-0.015427157800655011,0.07068331496514146,2.081903011168922,-0.002214267323504963
2025-02-13,-0.006099830722255206,-0.007265006155396882,0.07077722183595853,2.0145331787817713,-0.0008697325401731416
2025-02-14,0.05370021550910743,0.05228161001598926,0.07082358588849941,1.9714184462262676,0.007497781089934928
2025-02-18,0.011546092421404523,-0.01606511428019331,0.072657415551508,1.911474375230343,0.0016035535059576572
2025-02-19,0.0169490468340512,0.00108476984929075,0.0720478918617795,1.8961932020883203,0.0023155232325958726
2025-02-20,0.08741460913688746,0.08734374231985391,0.0718121922147155,1.8865238543413232,0.011842530331488717
2025-02-21,0.036268998721029407,-0.015846235659896953,0.07141480668033467,1.8328301041928936,0.0047472930399080045
2025-02-24,-0.27087131915996976,-0.24427896453133843,0.07190202924346821,1.981687420308365,-0.038595735603895336
2025-02-25,-0.25572292943041147,-0.16404295938275093,0.07181712217190866,2.047670048762795,-0.037606043755184615
2025-02-26,-0.19590312442930535,-0.11023227933372234,0.07154060002272442,2.078111789156104,-0.029124792975350516
2025-02-27,-0.11694906197103036,-0.05931269890908187,0.07123661349136444,2.0478815506796875,-0.017061014089837474
2025-02-28,0.019994856291438184,0.12933565077762854,0.070946705053576,2.5542302020962455,0.003623352222622753
2025-03-03,0.07540977523728688,0.08212821200832673,0.07153824553508793,2.475396247492393,0.013353978095877898
2025-03-04,-0.11759002087071435,-0.1576421593219837,0.07146420205989898,2.5754602454881748,-0.021642820967590737
2025-03-05,-0.054845755370457216,-0.01818572030018524,0.07110915191622919,2.4773955343210354,-0.00966192966578701
2025-03-06,0.02816311647080402,0.04574752941775158,0.0709156076476827,2.441755266362707,0.004876684649291554
2025-03-07,-0.025923348001911612,-0.04025698552524948,0.07068386321121405,2.613978402840158,-0.004789755698328645
2025-03-10,0.18616463837152797,0.2293891946798455,0.0720030424833325,2.6006625391353007,0.03486037390353254
2025-03-11,-0.055110526289874895,-0.13050432037228868,0.07169076423697232,2.801247227939063,-0.0110674917847289
2025-03-12,-0.06109199488531822,-0.06131542334337527,0.07137024802758325,2.720594375455447,-0.011862201817338717
2025-03-13,-0.05937217436057107,-0.05742117701502395,0.07110320044980897,2.656851271311945,-0.011216034774426531
2025-03-14,-0.021023251954073847,0.005505604007676879,0.07084286342776115,2.5577407163369807,-0.0038093644013192565
2025-03-17,0.2272186289967764,0.25921823980322534,0.07212245788462107,2.572517062049415,0.0421572931415448
2025-03-18,0.11143032003569607,-0.0027490352390053133,0.07162844059133076,2.509795751440665,0.020032135721233853
2025-03-19,0.05728114263641811,0.04214657398589577,0.07125335943800418,2.444562269875554,0.009977416967685416
2025-03-20,0.018937609226332447,-0.02073795264301469,0.07093912987557822,2.358849247613738,0.0031689194073204084
2025-03-21,-0.023729765715497928,-0.050907947639258565,0.07078268717615753,2.286865910630228,-0.003841149382151326
2025-03-24,-0.1196339660297924,-0.13711368568135715,0.0716156633830765,2.2309532315849423,-0.01911406179371788
2025-03-25,0.023533533426935434,0.07456133366619001,0.07131290522535287,2.2696951848178695,0.0038091037758412115
2025-03-26,0.007601501126576589,-0.01651628170744293,0.07098573535337767,2.1954192587826578,0.001184644164497096
2025-03-27,0.0033913532226116016,-0.002096664117093864,0.07073009760808975,2.267103808694439,0.0005438118783569802
2025-03-28,-0.06608159282169437,-0.08316194104018265,0.07061962177275274,2.2692994205999346,-0.010590042233219408
2025-03-31,-0.2197563510712871,-0.19238885551039117,0.07095351987188009,2.3594122153862522,-0.03678910340586499
2025-04-01,-0.10929193825722447,-0.03307198397635055,0.07074342437824954,2.279071247774656,-0.01762106318934559
2025-04-02,-0.05110363272066407,-0.025878145570652177,0.07072111792742146,2.199028613288112,-0.007947522584968102
2025-04-03,-0.016446029512867923,-0.011459261936149597,0.07054199642333218,2.1275650517074776,-0.0024682642877332924
2025-04-04,0.0001962477736448986,0.006947769587191516,0.07038374963792349,2.9858349626483616,4.1242305739463304e-05
2025-04-07,-0.3903000245459638,-0.3260054518212743,0.07177415803079025,3.604473342754535,-0.10097375409708192
2025-04-08,-0.18146709467820551,0.03530768677189715,0.07151175316618102,3.4779193517434335,-0.045133064051776806
2025-04-09,-0.14795950988323628,-0.08837474622636524,0.07123002382779169,3.500808412784662,-0.036895577942069845
2025-04-10,-0.12995593514528744,-0.10258435756374261,0.0709938154698113,3.7366063803238236,-0.03447418335431938
2025-04-11,0.10814963766179223,0.4070022595327878,0.07101862507349248,4.140169062808401,0.03179914218572548
2025-04-14,0.11052767772094338,0.08319549705028927,0.07201613206705078,3.9756674627545725,0.03164542180127329
2025-04-15,0.059418422206020276,-0.0028575324974117544,0.07170084841759536,3.8001253027992026,0.016189868712406304
2025-04-16,0.021808077615248514,-0.020336531783451763,0.07128917388088672,3.6317455331773765,0.005646201553986302
2025-04-17,-0.0673332148758594,-0.08676718501272142,0.0710561450194049,3.6361526466755505,-0.01739694937219985
2025-04-21,-0.07645915885440728,-0.07886669816115521,0.07254554332008115,3.483298335950542,-0.019321058963622295
2025-04-22,-0.08074147330878347,-0.07502532089935168,0.07211391301621141,3.371580043955286,-0.019631306612671984
2025-04-23,-0.03794940051332244,-0.02130522199347467,0.07161259929260341,3.2566551617292165,-0.008850465875116476
2025-04-24,-0.01996559014944729,-0.0217466380946685,0.07122008827730024,3.259245004455017,-0.004634486996283262
2025-04-25,-0.013705404554498361,-0.021207811834182546,0.07091316137390201,3.451977422971637,-0.0033549546434549064
2025-04-28,0.045325042970997466,0.050287553799047285,0.07151384762055717,3.313698401269984,0.010740916676688627
2025-04-29,0.010474664639513586,-0.027424899552342202,0.07123309376060852,3.1727526126462546,0.002367326417776511
2025-04-30,0.029609907729647715,0.09472359977299825,0.07108388557531183,3.0567262411768,0.006433758550455193
2025-05-01,0.026788315882817482,0.003908314479320782,0.07105943937955794,2.932519624387508,0.005582234999091295
2025-05-02,0.0016165979752981103,-0.026623147774050265,0.07085536403641768,2.813369190438906,0.0003222563555925095
2025-05-05,0.07838505809208886,0.07756354561210643,0.0707312726361655,2.8353470407553303,0.015719943471999034
2025-05-06,0.022365219589563244,-0.026986102224479558,0.07053999196944266,2.7289697881303576,0.00430533847402525
2025-05-07,0.006474815923315925,-0.01463937706683405,0.0703821914539879,2.6388585152719353,0.001202558789627861
2025-05-08,0.03958720578855873,0.02896584414919119,0.07034942658922624,2.567985163564086,0.007151677481663958
2025-05-09,0.01897650458577331,-0.011495321876351704,0.07024225268622178,2.478603357908649,0.003303860369463728
2025-05-12,0.059044769658798,0.04762861780074815,0.07052455116023301,2.4006374243823045,0.009996508411128058
2025-05-13,0.10487970229755622,0.09041572029982539,0.070409685493126,2.8813791306177983,0.021277679192408885
2025-05-14,0.04147737177980139,-0.021654636741239987,0.07028061011176198,2.8695661292211545,0.008364943077082427
2025-05-15,0.003644809980456667,-0.031502467811252835,0.07034201604569482,2.7555526168886595,0.0007064776239964948
2025-05-16,-0.014712967715835615,-0.03528603112025245,0.07026594461058523,2.654199070634172,-0.002743965608248035
2025-05-19,-0.03253601545154008,-0.046096048235226256,0.07122060230451117,2.5521116517032825,-0.005913841465897287
2025-05-20,-0.016329936102034134,-0.017212949917142298,0.07091344148090935,2.4633334283853117,-0.0028525695916353133
2025-05-21,-0.01593410719440538,-0.027497776921112323,0.07071113167183678,2.3731555883977946,-0.002673878902616385
2025-05-22,-0.027294095675061893,-0.03610352700248664,0.07052427418918047,2.348511541652703,-0.004520641146818141
2025-05-23,-0.048122894899438676,-0.05822805683773937,0.07045938630595006,2.285147161659656,-0.0077482705141545295
2025-05-27,-0.19401931788160126,-0.20107775700865785,0.07208941730892066,2.2536974086555337,-0.0315218787306665
2025-05-28,-0.05887028110374274,0.01479245587289574,0.0716024296960599,2.3177524342997855,-0.00976991791736574
2025-05-29,-0.022962461804396383,0.006269181457099512,0.07123279459072582,2.239359541780559,-0.003662876343113768
2025-05-30,0.0010848319976640953,-0.002938690039202912,0.07129144630026774,2.1623564910562125,0.00016723501218188688
2025-06-02,-0.10730955782932891,-0.12408662977492607,0.07122456329994414,2.16594038568653,-0.01655444783331053
2025-06-03,-0.006655711055053577,0.029747991635293992,0.07101311351364836,2.118412508136811,-0.0010012523445500122
2025-06-04,0.08896690975450983,0.09549328806812413,0.07089137506542893,2.1563293674990742,0.013599940356610569
2025-06-05,0.04660832146621071,-0.001968965312743129,0.07066509137214584,2.1176783066034592,0.006974745659693876
2025-06-06,-0.019006902953398436,-0.05790021304003261,0.0708535915329758,2.0525814642585183,-0.0027642265201025208
2025-06-09,-1.238801757535255e-06,-0.006494409553240767,0.07066621449771418,1.9911847224239272,-1.7431115942507642e-07
2025-06-10,0.13575957070543748,0.1464533686568455,0.07085420357913623,2.014635839912203,0.019379056659561918
2025-06-11,0.09385246165498798,0.03622437587191127,0.07066673359458683,2.0286158856662,0.013454281429081031
2025-06-12,0.03570287007535008,-0.017576169437524856,0.07048106547987346,1.9677572580567242,0.004951617774766318
2025-06-13,0.00873324833850747,-0.021719341337001936,0.07042617298635526,1.908103154916267,0.0011735774300394967
2025-06-16,-0.26540771506617994,-0.24690316006227903,0.07134671028469183,1.9951748435803502,-0.03778056570385641
2025-06-17,-0.1137821374205709,-0.01993704971391605,0.07101199857642099,2.0726144052365267,-0.016746510874677156
2025-06-18,-0.04178376569427981,0.025303753770843075,0.07077147865858521,2.017715751963432,-0.005966584994542865
2025-06-20,-0.0053072998016314476,-0.0021561322530288998,0.07093423037249057,1.9553400995532657,-0.0007361253753801291
2025-06-23,-0.08934410571514394,-0.11434075935758908,0.07195679052885123,1.9080724548878987,-0.012266835816993423
2025-06-24,-0.012439213777311582,0.01709986880826605,0.07186097932077615,1.855868475991558,-0.0016589498514045435
2025-06-25,0.025830952296281438,0.024155148285664077,0.07142274843124272,2.0369506875276984,0.003758006189226137
2025-06-26,0.007245160917193291,-0.02123511024028894,0.07107158540499693,1.9864092152416837,0.0010228519099660636
2025-06-27,0.021835372615727804,0.007894729152586311,0.07088578946258262,1.9330903501885242,0.0029920713168183027
2025-06-30,-0.01873528042118934,-0.04395346042827522,0.0716942078021103,1.8767181715295869,-0.0025208286565758633
2025-07-01,-0.010821521035094376,-0.018953417467549978,0.07128382826764411,1.8244696178048923,-0.0014073948543531307
2025-07-02,-0.0007196285381377051,0.00869240189381914,0.07097386763476468,1.7825271647239542,-9.104225517426564e-05
2025-07-03,-0.003458873528077564,-0.018812882969460567,0.07072059726586084,1.7927539509886097,-0.00043853200104359934
2025-07-07,0.038311472869268656,0.034040753055431305,0.07137310286052026,1.748711763893665,0.004781692650204724
2025-07-08,-0.12692107744736325,-0.15500573263922818,0.07140778926079308,1.7877790603533807,-0.016202916139449193
2025-07-09,0.022248010310449387,0.07798310993123606,0.07122248134267171,1.7938660073104695,0.002842485628395071
2025-07-10,0.00892507670948183,-0.016509795069936207,0.07092362107247487,1.7475172600483422,0.0011061762562183139
2025-07-11,-0.0009705059397248614,-0.021200624948185132,0.07068154937534196,1.7176906133173206,-0.00011782818853305253
2025-07-14,-0.025575828194393847,-0.044718731190934,0.07086531845584311,1.6774903684645164,-0.0030403493178126737
2025-07-15,-0.08691358081684457,-0.10006684614343386,0.07089532255956678,1.6657295481663899,-0.010263836272790634
2025-07-16,-0.06063129072078849,-0.046820203735568895,0.07073255186302002,1.640795828763237,-0.007036726697246914
2025-07-17,-0.05321840719707996,-0.051647682766696845,0.07078819680987002,1.6082213279710045,-0.006058547807277239
2025-07-18,-0.018322207637218813,-0.012790796457796402,0.07061496152599782,1.5755948323108466,-0.0020385392372359143
2025-07-21,-0.017460392858046424,-0.027078258528891883,0.0712863576059717,1.544751359589706,-0.0019227331855564804
2025-07-22,-0.013563712778253018,-0.02390209259124823,0.07105638948975891,1.5163778874757081,-0.0014614675060652775
2025-07-23,-0.00532420996079067,-0.005899182983448966,0.07078527738643141,1.5458694005477347,-0.0005826005798811673
2025-07-24,-0.00373375068282389,-0.012430382782240398,0.07057359550174287,1.533429886785626,-0.0004040652315119604
2025-07-25,-0.003969760995885027,-0.016639843003322,0.07040842817748286,1.5095934671797184,-0.0004219383664541084
2025-07-28,-0.027593591328780594,-0.04448708818725036,0.0711248334619931,1.4847432402182725,-0.0029139416239243533
2025-07-29,0.05270290184050567,0.06443118253202995,0.07093020661309964,1.517991668328702,0.005674598528200718
2025-07-30,0.02208072822955813,-0.014943764517261888,0.07077532233511895,1.4918038088781505,0.002331347219770421
2025-07-31,-0.03808952426445866,-0.062258110058926466,0.07099797736895237,1.474773196869637,-0.003988198454056452
2025-08-01,0.0771609953620162,0.23297907823580485,0.07081556431210054,1.7053811253898672,0.009318542572340816
2025-08-04,-0.20336925645251797,-0.2579383120780173,0.07514178452245768,1.7098558360498568,-0.026129211282546506
2025-08-05,-0.005586422318233346,0.12915152444449848,0.07500989988483388,1.693830687413989,-0.000709777693861298
2025-08-06,0.038938761611368715,0.17283810408536582,0.07430439143490326,1.6675337699161956,0.004824710449297026
2025-08-07,-0.031860922835633056,-0.07398771307068855,0.07348914883315637,1.6489771675624842,-0.0038609680726763994
2025-08-08,0.02066340326143195,0.026408512288043643,0.07273068849489724,1.656246633544765,0.002489112688493945
2025-08-11,0.08396468706498764,0.08010883246114851,0.07292442607432775,1.6308391204191954,0.009985752880617064
2025-08-12,0.01925496711946149,-0.03581468787106539,0.07233832057007446,1.5978491335503044,0.0022255992928669355
2025-08-13,0.10810604671975907,0.10733216714895513,0.07187669631107357,1.7507796950085754,0.013604093074972238
2025-08-14,0.10857431754889246,0.06849448971044222,0.07158801305364565,1.748639744133913,0.013591511656976295
2025-08-15,0.041842820372273604,-0.018995333587968264,0.0712735092224574,1.7045082016894952,0.00508332863495395
2025-08-18,-0.13484593185139243,-0.14593660757172436,0.07120875792251992,1.7882794074216373,-0.01717143676576624
2025-08-19,-0.059297580524181666,-0.01919298398453751,0.07094318322193433,1.7412602880633088,-0.007325062596659128
2025-08-20,-0.14847253236578342,-0.14301903194390442,0.07106706869163096,1.758515641023104,-0.018554991250259122
2025-08-21,-0.08414930207231816,-0.04349562742462293,0.07083248560604474,1.7271623236502007,-0.010294758332207308
2025-08-22,0.02673359869949414,0.19054820062645378,0.0712299440610437,1.696636216638711,0.00323079023144956
2025-08-25,0.34833591911289896,0.38517020538231544,0.07355944065114495,1.7876384033643968,0.045805365585583374
2025-08-26,0.1629695080162079,-0.03268629815101567,0.07283858745484544,1.7422618413648736,0.020681464763340932
2025-08-27,0.05719652417147445,-0.03352590616151597,0.0722016285413178,1.7103460608251624,0.0070631856696895
2025-08-28,0.02232154057539355,-0.016448576693690913,0.07176888628779018,1.6691447716052628,0.0026739567500922747
2025-08-29,0.009628307053219473,-0.014945056296616917,0.071350685168016,1.6331283482222367,0.0011219368099528047
2025-09-02,-0.3533583244223735,-0.29548953510475423,0.07250238452753648,1.789875998306837,-0.04585540795356994
2025-09-03,-0.26546474187001784,-0.16071105784899695,0.0728310210251662,1.777150855654572,-0.03435955583882816
2025-09-04,-0.15687757675972364,-0.06693548300075766,0.07240969097204028,1.7404854787787933,-0.019770969700529613
2025-09-05,-0.025945960968267155,0.033023796561226344,0.07200531732769484,1.7112224073895992,-0.003196986390570717
2025-09-08,0.1456246710948427,0.1710575476214194,0.07416621680319127,1.6926598703780515,0.01828145601514627
2025-09-09,0.11156371549474718,0.0534736211041958,0.07387806781160824,1.6604699875532432,0.013685779176065196
2025-09-10,0.04828101729576244,-0.002990910693153324,0.07341638989706802,1.6229971909781873,0.005752905041530689
2025-09-11,0.03416297223878218,0.004092404916094161,0.0726427556973481,1.6423778695484168,0.004075876752725352
2025-09-12,0.041894219331913334,0.019994060491878705,0.07218696101603823,1.613796859288894,0.004880470892158729
2025-09-15,0.015068853904955127,-0.016853952359978157,0.07183069603760496,1.5798771446550997,0.00171006891848647
2025-09-16,0.041437562206831785,0.02797667727775212,0.0715516142224843,1.5589492902097806,0.0046221668907727425
2025-09-17,0.0348228238228324,0.00775371787812645,0.07133390393525336,1.5325865678657162,0.003807018551732606
2025-09-18,0.007970798255858471,-0.022880906493276683,0.07101055995468555,1.5056967856173042,0.0008522407136064135
2025-09-19,-0.005102684413200073,-0.02054938530650282,0.0707494710752189,1.7136087118103318,-0.0006186336909129021
2025-09-22,-0.07001089605283935,-0.09893587241302151,0.07138782428383475,1.6811568206503742,-0.0084022966197081
2025-09-23,0.015049729666939345,0.04319310505090872,0.07113476896217673,1.6767650785528596,0.0017950760174976045
2025-09-24,0.012647044958001924,0.021140766895478755,0.07100719084166582,1.6390594161399037,0.001471926387670825
2025-09-25,0.007246410764734095,0.0032494602470979714,0.07076772690584264,1.605491472198099,0.0008233153218139693
2025-09-26,0.0004078872229588592,-0.015855048766365995,0.07055990153014999,1.5776546502840676,4.540566171810872e-05
2025-09-29,0.0016370486117102477,-0.011744752239978796,0.07124012508854842,1.546560768909434,0.00018036540387338118
2025-09-30,-0.0077281165901212845,-0.026383898876897256,0.07101962268054571,1.518253566150053,-0.0008332903182843484
2025-10-01,-0.007508466134630186,-0.021361093584732274,0.0707565931179193,1.5015183290926002,-0.0007977168728272682
2025-10-02,0.12230950138805544,0.1328412897055404,0.07081885280954592,1.5490410179432381,0.013417512264221637
2025-10-03,0.08540481277072695,0.033281423724543145,0.07062761181248858,1.5953527023181404,0.009623068529948759
2025-10-06,-0.05196704116461103,-0.10958978544646461,0.07129835166942997,1.5738088157931347,-0.005831220359185596
2025-10-07,-0.12390908305219135,-0.13538722445063256,0.0711302699023387,1.706635208250208,-0.015041747730969158
2025-10-08,0.006313278242687675,0.18664515821082822,0.07091864001447593,1.7732827464166192,0.0007939503005194058
2025-10-09,0.09838926183355118,0.10431720074678678,0.07076736402236791,1.9106430553171403,0.013303327464986577
2025-10-10,0.034519802224457254,-0.026464902933059913,0.07056820314292428,1.8593613467793118,0.004529405013930901
2025-10-13,-0.4933277727225653,-0.3362730814659431,0.0719114972713117,2.523948801334663,-0.08953945316505339
2025-10-14,-0.3051097268841641,-0.09640122717942373,0.07152382285521236,2.6670217625275647,-0.058201386605432774
2025-10-15,-0.2001241318898916,-0.08973546401853583,0.07130976240856078,2.618691898444025,-0.03737083959758735
2025-10-16,-0.17164877011559163,-0.11996840456558017,0.07125971283760789,2.622173321676651,-0.032073485509343996
2025-10-17,-0.07274504329986049,-0.01581587890956666,0.07095188446844404,2.5230743430263693,-0.013022590635480783
2025-10-20,-0.06391382605153767,-0.06215113237165015,0.0724643536324784,2.430142503883268,-0.011255142049041614
2025-10-21,0.01821506943928598,0.04654343046516524,0.07205056073605716,2.3723158578406816,0.0031134414873125633
2025-10-22,0.005319957458331546,-0.016450782900592587,0.07156296934992908,2.2927145003809972,0.0008728638140419333
2025-10-23,-0.07518125352560599,-0.08771124392422099,0.07126920509599693,2.3235315906177134,-0.012449733614952291
2025-10-24,-0.013584734242895545,0.004106234665572939,0.07095989238967279,2.310046792866342,-0.0022268187638212387
2025-10-27,0.03702346588356802,0.036336419969952086,0.07079836920007346,2.2661372495662433,0.005940001239863403
2025-10-28,0.17357403713808192,0.1781415591329632,0.0710915026531667,2.2954388862512576,0.028324887482309845
2025-10-29,0.07204786078868966,-0.01813214428779329,0.07085136740573032,2.214169329664399,0.011302646829909873
2025-10-30,-0.06842113531843802,-0.10771477228685176,0.07124418519301393,2.1751076040667776,-0.010602797005389757
2025-10-31,0.0026937156782536266,0.11003502360653791,0.07100768231934367,2.1366004322618632,0.00040867719463614604
2025-11-03,0.002498301819762921,-0.014002541189504178,0.07083584412410891,2.0658927687456257,0.00036559963492388336
2025-11-04,0.03201203075866872,0.023079389739773172,0.07116849141873866,2.0029423340137114,0.004563199239084201
2025-11-05,-0.07143216131503648,-0.0764309346164755,0.07091621269322819,2.2296813637816686,-0.011294893194283829
2025-11-06,-0.03493542830369338,-0.021483134215506284,0.07067577208388601,2.269066812697824,-0.005602526474456254
2025-11-07,-0.08914284125135447,-0.0891399883165584,0.07057802549812596,2.3010600898843503,-0.014477178745246911
2025-11-10,-0.14288011730124262,-0.14336728288696118,0.07146210290619481,2.2474156640981,-0.022947268306127058
2025-11-11,0.0013903307041144787,0.06356759760616171,0.07119367404621714,2.255535424359928,0.0002232591012025463
2025-11-12,0.06720213621124523,0.22801260506558266,0.07105282880842262,2.2637574413048642,0.010809219661847818
2025-11-13,0.009889385645068713,-0.03726559909904601,0.07080323338236057,2.2092527650717013,0.001546919846182141
2025-11-14,0.0043370829424202,-0.0010705317862826278,0.07058757767699024,2.335664841179756,0.0007150501954314997
2025-11-17,-0.035181452352565035,-0.06046258790631954,0.07079111689077051,2.257717463652996,-0.0056229227962065345
2025-11-18,-0.053594759271908765,-0.05717854348235324,0.07061727273238502,2.236893145280147,-0.008466004678932305
2025-11-19,-0.09640103131441503,-0.08838367940153725,0.07053198214664098,2.265460366680031,-0.015403671128227527
2025-11-20,-0.02881497357953201,-0.003483460028396497,0.07038438143552003,2.216464026890435,-0.004495264090826872
2025-11-21,-0.0064190483075182506,0.003602094063961824,0.0702609029151171,2.517087551035805,-0.001135226949292913
2025-11-24,0.03741079892907637,0.03915094639128412,0.07101232728939877,2.427545006212427,0.006449083786449219
2025-11-25,0.10661148112042725,0.10386711680583957,0.07084206555637738,2.583892487472797,0.0195150483526979
2025-11-26,0.0441160111246283,-0.020500588204384995,0.0706179154779524,2.486100326889699,0.007745149088091351
2025-11-28,0.07977546761594936,0.06232323340478472,0.07053189420068677,2.4866294306997956,0.013991554723522719
2025-12-01,0.12921739094218787,0.10926675389155342,0.07088430876085203,2.4384862918926835,0.0223352796784708
2025-12-02,0.04655461961692338,-0.020494795613776852,0.07097764134534336,2.3481370002511994,0.00775903619205002
2025-12-03,0.08509851742367332,0.06825068731383732,0.07090464713492385,2.3132658508840436,0.013957969361121031
2025-12-04,0.10573485530606118,0.07563239573999701,0.07083050325258707,2.2954131121305816,0.017190929565341104
2025-12-05,0.062123916823987914,0.07475009176853836,0.07068192026607499,2.2322861099415854,0.0098020525453409
2025-12-08,0.07911864440143342,0.05566894198222669,0.07115885517329949,2.1653324684577266,0.012190804817896153
2025-12-09,0.05840692503385199,0.017874574910987283,0.07095717162867973,2.1075456600213194,0.008734491587728526
2025-12-10,0.020494119042855977,-0.0183211044469812,0.0707077550764843,2.040039007858174,0.0029562065515928377
2025-12-11,0.07897685548751479,0.07089107948726038,0.0708855480036969,1.998368538667403,0.011187501922858637
2025-12-12,-0.01144617271354598,-0.06434844249568708,0.07091030459531039,1.9450393781441386,-0.0015786943108233495
2025-12-15,-0.2949863090378371,-0.2239383491818383,0.07118129834008102,2.3180149826663583,-0.048672539231803
2025-12-16,-0.17405498342216894,-0.068303485917428,0.07113954217983338,2.247191881759198,-0.02782516096948374
2025-12-17,-0.08470693863917242,-0.02715603757932002,0.07085859185001347,2.1758113542004356,-0.013059686224235308
2025-12-18,-0.027229987322455802,0.0008736933214384738,0.07063080862774737,2.348718706179342,-0.004517234373560311
2025-12-19,0.040512504653004114,0.0505417295782275,0.07054243945755072,2.3263381659094784,0.006648327636870808
2025-12-22,0.08496235001867619,0.07097952233252476,0.0704815679565254,2.342768488176685,0.014029152854414828
2025-12-23,0.07543662099557284,0.037250964891598896,0.07047709000105173,2.283616881277797,0.012140971385114116
2025-12-24,0.021138107558758615,-0.02612022038977673,0.07040641392323903,2.204064538770618,0.003280217454504631
2025-12-26,0.016870658717346963,-0.004211565146377878,0.07053635453914903,2.1294825994375,0.0025340731446284173
2025-12-29,-0.016075863777827853,-0.03802557434512304,0.07165767441582066,2.0594821293929915,-0.002372439000128951
2025-12-30,-0.009645477876950113,-0.018464801279555774,0.07125521546901259,1.9964532082272919,-0.0013721435321861193
2025-12-31,-0.0028854747471286123,-0.0020138803160049167,0.07096103253968264,1.9365395871089615,-0.0003965186175741335
2026-01-02,-0.09995440027089071,-0.1198815420654483,0.07108281652153116,1.916084309511812,-0.013613856227651558
2026-01-05,0.14924728945129512,0.20026030144933904,0.07106462536454244,2.1207337290803445,0.022492931827804475
2026-01-06,0.11457204725685163,0.05274742540722811,0.07095540658409867,2.0834716908662623,0.016937596020676404
2026-01-07,-0.024189783472457208,-0.09277441746674024,0.07077927804266057,2.17353448410308,-0.0037213853554993372
2026-01-08,-0.03451917746380692,-0.0447423084174105,0.07060659610813731,2.1197088546376657,-0.005166327433644211
2026-01-09,-0.03468776224409309,-0.03635491727222946,0.07044269330677289,2.108131425354576,-0.005151217867196464
2026-01-12,0.13692077733207852,0.16291871837368269,0.07067965289749545,2.15129258773615,0.020819162019657417
2026-01-13,0.06328690715521917,-0.008439152898417727,0.07053038857941148,2.0823864342254437,0.009295044527082299
2026-01-14,-0.0050390609583723465,-0.04867851635918428,0.07053626163783566,2.024397856791588,-0.0007195449337038828
2026-01-15,0.0023288919591205556,0.011570897774847407,0.07040013941952684,1.9662526553209583,0.0003223756143282829
2026-01-16,-0.004302028734092064,-0.02161981290992312,0.07027318061150413,1.942321742013559,-0.0005871973525625614
2026-01-20,0.09366020351735123,0.09869102219738145,0.0705478361656689,1.9226644483573745,0.012704052818846312
2026-01-21,-0.003451115618758864,-0.056937833792150096,0.07042752078410872,1.9138846732382848,-0.00046517640090267757
2026-01-22,0.08873351566456265,0.09314125700629468,0.07038384620638272,2.0110451418209183,0.012559793636095834
2026-01-23,0.030896115234070154,-0.022948505712513216,0.07033423998485017,1.9486500139299034,0.004234523234084472
2026-01-26,-0.06580797074344638,-0.09949343038199204,0.07047772438925931,1.9214901823364217,-0.008911863827124627
2026-01-27,-0.04584741526086383,-0.039105487108033875,0.07037277565105945,1.8740602377409634,-0.006046486444899301
2026-01-28,0.05438040989325576,0.06948428503607566,0.07034127885122508,1.9049157259708491,0.0072866599689687134
2026-01-29,-0.04487410787184656,-0.08889681195247338,0.0703010629845889,1.9701372227553693,-0.006215186939516659
2026-01-30,-0.023416559790998846,-0.022098911611454542,0.07021716062844065,1.9105932417129483,-0.0031414821241300883
2026-02-02,-0.24849963265398328,-0.193819027410339,0.07050204225459347,2.1828732968573736,-0.03824335428128912
2026-02-03,-0.03283443941526871,0.0826363320463694,0.07068075369184217,2.1445083586959246,-0.004976895491043232
2026-02-04,-0.04005102435206774,-0.04207698950965663,0.07050502107226322,2.1465423886153676,-0.006061402781997777
2026-02-05,0.11310945481974435,0.32830707935710207,0.07051656362140403,2.4282255617597555,0.019367745783536068
2026-02-06,0.035654283305124365,-0.03204841003629466,0.07062066325849313,2.3393014787396913,0.005890195348900239
2026-02-09,0.1990640739869406,0.21080830138248044,0.07070552063457596,2.619420036501347,0.03686815101106147
2026-02-10,0.12412374240026915,0.034911466074141424,0.07067512963518213,2.540325951136202,0.022284911819576057
2026-02-11,0.058377082201496795,0.021750466792183242,0.07056091876948085,2.447205445303121,0.010080383196701155
2026-02-12,-0.0052669875113976585,-0.04757514809975591,0.07041930138134807,2.4320122426430864,-0.0009020274576052657
2026-02-13,-0.002408982552199301,-0.006514317451194432,0.0702881012752302,2.4339426575430836,-0.0004121220091786528
2026-02-17,0.05341803802914904,0.05340129004205839,0.07169828607089687,2.3495488699694906,0.00899872934431231
2026-02-18,0.010132910434442569,-0.032990867859694205,0.07145188417836516,2.2660467431992415,0.0016406530626777544
2026-02-19,-0.026997374427928253,-0.051648173100823265,0.07125428004748069,2.199368102561808,-0.004230877084173271
2026-02-20,-0.028161658237184573,-0.03661346631906962,0.07097727592924884,2.1323742832733235,-0.004262270294128601
2026-02-23,0.021411039584607994,0.023025669560019404,0.07088623194500415,2.072641012541383,0.0031457465819154148
2026-02-24,-0.003968048180938605,-0.029694302226290395,0.07066084716566587,2.018509112739701,-0.000565960981652108
2026-02-25,-0.006505302225861757,-0.021609744936116313,0.07047651063336545,1.9830822205138514,-0.0009091856916843315
2026-02-26,-0.007709962728814522,-0.021666623487026877,0.07033272151072821,1.9642103480984174,-0.0010651179310345964
2026-02-27,-0.0014262126569931503,-0.0003990962536500002,0.07022063443341231,2.082866508984205,-0.00020859815943758122
2026-03-02,-0.09837102174477512,-0.1229587475238085,0.0705060090502786,2.058021197618181,-0.014273916712852098
2026-03-03,-0.05363499319454326,-0.03248092694776722,0.0704603723706337,1.9937051023465384,-0.00753449387562459
2026-03-04,-0.03209840206028008,-0.01951214952789052,0.07032089024345198,2.3714612385885356,-0.005352834344114134
2026-03-05,-0.06071161223010294,-0.0743943651911985,0.07037321600320176,2.324519007414491,-0.009931440981123248
2026-03-06,-0.05029083290655651,-0.045434657184546146,0.07029013343594144,2.263462785246165,-0.008001226314145207
2026-03-09,-0.2669270178508349,-0.21345273541256177,0.07070201179259553,2.4905857460461007,-0.04700302449972133
2026-03-10,-0.059255074113561026,0.0529464148839681,0.07054798697342249,2.573044094321666,-0.01075616363268681
2026-03-11,-0.02941840176327566,-0.020861075241727627,0.07038843601026726,2.4817726063002983,-0.005139044482265129
2026-03-12,-0.015819578017569027,-0.020992737399420425,0.07026404309116602,2.398661107928288,-0.002666225785474786
2026-03-13,0.09418417342168339,0.28670322792857883,0.07032909579552454,2.505870566845489,0.01659860536333239
2026-03-16,0.03276934961178382,-0.01599504200094202,0.07088624130737321,2.411341128721559,0.00560129472057554
2026-03-17,0.058433151820648434,0.042255913681536826,0.0707442217115138,2.370402003226692,0.009798786403148225
2026-03-18,0.019811495481271493,-0.02090323118211274,0.07054153122350686,2.291582935316581,0.00320256329470637
2026-03-19,0.027737027938308387,0.07290552563086583,0.07054488479058829,2.2185064615708185,0.004340963662787934
2026-03-20,-0.00916666099474888,-0.035399060474959686,0.07066967359568545,2.144306543553239,-0.0013890923727770776
2026-03-23,-0.12622919277203135,-0.1325037383001471,0.0707384648025112,2.170058094384727,-0.019377011442425297
2026-03-24,-0.0037837682426998674,0.04127788232489581,0.07079596998043879,2.1117719495846075,-0.0005656920575247869
2026-03-25,0.00736797008362923,-0.004689452991024996,0.07059043439413508,2.066474068655354,0.0010747901263931667
2026-03-26,-0.001821407768337782,-0.021390264679916487,0.07042155791350332,2.0218693683778786,-0.0002593378498380123
2026-03-27,0.13793035275456583,0.3376517258993083,0.07045162051123798,2.3599430095050886,0.022932550011023588
2026-03-30,-0.07576994871160027,-0.16221275980543925,0.07097807542239462,2.3368631970331686,-0.01256766227204164
2026-03-31,-0.22870546359070143,-0.18680299540329007,0.07109844150812124,2.5556764453551453,-0.04155683758435325
2026-04-01,-0.05571171091699478,0.028285605452405452,0.07082645720944683,2.8629047130728162,-0.01129663009283415
2026-04-02,-0.0032630690088587483,0.01361148544651304,0.0706183596044314,2.8627787816811208,-0.0006596775025834868
2026-04-06,0.01369623429713903,0.0057106252517698675,0.07137241937989121,2.7477493413689817,0.002686016696062094
2026-04-07,0.029984041019816533,0.01614394379056571,0.07112393059104231,2.656238603084555,0.00566464889664148
2026-04-08,0.008125447815277211,-0.021020296310575712,0.07083800449091565,2.564750038728089,0.0014762457798114877
2026-04-09,-0.00494674084771958,-0.019820074945302,0.07061471829577076,2.958785264720994,-0.0010335413033999488
2026-04-10,0.04274953372896783,0.04453877868865407,0.07053048645571813,2.901760389706804,0.00874922951895545
2026-04-13,0.11197865019563147,0.10658692432053439,0.07088744907381825,2.8336813730260997,0.022493425143060387
2026-04-14,0.029237586909889916,-0.0375767568520398,0.07067274121844196,2.7541286836629926,0.005690857237979674
2026-04-15,0.03861182516662328,0.01800654950115564,0.07052370404955459,2.6915349438936786,0.007329181351353005
2026-04-16,0.010518566550828477,-0.020931078802637768,0.0704428294306011,2.585786342113758,0.0019159580147416677
2026-04-17,-0.008402250261583637,-0.030603533122325034,0.07032738541499588,2.4964763103552645,-0.0014751885538178365
2026-04-20,0.19277877245040773,0.21471836092077554,0.07172794549585183,2.4750253442918346,0.034223723026993724
2026-04-21,0.08717054407357844,-0.01579924355502526,0.07131948633000376,2.384465263678419,0.014824121413566073
2026-04-22,0.02569954775500321,-0.028080606258370087,0.0710116305826785,2.3029650685627217,0.004202834771697397
2026-04-23,0.07582180071831227,0.06480128683826013,0.07083948112224832,2.314344152877716,0.01243075213178877
2026-04-24,0.04458469651218106,0.0037312902341857,0.07062439796609242,2.2971659324900116,0.007233241085007352
2026-04-27,0.2257831487292413,0.23332743944027917,0.07081932463244549,2.513181920580662,0.04018530167290197
2026-04-28,0.07453493235992341,-0.046131815419623565,0.0706391269924513,2.4432278528205567,0.012863796339292265
2026-04-29,0.02798560910348412,-0.00030085410872870093,0.07045955351602799,2.5753417946065564,0.00507819678883571
2026-04-30,-0.050497031101872855,-0.0872977679241318,0.07048128754767466,2.5441989354695678,-0.009055047667728928
2026-05-01,0.018238375865392457,0.03159888639567996,0.07037389869877149,2.531776122854778,0.0032495488710786264
2026-05-04,0.051686572899222155,0.04085823244703128,0.07068172673747888,2.4464746575573764,0.008937696622840332
2026-05-05,-0.023368747327397688,-0.06704344186963478,0.07073271992832136,2.3682513204462574,-0.003914565637946624
2026-05-06,-0.08556277605166643,-0.10209874752174883,0.07060560579233661,2.5345883962121194,-0.015311984912685987
2026-05-07,0.037074250764510756,0.06938567459319817,0.07047130351347496,2.760978978937984,0.0072135290973867365
2026-05-08,-0.007423908758512993,-0.03781899402683252,0.07033729836527161,2.7566864934854323,-0.001439480172497783
2026-05-11,0.28131674626638714,0.3233685739367262,0.07107523550866678,2.9851706723588523,0.05968745470510622
2026-05-12,0.12545329710780195,-0.020686539009481256,0.07079985150600884,2.933661746511698,0.026057003088520887
2026-05-13,0.07411013374087681,0.08294985474844256,0.07060574723397388,2.9428053163123598,0.015398527130910396
2026-05-14,-0.0229826711259954,-0.07547215167125775,0.07059485155466377,2.873448362032217,-0.004662050019517364
2026-05-15,-0.01490779864313722,-0.022899338472367917,0.07044594238701145,2.757697614907837,-0.0028961172803199883
2026-05-18,-0.26378224510424053,-0.23573804124791156,0.07115785531116861,2.8812713466858346,-0.0540819784373034
2026-05-19,-0.17395915896604822,-0.08339283155472738,0.0709561082556179,2.8663669270650947,-0.03538089959961083
2026-05-20,-0.07696944590115348,-0.019654090475176595,0.07070693708652884,2.750301607504048,-0.01496789429513186
2026-05-21,0.06941245143508622,0.09858211888172304,0.07060195135457335,2.8935056876722793,0.014180071725842085
2026-05-22,0.03238352445627158,-0.011772216215538527,0.07043905394462738,2.7853268069141706,0.006353511008424378
2026-05-26,0.06303326054140845,0.04655020102596423,0.07039316547450371,2.738863178713226,0.012152639224806852
2026-05-27,0.0551908759487647,0.02852538553010334,0.07027628952738965,3.0512148715107448,0.011834472443972073
2026-05-28,-0.00014182757165742826,-0.04590757803062368,0.07026625155969907,2.9358755330827715,-2.925803080860274e-05
2026-05-29,0.0023060163476736153,-0.013040949006981896,0.07017730453452434,2.822596631272493,0.0004567808452769064
2026-06-01,-0.011584645458718915,-0.029745689069088106,0.07047262810963198,2.709467471616635,-0.002212010357945225
2026-06-02,-0.0013076849364358342,-0.011851341939764306,0.07038245658169356,2.6040063220826495,-0.0002396677376645801
2026-06-03,0.12009490972781557,0.12608801218869528,0.07035649482947129,2.891696605404307,0.02443326582168048
2026-06-04,0.019106105656470723,-0.05587256075234001,0.07031250926314975,2.8155251222695283,0.0037823714684615014
2026-06-05,0.024963390157386908,0.06152556371990649,0.0702256715819889,2.765311818962998,0.004847787509918187
2026-06-08,-0.27349761343990425,-0.20347500465033502,0.07051319592541376,3.4456677078781737,-0.06645035918541482
2026-06-09,-0.07067946575718637,0.056402052692244735,0.07040083498054855,3.5693259311407837,-0.0177605853620762
2026-06-10,-0.033491858536267315,-0.014338540981251154,0.07027370236984547,3.437906935375404,-0.008091447100742727
2026-06-11,-0.012981244108538494,-0.005227684856580331,0.0701746175802873,3.453064334898046,-0.0031455822192095963
2026-06-12,0.09895452973258555,0.10930523304993045,0.07018779882499704,3.69791773232443,0.025683520131846972
2026-06-15,0.1004335879484953,0.06651630760449394,0.07062246847222994,3.5627686750140426,0.025270247564594464
2026-06-16,0.09307551135821031,0.05457242371785642,0.07048592581843886,3.674143585205629,0.024104268919075793
2026-06-17,-0.06382904733026817,-0.09947505159752552,0.07043015536696652,3.8578118747622843,-0.01734275362621642
2026-06-18,-0.06821487789802586,-0.0552036922155772,0.07139099277174128,3.6948291320841102,-0.017993551309591935
2026-06-22,0.29069906820686,0.36185280640933704,0.07253169257549477,3.904933156827771,0.08233510733987275
2026-06-23,0.12440997938464084,-0.0381921132519699,0.0719579103471568,3.7888749041699463,0.03391907714609922
2026-06-24,0.00725328938656395,-0.03879027492192827,0.0714980936144205,4.207505578961941,0.0021819970929629067
2026-06-25,-0.0035439787025302503,-0.02506954943381082,0.07113894379901796,4.022329058212183,-0.0010140890952940694
2026-06-26,0.05457014712237355,0.05397074531552687,0.07093877976031956,3.9623736566278795,0.015338901763164485
2026-06-29,-0.1804038249211233,-0.19191926042668025,0.07120213588628306,4.083591802395173,-0.052454298834472
2026-06-30,-0.0420050070304789,0.028454308839627542,0.07093786601802632,4.015351168958947,-0.011964724820816197
2026-07-01,-0.02202783986646427,-0.021779319158165812,0.07069270712274021,3.993148322082076,-0.006218161043758968
2026-07-02,0.0035108120734883125,0.0308888491604607,0.07050387031866634,4.194329498012795,0.0010382049286354563
2026-07-06,-0.2834307933966613,-0.27329274289636024,0.07184452784657996,4.324735172142185,-0.08806437268507511
2026-07-07,-0.060759515118293195,0.07521836472415418,0.07191416007605664,4.168899805589125,-0.018215880533904983
2026-07-08,0.09868292499814936,0.38283247153888,0.07188317890477335,4.220593215018653,0.029939378782681075
2026-07-09,0.04672929585709008,-0.01105799783478865,0.07143971722499763,4.046990269020274,0.013510179644477305
2026-07-10,0.08659389051477204,0.06949304823453467,0.07124754116665559,3.9646275787162613,0.02446017336364045
2026-07-13,0.025776591465390342,-0.021730990786757002,0.0714436773410441,3.7866172767294315,0.006973337756003754
2026-07-14,0.11900196874702404,0.3331672846566144,0.07136348141512865,3.8574692868340485,0.032759152054969036
2026-07-15,0.09296537754197308,0.04199464491529049,0.07118490724552698,3.729532943913399,0.024681048677686782
2026-07-16,-0.03542513713414389,-0.09455056135755623,0.071144001245371,3.6162752032377536,-0.009114047768273893
2026-07-17,0.04443856518294089,0.18222176612792912,0.07092661223043008,3.6856095167047362,0.011616587427384433
2026-07-20,-0.07525812432254482,-0.1196801193023736,0.07134746459968531,3.5631119928789907,-0.019132045617150838
2026-07-21,-0.030771649858110556,-0.014772122418817545,0.07110407785891648,3.407569620611168,-0.007455727529610005
2026-07-22,-0.19460173572736808,-0.19401266615931734,0.07144045072256179,3.533312609845919,-0.04912165140791981
2026-07-23,-0.08447450273490688,-0.015859853980885175,0.0710931441091869,3.382398498629203,-0.020313190350740244
2026-07-24,-0.003265132797678142,0.10006093535557427,0.07124437697375365,3.245680514902351,-0.0007550178349157894
2026-07-27,-0.12007238173131929,-0.12052952995419476,0.07109141596798023,3.3464508405005375,-0.028565691344458796
2026-07-28,-0.0830123582013369,-0.05337367990337472,0.07085160072467282,3.266538992422798,-0.01921234004088687
2026-07-29,-0.21250406073863135,-0.1751727351968944,0.07099626494069776,3.4134396081740346,-0.05149854492630139
2026-07-30,-0.3106835868377832,-0.22438315389804894,0.0714055308303098,3.6211367615288026,-0.08033320422325785
2026-07-31,-0.06754288859240008,0.0626807785498831,0.07109680664662395,3.8314022347258883,-0.0183987141835375
2026-08-03,-0.0248555259059812,-0.010390965033136666,0.07118566538224644,3.6609662153878673,-0.006477556749262148
2026-08-04,-0.0015677490062937353,-0.004371624269393875,0.07114487075146547,3.501043778061471,-0.00039049697166948955
2026-08-05,0.030144592846230594,0.023706625491106137,0.07086299169877582,3.7555402580933115,0.008022344867288474
2026-08-06,0.011098283429171605,-0.013049156252856806,0.07063421512537085,3.628692794093474,0.002844599554563404
2026-08-07,0.0012209743604884625,-0.02015579711987721,0.07045568498962464,3.46914611579807,0.00029843185464870943
2026-08-10,0.09626183185933945,0.10046363633460882,0.07116718109592049,3.3540038198924798,0.02297721769062706
2026-08-11,-0.015598808330518384,-0.07505619217876296,0.0709637436849255,3.286409646213307,-0.0036378906194212196
2026-08-12,-0.01002865635145267,-0.020648610094854275,0.0707128925468966,3.1502601412458238,-0.0022340236722985345
2026-08-13,0.04017709155819986,0.037460924900034054,0.07060699318658643,3.071407850800996,0.008712919511919116
2026-08-14,0.03273818478688471,0.0058365353180057835,0.0705984146521781,2.9488004738912004,0.0068154562149593334
