date,rho_dcc,rho_adcc,sigma_tok,sigma_eq,h_cov_dcc
2023-01-05,0.13998881875994598,0.13998881875994598,0.03710706934549094,0.9742349417108698,0.005060736282672396
2023-01-06,0.057697407583738376,0.06948371969624713,0.0465404013832077,0.9873371808450391,0.0026512575395245277
2023-01-09,0.14894022601924573,0.13896462487538336,0.052825380456969516,1.1183429168297436,0.008798925358480704
2023-01-10,0.15005011368930835,0.13874069767229436,0.05704763914026722,1.0742359299014808,0.009195464650442487
2023-01-11,0.12292536701277958,0.10968305538961995,0.06084651827705005,1.035463156506485,0.007744830127745485
2023-01-12,0.11442888412276302,0.10308781894454684,0.06313093451546152,0.9954053213139199,0.0071908104204208975
2023-01-13,0.23958646517546106,0.20905853619281003,0.06797153164058907,1.0222913594082017,0.0166480751014463
2023-01-17,0.24592944277974624,0.21430351376288334,0.06843004123102815,1.054301355085502,0.01774279734570137
2023-01-18,0.2073120910031024,0.17856886326887744,0.0690035405908441,1.0266278726933318,0.014686187149282364
2023-01-19,0.19700379570545645,0.1685946418057616,0.06922749237545799,0.9907983054767658,0.013512585330455183
2023-01-20,0.25311860107810613,0.2176094275076978,0.06973973315756067,1.0771892505837155,0.019015001052513674
2023-01-23,0.22809367376587628,0.19494983387168247,0.07002206831445316,1.038134234366496,0.016580655193550724
2023-01-24,0.22249994762450379,0.18872277495701006,0.07005225555911017,0.9976626294818477,0.01555019147935178
2023-01-25,0.21573027850915444,0.18205825888306174,0.07002319458368148,0.9635639129681497,0.014555715247471918
2023-01-26,0.23117197008822726,0.19753863720147935,0.07083198664822896,0.9357510432574986,0.015322333715424612
2023-01-27,0.12175909961347514,0.09763782433998083,0.0714645448424672,0.9306643747819304,0.008098137559586873
2023-01-30,0.1167986694881844,0.09356531566778703,0.0711431212964701,0.8982810981215398,0.007464196638666642
2023-01-31,0.11746425805168217,0.09459046085590218,0.07085303779509965,0.869935414284192,0.007240211050813331
2023-02-01,0.11755414163864095,0.09509195417128302,0.0706264962895221,0.8440901892180598,0.007008005743445351
2023-02-02,0.18949410057341742,0.15950598211462544,0.0708269865570253,0.9068006400398422,0.012170439906293231
2023-02-03,-0.06717598710535387,-0.05517009139672089,0.07188467851421344,1.0099835489483697,-0.004877134038430803
2023-02-06,0.06446128484754736,0.16367082394777022,0.07204026331885864,1.1537871705282439,0.00535796601698022
2023-02-07,0.06269770604976356,0.15169340494205905,0.07217526779767575,1.1062780679439066,0.005006155758889227
2023-02-08,0.06504641753980575,0.14993637937419854,0.07168061641709456,1.061358887374664,0.0049486572471198614
2023-02-09,0.0704921882666371,0.15000891336774638,0.07136309611443989,1.0204020743409128,0.005133174274100243
2023-02-10,-0.002892456226336093,0.08775783543221534,0.07206998559668056,1.0021698206349672,-0.0002089115978152651
2023-02-13,0.0018419443641929725,0.0885199112961114,0.07157804766352097,0.9637835829337922,0.00012706790833201157
2023-02-14,-0.0201554242982477,0.06758097044767479,0.0714482213231895,0.9379652298129751,-0.001350734853248332
2023-02-15,-0.013977907309946944,0.06980557086857074,0.07111057727202663,0.9031736913088466,-0.0008977339284284271
2023-02-16,0.004851011722843236,0.08972412803779369,0.07084766431566604,0.9074394771021332,0.00031187138581217065
2023-02-17,-0.014246743371041724,0.06539598108981251,0.07213026328491727,0.8757653425210445,-0.0008999551638325755
2023-02-21,-0.00038912379008844655,0.07266511777224113,0.07178966437075508,0.847588565275073,-2.3677442756864135e-05
2023-02-22,0.02095227762668571,0.10267744921356453,0.07151801240549535,0.8256421323899128,0.001237196045336643
2023-02-23,-0.013339788277532409,0.07000433403753835,0.07140001718569093,0.8131118917031571,-0.0007744574567709775
2023-02-24,-0.026650972054131607,0.051378038610131634,0.07231955312354546,0.7871467129085928,-0.0015171358608130504
2023-02-27,-0.047534730914784766,0.02970334098969891,0.07186370411826533,0.7857077849004596,-0.002683994951350576
2023-02-28,-0.029876385419934943,0.04066610752400142,0.07150583277396388,0.7665979706615341,-0.0016377107040553064
2023-03-01,-0.03289283022721267,0.035731460154953695,0.07120883623031742,0.7532789445912182,-0.0017643752618864011
2023-03-02,-0.012391777475763241,0.04894356544677269,0.07094223021228296,0.749226761645847,-0.0006586454937261007
2023-03-03,-0.02891455432383397,0.027612789421440576,0.07247053275942664,0.7274084926252742,-0.001524250421827158
2023-03-06,0.028195871176633306,0.07011302585280606,0.07205748749199337,0.7799673223294213,0.0015846780430205268
2023-03-07,0.03272069292856961,0.07126414529631342,0.07156836393260942,0.7673414125228059,0.001796934382937943
2023-03-08,0.21108068359199014,0.36144493721246773,0.0725490483241131,0.8625071497184733,0.01320817807966252
2023-03-09,0.21250505150331836,0.3570487126711405,0.0721147972012095,0.8335127450989178,0.012773381686509658
2023-03-10,0.29470616258020205,0.39124843665744363,0.07393830579255947,0.8598467746378641,0.01873612516427781
2023-03-13,0.4602385997432448,0.4972301991000039,0.07598345972830524,1.0875278868854334,0.03803141692495587
2023-03-14,0.5650738551237001,0.5700597971418528,0.0807399376063789,1.2896230472644774,0.058837797767244855
2023-03-15,0.5570869602504438,0.5618581438581387,0.0785120426576946,1.2429432692603501,0.05436389644663772
2023-03-16,0.54060917738258,0.542133210875884,0.07975992379035732,1.2118566950579037,0.052253984349370876
2023-03-17,0.531349900979808,0.530941366174012,0.07767473918646822,1.1615927141808082,0.047941794611663445
2023-03-20,0.6133428697740162,0.6017520016913005,0.07947497558152204,1.4629366842268796,0.07131144788915064
2023-03-21,0.6024983631402081,0.5876540192883062,0.0775001145387638,1.397945139355589,0.06527521998355038
2023-03-22,0.6240623349939683,0.6453324451246811,0.07812740240892341,1.4159641613082055,0.06903727138635794
2023-03-23,0.622902833319361,0.6396447968063785,0.0766997437658821,1.4534396795633084,0.06944024298299477
2023-03-24,0.6091038082874481,0.621828552567274,0.07950857260465599,1.446768065461989,0.07006549355435213
2023-03-27,0.5625822326612835,0.5663579197724903,0.07781069119087473,1.4108820208376935,0.06176123683374579
2023-03-28,0.5558048622357901,0.5615551424768094,0.07626083863593529,1.3709124764767628,0.05810769488965649
2023-03-29,0.5391279654208643,0.543242934723974,0.07490037545249217,1.3325397836166315,0.05380913846115419
2023-03-30,0.5266621777840926,0.5259140817063395,0.07380462327396625,1.281840230009673,0.049825262569890026
2023-03-31,0.5204025066567254,0.5166692007059027,0.07302638589693246,1.2563811454916014,0.047746396242365215
2023-04-03,0.5035718095924674,0.49390177590034273,0.07233650783273614,1.210995640189467,0.04411248545316663
2023-04-04,0.46164635576895385,0.4436498095273293,0.0723396729423131,1.1785947086690491,0.03935957855099962
2023-04-05,0.4866012829500851,0.46352427535463847,0.07230274075916283,1.280392548437729,0.045047547087379666
2023-04-06,0.4020794024875037,0.38783606151510414,0.07509133927430363,1.2259282404668213,0.03701406008170888
2023-04-10,0.3807818944792292,0.35980832022012355,0.07399450682188437,1.189441326995101,0.0335134234602982
2023-04-11,0.39402188224245954,0.39901912448178767,0.07390385772073346,1.157081064722721,0.03369389643600206
2023-04-12,0.3862681998849514,0.38888980343052737,0.07302647496345216,1.1232036430183148,0.03168310936908546
2023-04-13,0.37879526703468225,0.3788852842558851,0.07233676707826775,1.0860984253973252,0.029759992889083958
2023-04-14,0.4397362075225933,0.43197518128075746,0.07409519092362633,1.1272127116414878,0.03672722585312818
2023-04-17,0.44021855347505584,0.44322127318908316,0.07343275042999148,1.1647093236550718,0.03765092839836669
2023-04-18,0.4370293211466453,0.44489448440174445,0.0728080369550543,1.124633889800971,0.03578500348420902
2023-04-19,0.4302073745748171,0.4352253817284326,0.07224447800309111,1.0829060939379531,0.03365683749712869
2023-04-20,0.41302212351119866,0.4124967505971427,0.07172353722656628,1.0477805185549502,0.03103882942998281
2023-04-21,0.3886019659580399,0.3875549848694555,0.07362349170782885,1.011037912126869,0.02892603086296637
2023-04-24,0.32379536201051323,0.31453033576283135,0.0730522396182982,1.004108247104521,0.02375115275282994
2023-04-25,0.3167458452709721,0.30641915489951693,0.07234885042410827,0.9673242763220412,0.022167394435494286
2023-04-26,0.3232885755398186,0.30988775982630073,0.07215998847216457,0.9415333201193286,0.02196455994931376
2023-04-27,0.30021890908285,0.28270008194866814,0.07168657833402459,0.9184065978115453,0.01976564036560664
2023-04-28,0.2893232665867083,0.271329394192058,0.07136649334558566,0.8851251441703398,0.01827605245213108
2023-05-01,0.28225671440012967,0.2632268449832617,0.07103588597819749,0.8537615860623988,0.017118223552452873
2023-05-02,0.30513750951330765,0.3189559291466783,0.07151515451695467,0.8340700471517173,0.018201039988102907
2023-05-03,0.32376458361537536,0.32831346545760187,0.07128751261871626,1.0146065316342534,0.023417496021385403
2023-05-04,0.3400606591750589,0.338481140517902,0.0712253172363731,1.0116121630897017,0.024502185699298153
2023-05-05,0.35632716255654906,0.3519052220556735,0.07358346546322675,0.9952460533855516,0.026095139989764343
2023-05-08,0.33620261608997043,0.3168242086138281,0.07278425793048958,1.032437162188218,0.025264003651543864
2023-05-09,0.32888143401628794,0.30752429444162366,0.07221207995900668,0.9918796066709091,0.023556359464189876
2023-05-10,0.3008683730328468,0.28006400278757326,0.07184772256618582,0.976393005609004,0.02110640190438747
2023-05-11,0.267322292111877,0.2502881984580236,0.07206023035743207,0.9406783058919382,0.01812057400622668
2023-05-12,0.13616546306331623,0.13313162985642807,0.07306467908391412,0.9331490811103975,0.00928379369929588
2023-05-15,0.13590441056467223,0.13206551628050273,0.07235848861235124,0.9011114391602992,0.008861383682155876
2023-05-16,0.13444487198485408,0.1300549574186263,0.07182448132252933,0.869448184535663,0.008395768312035496
2023-05-17,0.16623756575719467,0.1939525075351434,0.07154485591929646,0.8962599109636868,0.010659615886815101
2023-05-18,0.15448025615855182,0.18037471084994133,0.07120435079524928,0.871001699678474,0.009580728087141109
2023-05-19,0.04130479631569142,0.0789039077989475,0.07140839537984069,0.9026371079364089,0.0026623364779446487
2023-05-22,0.03449048431364558,0.0717799198122944,0.07107973872758933,0.9183030212747672,0.0022512883745511862
2023-05-23,0.05067559095581837,0.09595700836795004,0.07108546899623819,0.887664081071095,0.0031976306768471546
2023-05-24,0.054295628305821665,0.0967469220784656,0.07084532426251688,0.8560073033490173,0.003292710325718223
2023-05-25,0.07774111655859747,0.13310518921101772,0.07069374220543934,0.8529294367958656,0.004687538514206433
2023-05-26,-0.0553442152972141,0.02047348439452244,0.07176155189227737,0.8612940634721553,-0.0034207041144459147
2023-05-30,-0.025691935489246264,0.03898239390020439,0.07184521460584263,0.8368270948691623,-0.0015446511163299508
2023-05-31,-0.013871055755794984,0.045855882267147326,0.07141039881419989,0.8283393457156538,-0.0008205012869528543
2023-06-01,-0.0053516662930722155,0.05048720085350945,0.07115026203955079,0.8008248484360343,-0.00030493204684762945
2023-06-02,0.1345548575447387,0.15163513482760738,0.07484574426805925,0.8101330734499451,0.008158735514712
2023-06-05,0.034561148662119866,0.0582867941250624,0.07415442047788233,0.8646450721905774,0.002215965955849565
2023-06-06,0.024639928672250344,0.04960030119211402,0.07337134876820245,0.849841482095826,0.0015363985012608516
2023-06-07,0.028722922091266676,0.05224569973256262,0.07263670313048398,0.8206229147232734,0.0017120970701716318
2023-06-08,-0.01906274509017227,0.011690328904667754,0.0721848450189646,0.8496440590467136,-0.0011691453155225238
2023-06-09,0.16367183007701233,0.14918610063102417,0.07537220205432821,0.9155459998217212,0.011294455837168767
2023-06-12,0.15428011388158466,0.14089723990719108,0.07426763584248709,0.8856347486377621,0.010147620056365008
2023-06-13,0.15029630487516446,0.1371840996437564,0.0733415083817381,0.8552425967680799,0.00942730297061656
2023-06-14,0.1162192642220406,0.10655084364704888,0.07273595302409977,0.848534446448561,0.00717293230990903
2023-06-15,0.11627433608224345,0.10640362502277076,0.07210886958993225,0.8194621980035864,0.006870707815571783
2023-06-16,0.19657059135726365,0.1726435153763753,0.07609354568565534,0.8186782311602874,0.012245586992408635
2023-06-20,0.17697193533591388,0.15582078792909201,0.07524145186574165,0.7933545036562596,0.01056401134372573
2023-06-21,0.19434335441824685,0.19771024746675325,0.07422735937533097,0.8127136387928217,0.011723877000111214
2023-06-22,0.19423345569914233,0.19895063306854813,0.07329379783678569,0.7882778380373991,0.011222008148706282
2023-06-23,0.08847513279328967,0.10387093333163311,0.07335997845626897,0.8049069253053783,0.005224275633228487
2023-06-26,0.09360659024633285,0.10713846868168839,0.07267953862642865,0.78042318017457,0.005309440372189904
2023-06-27,0.09686460666606181,0.10892407665207106,0.0721436767642779,0.7562497640349949,0.0052848010614057524
2023-06-28,0.07235015531765566,0.0864901373864687,0.0717962768726893,0.7444996402903844,0.003867282373918585
2023-06-29,0.07052785479338257,0.08378160144984204,0.07137216088419526,0.7265329290487594,0.0036571672582573905
2023-06-30,0.06478714815840034,0.07819172086215796,0.07112038453492772,0.7072026877200176,0.003258568552742642
2023-07-03,0.15971305003781963,0.154285928812515,0.07348442586933115,0.714116610346352,0.008381173743319802
2023-07-05,0.1584146777185725,0.15252657969163558,0.07269186957191263,0.6940419425561972,0.007992211596940623
2023-07-06,0.14895221366654288,0.1415368077629634,0.07207784251549423,0.6833845647804668,0.007336922064693668
2023-07-07,0.05275006303958331,0.057645780342941315,0.0742316744210236,0.6720517433700848,0.0026315701523571427
2023-07-10,0.06856036139674014,0.07128647399168245,0.07331676598872235,0.6908868099813138,0.003472828201423888
2023-07-11,0.07059105242546478,0.07303657410939492,0.07259395118651199,0.6723910760468671,0.0034456569169094603
2023-07-12,0.06449083896006667,0.0674361323202791,0.07206046026793643,0.6621236256689775,0.003077047092602234
2023-07-13,0.13552985284194644,0.1306213233709364,0.0718218549333261,0.7752939548948256,0.007546715566753108
2023-07-14,0.11648057120648952,0.11323386240931996,0.07437111733565324,0.7509364562142273,0.006505204995133356
2023-07-17,0.0938339937293465,0.09102835176674531,0.07364071080635047,0.734641931991564,0.00507637721642736
2023-07-18,0.09510926624897854,0.09217387752110881,0.07281157205595076,0.713099539153815,0.004938253666512065
2023-07-19,0.0888126283978651,0.08644047725739397,0.07215980062511426,0.7793639630869373,0.0049947110446263935
2023-07-20,0.08816017706085053,0.08572283644320534,0.07173690080748797,0.7548459228641465,0.0047739006612572766
2023-07-21,-0.003250876721696742,0.0003282011270385572,0.07306571471154236,0.7453583576442513,-0.00017704320501919587
2023-07-24,-0.01645084374103203,-0.010915222415026623,0.07252160987506974,0.7294959178874237,-0.0008703190295227219
2023-07-25,-0.010070080638079737,-0.003250134175549387,0.07193223831078087,0.7191124770123624,-0.0005208987877876936
2023-07-26,-0.005221223021387374,0.0017681693273697689,0.0714702975803169,0.7152687695434209,-0.00026691138427425087
2023-07-27,0.015543644468520518,0.021096456422441838,0.07119776106493318,0.7084581855293248,0.0007840313223531221
2023-07-28,-0.16842534765215678,-0.12574599843191578,0.07193390283249412,0.7915566348401689,-0.009590098545981392
2023-07-31,-0.08971982225722284,-0.06392442258149057,0.0723089706231923,0.7990087338812945,-0.005183607507014587
2023-08-01,-0.07144701337429786,-0.048670718554212476,0.07202000290772209,0.7757627872043795,-0.003991775944600387
2023-08-02,-0.09562353314039425,-0.06512502927351223,0.07163418018436925,0.7966312643455069,-0.005456855174765651
2023-08-03,-0.1082309257369561,-0.07366072736975138,0.07137548995681246,0.7833530772789072,-0.006051430215825355
2023-08-04,-0.10767770792449796,-0.07362922184166,0.07208279230834518,0.7591628499078871,-0.005892401774864409
2023-08-07,-0.06818223309716899,-0.04245074462819589,0.07243211909793967,0.7413949725750397,-0.0036614410734833254
2023-08-08,-0.05656006301254418,-0.027388297640998826,0.0718810679670591,0.7231466457581577,-0.00294002336407349
2023-08-09,-0.06482842085344595,-0.03346439960405763,0.07146773986714218,0.7232080743532804,-0.003350724776548334
2023-08-10,-0.06293355727518184,-0.0314377524474025,0.07111549868854503,0.7157010824658875,-0.003203156917104626
2023-08-11,-0.08101509222948126,-0.04761761394734335,0.07233469302422289,0.6972355676644145,-0.004085941147301122
2023-08-14,-0.07932853697311638,-0.04650172877297719,0.07229448008741177,0.678680089958956,-0.0038922407245369248
2023-08-15,-0.09066467931669296,-0.055158652051502555,0.07191498885421045,0.6676821421514457,-0.00435338732022906
2023-08-16,-0.10046412214343911,-0.0625111770324533,0.07161782648024843,0.6565580465322725,-0.004723949633170707
2023-08-17,-0.09670747555299586,-0.05777883279312389,0.0712326463482304,0.6600719414344548,-0.004547056992570804
2023-08-18,-0.1218574767147183,-0.0798876038191007,0.0724201895277619,0.6467470823041291,-0.005707505204823101
2023-08-21,-0.11527287493797587,-0.07423339771574282,0.07201651992943937,0.6317826249126933,-0.005244775868188536
2023-08-22,-0.10502854029817164,-0.06539319574315079,0.07153630101808854,0.6205983717140475,-0.0046627748081184426
2023-08-23,-0.09052580998854459,-0.05309951754036667,0.07124868855595028,0.6078426808335129,-0.003920491222949093
2023-08-24,-0.014621677212683854,0.008594648406511696,0.07109744832850977,0.6730631390162949,-0.0006996921687351779
2023-08-25,-0.024717055248050665,-0.00238403850432664,0.07257577542571868,0.6562542587313503,-0.0011772279041973482
2023-08-28,-0.021350957974477384,0.0006709967606938697,0.0719837268338007,0.6424713404864383,-0.0009874280333366885
2023-08-29,-0.018083339614426115,0.003640097321198747,0.07153115372729757,0.6307768269920918,-0.0008159237948111145
2023-08-30,0.06931638838076846,0.07911327582860522,0.07152387255904505,0.6862786225668073,0.0034024160471784683
2023-08-31,0.0766350184610525,0.0850111943054167,0.07118936162840514,0.6707467204704638,0.0036593244952947074
2023-09-01,0.015369570830660055,0.027958507969600414,0.07321050207201307,0.6564829018495495,0.000738683750046817
2023-09-05,0.011121219941310607,0.023468248270173585,0.07378589254282887,0.6406040837221594,0.0005256727538439881
2023-09-06,0.02661934359682983,0.04955822585020716,0.07294121514405917,0.6613274619931193,0.0012840646600240978
2023-09-07,0.015561849752727895,0.03809924595211253,0.0722990884607574,0.6585287703947584,0.0007409156927050085
2023-09-08,0.017495077949160286,0.03660840663015543,0.0743947397889419,0.6423902481128645,0.0008360977415970394
2023-09-11,0.01748280850674463,0.03621480486603867,0.0736590791591065,0.6276158319801702,0.0008082233184337264
2023-09-12,0.02520869102843819,0.042660637278862844,0.07291302000686523,0.6145520762535386,0.0011295724003153804
2023-09-13,0.020398022981786054,0.036185439648254325,0.07224777122648615,0.6183783883794228,0.0009113114646589937
2023-09-14,0.009667585801984796,0.02648905793959872,0.07180588609576899,0.6104341057249796,0.00042375698626457236
2023-09-15,0.003704461157776742,0.01992197718417005,0.07312145154963101,0.5980596380378806,0.00016199974957331148
2023-09-18,0.04115485813598983,0.05190230861713001,0.07256574790908829,0.6172014743292153,0.0018432308880683937
2023-09-19,0.06496337137394542,0.07242262533563996,0.07205463919601103,0.628257729846327,0.002940819325976198
2023-09-20,0.07302702890938709,0.08647155660190599,0.07163840778862468,0.6158153361990973,0.0032216626111119307
2023-09-21,0.07453173739814112,0.0870715751749262,0.07127727335065678,0.6029364906517458,0.003203051280685882
2023-09-22,-0.09241991594401866,-0.06055878682668032,0.07271303609065054,0.6215010214261553,-0.004176569326934625
2023-09-25,-0.060320839041557765,-0.03375714980089822,0.07258656471466095,0.612259175755504,-0.00268076607838686
2023-09-26,-0.058901878260590734,-0.031619366799974485,0.07199142517452863,0.6161328099381388,-0.002612668150712314
2023-09-27,-0.04619705735764353,-0.0187763512236478,0.07151663576016785,0.6395803580336893,-0.002113082761992765
2023-09-28,-0.0854817812796973,-0.04753522743220183,0.0712330115460643,0.7008225882589499,-0.004267396141508468
2023-09-29,-0.15725107434114907,-0.10173323743093905,0.07267541740620513,0.6970501664203349,-0.007966089679598783
2023-10-02,-0.14961217076715733,-0.09319520204738797,0.07206183631024528,0.7285724364766527,-0.007854978234442445
2023-10-03,-0.17258937322906337,-0.10728981039723876,0.07169338886320192,0.758748818614994,-0.009388391442713102
2023-10-04,-0.16736856906598258,-0.10273935116410315,0.07130404040963735,0.7416802084735454,-0.008851252557559097
2023-10-05,-0.15930049670299412,-0.09799609696166219,0.07182514659741716,0.7201119581814239,-0.008239363701740632
2023-10-06,-0.17181263417512194,-0.11186791280591561,0.0747398458536831,0.7026064497217929,-0.00902234492772765
2023-10-09,-0.13869208404531014,-0.08735497410883311,0.0739302600623895,0.6977010229795536,-0.007153906632372099
2023-10-10,-0.1142146088039047,-0.07426370814152393,0.07303950890315977,0.9012699756401369,-0.007518555406978487
2023-10-11,-0.10667692439636224,-0.06725841511589178,0.07233883958183308,0.8703345248984249,-0.006716271371407203
2023-10-12,-0.09866572684654754,-0.06058217102378985,0.07178886490512944,0.8666561959726689,-0.006138612965661182
2023-10-13,-0.12578829498836525,-0.08570941351671393,0.07368264624854953,0.8411779282542637,-0.007796385658385431
2023-10-16,0.06803004168966045,0.075837872931377,0.07350024434930252,1.3241097729751612,0.006620846375503461
2023-10-17,0.06749730768581218,0.07471115717553846,0.07270920021023003,1.2725228009706986,0.006245128665792812
2023-10-18,0.0692688613792998,0.07588942675461906,0.0720794394953658,1.2183733128718677,0.006083168235058944
2023-10-19,0.06887469828685482,0.07501436996740189,0.07158556254794995,1.254028853235293,0.006182906522792712
2023-10-20,0.1338592449968114,0.13306339534190464,0.07268834620402385,1.2636603815937961,0.012295424539154732
2023-10-23,0.13683945081356017,0.1350312270650371,0.0730936894386443,1.2116836684224626,0.012119381608540722
2023-10-24,0.12321268603835518,0.12124385427183007,0.07263260240196362,1.1650118770580309,0.010425991902682653
2023-10-25,0.1229420659329725,0.12027957125115617,0.07202769509794875,1.117010455084506,0.009891388557796728
2023-10-26,0.11562928990752806,0.11188808895187496,0.0717037989508653,1.077128433856987,0.008930535779532131
2023-10-27,0.10628773680056872,0.10377111876899171,0.0742480901186835,1.0341944116756268,0.008161512181263852
2023-10-30,0.16122607244372797,0.1556577787972723,0.0741137589690101,1.0577794353488805,0.012639480805910382
2023-10-31,0.15517952910856983,0.14704571702565278,0.07319206099642815,1.0265841333552046,0.01165984974228848
2023-11-01,0.16684146755259846,0.17504217728841084,0.0726159974801818,0.998212214333505,0.012093699921174556
2023-11-02,0.13648745284743682,0.14417341765705893,0.07256568836549616,0.9648088097580662,0.009555761653553567
2023-11-03,0.1467777169968752,0.1524114654842769,0.07422807285472098,0.9316044003920516,0.010149855161448746
2023-11-06,0.1602569100121908,0.16407637951825993,0.07429302142803329,0.9020255009824663,0.010739488598606014
2023-11-07,0.18246847111846629,0.21541691646870545,0.07359274510401578,0.8929568694150174,0.011990942453458865
2023-11-08,0.15996862560743638,0.18899185542289032,0.07292939307698652,0.869765793012573,0.010147048500052743
2023-11-09,0.13224074392731244,0.15070724025623272,0.07229085071646651,0.8782015256688659,0.008395427325040505
2023-11-10,0.14860010785482233,0.16247584328022766,0.07258348160168401,0.8524764310249736,0.009194736785382946
2023-11-13,0.04010970668701341,0.06020992029225452,0.07281626436587545,0.8683783807121795,0.002536219770466083
2023-11-14,0.050460473581730544,0.06826027907932818,0.07220191845517192,0.8510125841623611,0.003100530740362437
2023-11-15,0.11572606029486257,0.1221026058869442,0.0725123319680476,0.8662440375029055,0.007269144447194828
2023-11-16,0.10574833746578348,0.11205004165648766,0.07201520748876797,0.8397308704728615,0.006394960757110852
2023-11-17,0.22448842308249656,0.21418441839462446,0.07384678641784771,0.8827583670417943,0.014634146312189712
2023-11-20,0.2151418389354072,0.20469492834844485,0.07322665063896705,0.8516144247092703,0.013416432670506977
2023-11-21,0.21190428452902457,0.20029354470528965,0.07248590057324199,0.8244844521749701,0.012664141289841663
2023-11-22,0.2744793697924126,0.25635039621035266,0.07273121176640732,0.8634867848614124,0.01723797420951154
2023-11-24,0.1948281747830539,0.18090243239510995,0.07357120547842094,0.8415257002844101,0.012062213687966965
2023-11-27,0.20161963803166247,0.18645999450872128,0.0728450586857068,0.8249407038343096,0.01211589946834978
2023-11-28,0.21191586937168422,0.19529746381124613,0.0722728219451186,0.8220143844209231,0.01258977329754189
2023-11-29,0.2727900748263356,0.2519312685101343,0.07223563674562956,0.9007049659733694,0.017748539748321936
2023-11-30,0.2676687060883799,0.24586153512910333,0.07196079137027038,0.8686261120576734,0.016731173814887677
2023-12-01,0.19741022962458146,0.17733604459783708,0.07251667271127478,0.846626649526133,0.012119911749743719
2023-12-04,0.31132869610205927,0.2861008602135361,0.07306709001172608,0.9846845561516231,0.022399487954005884
2023-12-05,0.23112298851363086,0.1821974955788499,0.07242241148406123,1.0825766921034246,0.018120692831768558
2023-12-06,0.21598384208460916,0.1688110746634522,0.07194210662404295,1.0461832415154062,0.01625594316336403
2023-12-07,0.2187430725645963,0.17124034028349178,0.07163950801223821,1.008815785480058,0.015808795153961094
2023-12-08,0.20237085581427833,0.16003387985837247,0.07299739349411924,0.9700193028528654,0.014329653796070506
2023-12-11,0.17944651675555734,0.13438508113662803,0.07231487011771051,0.9917235652888904,0.012869251142912643
2023-12-12,0.20819445736036005,0.19838088688019617,0.07204829636191541,0.9963693367736737,0.014945595813223118
2023-12-13,0.19602360655301213,0.18703680402423303,0.0718121760731928,0.9588491049885141,0.01349760546537431
2023-12-14,0.3283379299247168,0.2964960640133394,0.07263241506842058,1.1757510311257156,0.02803928332344157
2023-12-15,0.32614908947346344,0.29414258239809793,0.07472915456501396,1.1415517724050788,0.02782286522851037
2023-12-18,0.2881286557566626,0.25557711275072026,0.07386622910100991,1.1194915777351413,0.02382611383277006
2023-12-19,0.2879424992934325,0.2543402849597386,0.07307661782132002,1.0799551176618327,0.022724268685357818
2023-12-20,0.2723214319716563,0.23928850145739586,0.07243914621736827,1.0561153753749069,0.02083370500142962
2023-12-21,0.2397364385588166,0.20837912128992792,0.07212226976379646,1.02471922704776,0.017717739837589234
2023-12-22,0.2675920627534901,0.23556920995298192,0.07573300956677506,1.0054535002141565,0.020376070442030353
2023-12-26,0.2749986825365191,0.2422056151056879,0.07528253875339312,0.9743333039272798,0.020171231659376003
2023-12-27,0.2833751356577132,0.2496641758516429,0.07426333541120751,0.9649608989297905,0.02030700649252882
2023-12-28,0.27093473762252174,0.23719240208804926,0.0733722298381865,0.9371391969281485,0.018629470539752477
2023-12-29,0.15046857641635597,0.12737478495865112,0.07552993032106944,0.9158587610647203,0.010408625916784849
2024-01-02,0.1187298971936774,0.09942108759320382,0.07575833737494664,0.8845957743576962,0.007956744032596377
2024-01-03,0.12820240304992922,0.1219287441557953,0.07474553502845559,0.856711244857175,0.008209484514495675
2024-01-04,0.1395960289129804,0.148092482225462,0.07375490050187308,0.8556076643325075,0.008809243441475666
2024-01-05,0.12957767892299288,0.13761157277057584,0.0743631866990064,0.8259778038351134,0.007958964463185416
2024-01-08,0.1257225325590484,0.1333141863626957,0.07354077785260146,0.7984722976494775,0.0073824615426042435
2024-01-09,0.09596603432273493,0.10055583221902295,0.07282024412996393,0.7995235459455566,0.005587286448455136
2024-01-10,0.0962822882565209,0.10042755503142521,0.07217497772544451,0.7737812534577831,0.0053771390285998625
2024-01-11,0.08608338315497598,0.09044858720646269,0.07174842724964292,0.7533659336353885,0.0046530496905751026
2024-01-12,0.09187324369963858,0.09397245364180362,0.07503043262166281,0.7312221305039361,0.005040525630461327
2024-01-16,0.18355386554256856,0.17617980339803735,0.07536167433983042,0.7711664959716342,0.01066748956510389
2024-01-17,0.18117984378570998,0.17550734339481278,0.07418768832158658,0.7848386672083533,0.010549262793352802
2024-01-18,0.14645092612895835,0.13465776925931358,0.07327848746494271,0.811940950543483,0.008713508610719404
2024-01-19,0.18186442623768603,0.1638856466145792,0.07302124016267295,0.8206881066903239,0.010898710108600275
2024-01-22,0.18999226798124266,0.17027359225095215,0.07297583110459517,0.7968385701068836,0.011048042196294376
2024-01-23,0.161930496859458,0.14477630828903099,0.07254100455794109,0.7787847164903163,0.009148073260004583
2024-01-24,0.15365231947057834,0.1372180591468385,0.07201936981930712,0.7604154206827414,0.008414713868542329
2024-01-25,0.15724616493533433,0.14822623091523024,0.07155950540648759,0.7675434388131541,0.008636750147113272
2024-01-26,0.1799875487804867,0.16578172633147437,0.0734920401292262,0.7499073113880034,0.009919513065583965
2024-01-29,0.1677470973233706,0.15480049679040975,0.07294809766875868,0.7282081089990575,0.00891096002811876
2024-01-30,0.16185411623097562,0.14986501403462943,0.07226705692414183,0.7366598788895659,0.008616504803489543
2024-01-31,0.1605903653125128,0.14830261746274762,0.07173268089077683,0.7151957024405968,0.008238752271220985
2024-02-01,0.14343965157873148,0.13273833865310483,0.0716796161371474,0.6960813958750545,0.007156899506051213
2024-02-02,0.3089977268003911,0.28169764253582336,0.07575257507596815,0.748932668058678,0.01753054668591599
2024-02-05,0.3102972930262233,0.29714948193942475,0.07459722215772097,0.7647889677640624,0.01770281198878158
2024-02-06,0.3157580268412525,0.31653705959906725,0.07372451626785542,0.7574917651466346,0.017633732448283018
2024-02-07,0.3256487720232911,0.3223371039030983,0.0732392603545515,0.7477334403242376,0.01783364832674493
2024-02-08,0.30913424280110663,0.3054548511840998,0.07274771078796267,0.7257225832672642,0.016320636191929833
2024-02-09,0.2528973688003554,0.2529295478021051,0.07384311526582303,0.7061230886106274,0.013186657712166826
2024-02-12,0.22153991005474488,0.21969642929751929,0.07313192139889949,0.6959087634658431,0.011274862763618257
2024-02-13,0.21656163019933775,0.212327302283017,0.07241145928624945,0.6824505108450037,0.01070187748716253
2024-02-14,0.3215380775381358,0.4141630591099497,0.07319156985348357,0.750307820385846,0.01765765170401022
2024-02-15,0.298522080221549,0.3891553240705488,0.07281582851008397,0.7289445856871763,0.015845165117051002
2024-02-16,0.3419097773147792,0.4023584561795114,0.07546516511912117,0.734235120999459,0.018944938563206757
2024-02-20,0.3383921749604242,0.3953347267506566,0.0742895191935706,0.7192109542446328,0.018080238408293696
2024-02-21,0.33568261409400185,0.38855941211603695,0.07335839421478713,0.7205574912866621,0.017743827325354834
2024-02-22,0.32770035141237575,0.37749059450555855,0.07259761497785432,0.700198095752985,0.016657897508209143
2024-02-23,0.302222686478818,0.34966131971271064,0.07281765135043376,0.6811532576860546,0.014990239336179757
2024-02-26,0.3191634205516157,0.3581724279359367,0.0725320528486333,0.6823206510708272,0.01579543519220058
2024-02-27,0.3173705183617708,0.358529821666609,0.07201235889802676,0.6683197799538154,0.015274181023670539
2024-02-28,0.3032767672234609,0.34048940415524437,0.07156961030513762,0.6532689178371525,0.014179463198479196
2024-02-29,0.2971185214885139,0.33068122381453313,0.07119448667774049,0.6381291854998882,0.01349847468224399
2024-03-01,0.3351055726581225,0.3548114383673603,0.07321860854579433,0.6398628534087326,0.01569965177362914
2024-03-04,0.4409570495915739,0.4429371436138759,0.07359305218530283,0.8738436642216604,0.028357428580654914
2024-03-05,0.4212844770069773,0.4204436232105703,0.07280444528660085,0.9950978788925835,0.030521027824035398
2024-03-06,0.41946645699907004,0.4146489071111634,0.07224245521981189,0.974248281072659,0.029522925013369186
2024-03-07,0.423546814953965,0.4143115490547918,0.07187509342265047,0.9701707323307002,0.029534390400196838
2024-03-08,0.42516846223568167,0.41316672953013395,0.07245916754925395,0.9481026082271584,0.029208531581879166
2024-03-11,0.42522575975751226,0.4092665997713909,0.07197415014202266,0.9485755514494136,0.029031403921130072
2024-03-12,0.41555156425831513,0.39606245868688106,0.07150308265299689,0.91379503550474,0.027151790956312125
2024-03-13,0.35514059485670063,0.31477581166110996,0.07122268084297488,0.9235352507724021,0.023359960886197476
2024-03-14,0.34880650763187615,0.30716208014122,0.07092370406235109,0.9112501927554765,0.022543099145710965
2024-03-15,0.25241525605828086,0.21977017619980782,0.07218434978979427,0.8858331942748763,0.01614026271390637
2024-03-18,0.21175641469288126,0.1815886730788394,0.07217542496264884,0.860040004581009,0.01314451534274513
2024-03-19,0.20944087495956953,0.17894251934158684,0.07166918320527085,0.830342796330107,0.012463824373044408
2024-03-20,0.20657007179802864,0.1757035682662083,0.07126435524285035,0.8038168894060835,0.011833055128993868
2024-03-21,0.2600484989649164,0.22570846848764872,0.07131595060215698,0.8613436504109192,0.01597413989045527
2024-03-22,0.21502787573395837,0.1860684172471741,0.07224517671118767,0.8323491071811584,0.01293031604906352
2024-03-25,0.11323694726559565,0.08888982804959734,0.0725515722170671,0.8315078669883158,0.006831268311683735
2024-03-26,0.11138505939025385,0.08772269012319155,0.07197493362105317,0.8064722698192271,0.006465433553475705
2024-03-27,0.11675898171523585,0.09314665964181668,0.0715402529143651,0.7840796876158652,0.006549391820266614
2024-03-28,0.21162334227534826,0.18536164576780623,0.07486096546949221,0.7891856508337124,0.01250253771133486
2024-04-01,0.25671914926575484,0.22872704676962052,0.07413520021014613,0.8669752840746288,0.016500209041640936
2024-04-02,0.2480334044125137,0.2203575548280973,0.07320328517016497,0.8968686512913632,0.01628431857121919
2024-04-03,0.22974714348836378,0.20337046139063553,0.07246741299731677,0.9866110466106786,0.016426266021976662
2024-04-04,0.22203401663294903,0.19542060528406208,0.07188968922087954,0.9881272399403241,0.015772443973166267
2024-04-05,0.09852341739437907,0.08025970302843213,0.07477316384803029,0.9624132162486146,0.0070900092676287295
2024-04-08,0.15587189036647048,0.13655507416607765,0.07406964969284643,1.0732213552836536,0.012390744417553293
2024-04-09,0.15372955422863135,0.13440208401687911,0.07314933330260237,1.0478702911509572,0.011783526088148553
2024-04-10,0.15200805505434897,0.132612494702274,0.07242507684343524,1.0188292135580608,0.011216489553172572
2024-04-11,0.19172639296334998,0.22662163194053336,0.07246743044265476,1.0085581031533044,0.014012824638492778
2024-04-12,0.29057994154030015,0.3098762238983655,0.07291046474606783,1.1493514295977134,0.02435052555196005
2024-04-15,0.23966468768523444,0.2463149970285073,0.07240053647007985,1.1486854922865304,0.01993182061230071
2024-04-16,0.223278376935237,0.2290069824243337,0.07183726405415074,1.2497191548377269,0.020045129977530676
2024-04-17,0.22060158053259132,0.22433046453739214,0.0713958907468432,1.19676971577174,0.018849178484449138
2024-04-18,0.197764945350345,0.19814599300216518,0.07113900081701795,1.1630520589162496,0.016362747514611812
2024-04-19,0.19470222207826174,0.19413398962771622,0.0726089722528909,1.1175654328400213,0.015799165841160888
2024-04-22,0.19797664913268437,0.19569970136926618,0.07250577662719945,1.0746935441210146,0.0154266354960656
2024-04-23,0.15461956359097453,0.13162103536108366,0.07192810339002273,1.1961578165548552,0.013303059535031166
2024-04-24,0.14559491466730445,0.12383151845948552,0.07155523236691158,1.1497829852874377,0.01197852876683671
2024-04-25,0.1357527503225772,0.11557007922165648,0.07133640970406116,1.1043920172607558,0.010695057992043578
2024-04-26,0.15605802184056533,0.13211651847332173,0.07150811965158548,1.0729227754156272,0.011973191263106373
2024-04-29,0.16194585726798433,0.13683255180485043,0.0713940663252992,1.033206137551255,0.011945901749828102
2024-04-30,0.15837079476144672,0.13325847325813106,0.07105746196812843,0.9949624474853491,0.011196736997523668
2024-05-01,0.14301229369648333,0.11174355455116855,0.07078615418535998,1.0767299566438144,0.010900049895664659
2024-05-02,0.17876127093010868,0.13979664297705913,0.07111619250322096,1.065839663590171,0.013549828810583907
2024-05-03,0.11189849198476615,0.08940536126370327,0.07300576895533986,1.027277631705748,0.008392072848275913
2024-05-06,0.09967112241904619,0.08017860192480182,0.07281875453092014,0.987954530267942,0.0071705018572909085
2024-05-07,0.10550217609473447,0.08568563832127614,0.0721738783148271,1.0037193472690862,0.007642822193726697
2024-05-08,0.10629962445211981,0.08657104954665167,0.07165956394538452,0.9729623146065685,0.007411428283789831
2024-05-09,0.09550966333817133,0.07775778816710925,0.07134591188944853,0.9406725795624731,0.006409953691422506
2024-05-10,0.2130786531892416,0.17787723194390997,0.07205336596358003,1.034309961098042,0.015879796182630256
2024-05-13,0.23850329926328726,0.19983462964431534,0.07193769328477048,1.0256729637270625,0.01759785791205366
2024-05-14,0.18502129861923286,0.14827842346985534,0.07163611173456859,1.0250095207993621,0.013585687772331444
2024-05-15,0.18647515778124507,0.1497799787226155,0.07124682414596845,1.0152822331359448,0.0134887988981337
2024-05-16,0.23467733307595431,0.19198233863419953,0.07130336975563101,1.0579364412915,0.01770275161752625
2024-05-17,0.18857634991277972,0.15291376059160883,0.07164612730462303,1.0215215216018434,0.013801537397009378
2024-05-20,0.2362407812903707,0.19598256740973813,0.07150258121399197,1.112255831933807,0.018788031591523712
2024-05-21,0.24011958777081135,0.1990579341129117,0.07129504781132383,1.0732786779318644,0.018373819908932665
2024-05-22,0.23399248517163648,0.1926348931669541,0.07098013884904013,1.0317619005611633,0.017136346747398012
2024-05-23,0.15843376954912916,0.11526996862717834,0.07081490538319286,1.0913555867569278,0.012244433884340664
2024-05-24,-0.10847845462638703,-0.08951765894802673,0.07325855694702944,1.1616392099104225,-0.009231517813349502
2024-05-28,-0.10093435570295371,-0.08246141951868642,0.07276493215945588,1.1135634723671284,-0.00817854637230254
2024-05-29,-0.1289867828170705,-0.10040888094350303,0.07272832295326799,1.1165173795119918,-0.01047404104879258
2024-05-30,-0.1024384713325981,-0.05953703983106233,0.07216933762347481,1.0966477118155153,-0.00810742509851346
2024-05-31,-0.08889375498763899,-0.04951506737137476,0.07202054302860117,1.0525848729456104,-0.006738834144207783
2024-06-03,-0.12980200839427658,-0.08263306941460527,0.07278495483689996,1.0232678627412297,-0.009667459554005692
2024-06-04,-0.07615568308174357,-0.04139473782968573,0.07258625070734394,1.0185757122170005,-0.005630539357997778
2024-06-05,-0.09872956293833265,-0.058473828905299265,0.07216111489691525,1.0052460068235636,-0.007161810171296252
2024-06-06,-0.07966573607086633,-0.04395980121228943,0.07165813911126304,1.032106355220554,-0.0058919838963730296
2024-06-07,-0.03632950900069355,-0.009727483429998783,0.07162590377454871,1.017232486098632,-0.0026469751523921182
2024-06-10,-0.21395899957173725,-0.13379165179391653,0.0718971758511901,1.307216196502324,-0.020108969258153298
2024-06-11,-0.18033835104930665,-0.11062969601589169,0.07169897042615965,1.2759926822420744,-0.016498679930644335
2024-06-12,-0.16975228530635125,-0.10252636135884415,0.0712962112834462,1.2234196438128044,-0.014806674560228168
2024-06-13,-0.14136387418327503,-0.0836568314059906,0.0718137652522101,1.173280400604751,-0.011910992535913207
2024-06-14,-0.1476787565522602,-0.0874821645044856,0.07146869941959781,1.1443801304194796,-0.012078255561913609
2024-06-17,-0.03434087014307,-0.007609334094462407,0.07259988173339545,1.1681515174727135,-0.00291236890840154
2024-06-18,-0.04343861705992461,-0.014485414118077366,0.07215696902804439,1.128094799825073,-0.0035358991513500327
2024-06-20,-0.024869483777892148,-0.0008069665331739022,0.07201236838453172,1.0864920456053833,-0.0019458099337039327
2024-06-21,0.022410172240964088,0.03489367155298474,0.07178716097931967,1.1145609275874508,0.001793063982799007
2024-06-24,-0.11284248273559304,-0.07104575299212813,0.07310208005741649,1.1350919449124466,-0.009363396390175666
2024-06-25,-0.09729574978900611,-0.058829508148096614,0.07254942187347937,1.0922474188267746,-0.007709901902291446
2024-06-26,-0.10076576305151279,-0.06094194584814929,0.07204140456361743,1.057048217262918,-0.007673437630897666
2024-06-27,-0.0735960346745517,-0.018954553339756913,0.07162814350141182,1.043405147195368,-0.005500359620731362
2024-06-28,-0.024523226904169446,0.017045533061451082,0.0714825123295668,1.059987643683409,-0.001858139121311382
2024-07-01,-0.022962866767060268,0.013575971206188354,0.07314750257312123,1.0178983855455803,-0.0017097398509400077
2024-07-02,-0.010059029521227185,0.02299597278698825,0.07276794852341233,0.979802090961033,-0.0007171905790908244
2024-07-03,-0.00783799277084233,0.024165616270194867,0.0722554785966043,0.9426804337519067,-0.0005338756750330888
2024-07-05,0.0599396383639588,0.07833452884300714,0.07222832748003791,0.9726445267606952,0.004210908688956819
2024-07-08,0.1663198278273101,0.1663203756176344,0.07295534227778246,1.0309007329915987,0.0125088669877564
2024-07-09,0.06595772280026486,0.07419322148489176,0.0731068381752729,1.0370682857404445,0.005000702379301428
2024-07-10,0.06782195956544214,0.0753382319306492,0.07241063470206471,0.9963563085557818,0.004893136856728439
2024-07-11,0.06740881355186602,0.07455771878467149,0.07186555264411815,0.9624646392983028,0.004662536402146642
2024-07-12,0.1455779960562925,0.14071460548067088,0.07178601271525799,1.0874975026563747,0.011364853366705844
2024-07-15,0.10897710426522922,0.10795843200863767,0.07433772025116515,1.0440675620848061,0.008458105636085726
2024-07-16,0.11856171111521406,0.11606250356701873,0.07401296608378771,1.0057304265108322,0.008825388991650708
2024-07-17,0.12030536922491168,0.11753299070601182,0.07311290461237233,1.1611940701636934,0.010213717873899318
2024-07-18,0.12058943335069423,0.11701309581220612,0.07239652879810107,1.1197018376129404,0.00977528411635546
2024-07-19,0.10395773987147038,0.09982568019088751,0.07192189469764079,1.0880840643086842,0.008135427865789873
2024-07-22,-0.10457985378695608,-0.08250042964482178,0.07409348785487949,1.136549109419558,-0.008806762316164453
2024-07-23,-0.09946032653177897,-0.07732100636708372,0.07342041549641115,1.090138916674581,-0.007960650592009743
2024-07-24,-0.08674261148703369,-0.06560439327072685,0.07272474859745755,1.0497815171711316,-0.006622373080943817
2024-07-25,-0.08203663657081812,-0.0603559498821306,0.07209985236090073,1.0134255145428606,-0.0059942390128669195
2024-07-26,-0.0679078704845863,-0.04297853990763674,0.07160159649452241,1.0502140658530046,-0.005106468393254893
2024-07-29,0.04014813746474327,0.044012625724512415,0.07352508686100821,1.056159676703367,0.0031176727797988073
2024-07-30,0.030137464991607067,0.03556785815406307,0.07337285164196479,1.015432919298373,0.0022453981261230283
2024-07-31,0.03864578601668229,0.042910186645684883,0.07260901495988058,1.0225303837175375,0.002869253442957129
2024-08-01,0.037378024249865215,0.04187463526912821,0.07200086064795608,1.1446895955617906,0.003080645777112443
2024-08-02,0.02520409644961207,0.031214898928993092,0.07182146152654097,1.101576337060434,0.001994068025347376
2024-08-05,-0.016536774454416057,-0.007176330824910031,0.076674975203336,1.0591742300662432,-0.0013429871369306523
2024-08-06,-0.043028391570208095,-0.02932068162989368,0.0753683039882947,1.0667783855804769,-0.0034595376575798737
2024-08-07,-0.014040587727892097,0.026142628477206657,0.0744435451930231,1.0468463148595755,-0.001094196353537126
2024-08-08,-0.011896733806385187,0.027280133087498756,0.07348054158178087,1.0063270279612704,-0.0008797093946003988
2024-08-09,0.002178779395105517,0.03708625065826002,0.07269381223133312,1.0880628076389303,0.000172331500613814
2024-08-12,0.01674694833390064,0.04793653963353698,0.07289623212418753,1.0460520716968191,0.0012770093156205488
2024-08-13,0.11299332257372634,0.13037359129724457,0.07305925535811769,1.145078293632292,0.00945285949900931
2024-08-14,0.09960453732519763,0.11651217830355877,0.07300778161530463,1.0990403679932872,0.007992118585780769
2024-08-15,0.10546022647409774,0.12675531103791407,0.07233296324826032,1.0761800299761308,0.008209371051606502
2024-08-16,0.10458477251655374,0.12453078964701185,0.07180501809446928,1.0352621810239728,0.007774520288706934
2024-08-19,0.2571770567674888,0.25912210578303924,0.0728561701984991,1.2310362144717957,0.023065846049009783
2024-08-20,0.2463197273286662,0.24663939948900102,0.072356724599826,1.1799938770136247,0.021030899505808436
2024-08-21,0.24782799799912145,0.2458866880556644,0.07216673300523262,1.1344528494959225,0.02028961770053055
2024-08-22,0.23283301414948004,0.22955892971816047,0.0719072154914949,1.089134527756126,0.018234697297206285
2024-08-23,0.18124991541136165,0.17029232765581614,0.07161069100099784,1.0887387248910791,0.014131209904149122
2024-08-26,0.25055735623832726,0.23250535793439547,0.07296477340414392,1.102074074638233,0.020147964738602607
2024-08-27,0.2511342343512492,0.2317674325464007,0.07244138924202838,1.0607376486361475,0.019297483274267592
2024-08-28,0.24974643222126175,0.22916782548896816,0.07195654847962824,1.0203557885531944,0.018336702920298483
2024-08-29,0.21307656181279183,0.18987134617051296,0.07164837618297983,0.9980085928183663,0.015236187660257776
2024-08-30,0.21230184823416204,0.1883911187763499,0.0712562606430367,0.96941764578575,0.014665190998839017
2024-09-03,0.12940214302653913,0.11072788731756353,0.07177416484886365,0.9512487410402035,0.008834942178666018
2024-09-04,0.06843023230318589,0.056738076976990154,0.07249280331804031,0.9244301646719706,0.004585820136756927
2024-09-05,0.06436613359550242,0.05407388641669968,0.0726554969588779,0.8905090486641835,0.0041645131403687695
2024-09-06,0.09989797980398642,0.08691164991374357,0.07229164465987982,0.8945295595541204,0.006460103964356835
2024-09-09,-0.0074886442666006504,-0.009183551840121294,0.07349536935618538,0.8835461844147285,-0.0004862867465654307
2024-09-10,0.000360765849050381,-0.0011628451789522578,0.07270627420021625,0.85855610133946,2.251987566278746e-05
2024-09-11,0.03300295345243293,0.02911235729274039,0.07272643644261353,0.8373863207761918,0.0020098839257993886
2024-09-12,0.04468789239166236,0.05133081643839577,0.0722477948832226,0.8109753631379498,0.002618316422522831
2024-09-13,0.057047742092339614,0.061761856027903864,0.07172526659271455,0.964017151343583,0.003944531166981378
2024-09-16,0.16529826473073786,0.1612754467243827,0.07394734639933376,0.9804602954758134,0.011984527041436184
2024-09-17,0.14149986200447565,0.1387019866381865,0.07504265131206687,0.9432367599275077,0.010015782932379418
2024-09-18,0.12399304885967481,0.11910717614919686,0.07400393851551398,0.9207608930379947,0.008448877981735648
2024-09-19,0.05450036647563461,0.05222346599371823,0.07391009685614963,0.9106626549748029,0.003668265160705419
2024-09-20,0.11790177122436873,0.11055823518407346,0.07338473242167193,1.0041185799876788,0.008687824669650535
2024-09-23,0.20884235897746053,0.19530703253636233,0.07432061209825683,1.0485728506773666,0.01627520534751657
2024-09-24,0.2076486053413113,0.1935905535261198,0.07384005868924742,1.0079428503485521,0.015454571223453745
2024-09-25,0.20416451717971296,0.1899140953710308,0.07297649157089638,1.0649933859173402,0.015867560283291535
2024-09-26,0.1966594105853299,0.18165694628735424,0.07237539043043777,1.02362628883143,0.014569581718101295
2024-09-27,0.19640438691507242,0.18055004873469233,0.07182559872511855,0.9933997548914925,0.01401375393099892
2024-09-30,0.11848258750292087,0.1029732573153442,0.0722139264635353,0.9771966877657737,0.008360985604127583
2024-10-01,0.11669081816377365,0.09913281414980078,0.07169089436236399,0.9640720467511253,0.008065107749068537
2024-10-02,0.13869516479265784,0.11968312227484039,0.07138246813956244,0.9804933548050844,0.009707279529766868
2024-10-03,0.13915683554088132,0.12087428586616437,0.0710872372169171,0.9431482341191438,0.009329881677346252
2024-10-04,0.14400263104163102,0.1325871664527017,0.0710913032913302,0.908829042518581,0.009303987109820418
2024-10-07,0.11267436357307886,0.10397110790921202,0.07147316795019386,0.8785831716740398,0.007075400473014415
2024-10-08,0.12680289393390431,0.13479076566422263,0.07126689907323992,0.8537034414029805,0.007714789128457669
2024-10-09,0.08428339094667514,0.09120073504505852,0.07110995693043386,0.8474479386327678,0.005079084560403957
2024-10-10,0.06964095538582675,0.07587683803943845,0.07086554537100125,0.8326821898008017,0.004109406749029456
2024-10-11,0.07036204833761688,0.07599224488216161,0.07063620733085152,0.8322060187504364,0.004136153986674645
2024-10-14,0.19664866220154006,0.1846522870110312,0.07196323380096757,0.8741932473880798,0.012371122709491393
2024-10-15,0.18150220747431725,0.1697545402591487,0.07165809601223116,0.8451799116180234,0.010992496654099092
2024-10-16,0.17882842275151883,0.16629435144523946,0.07125567967769762,0.820526283037615,0.010455589646340913
2024-10-17,0.18941869688469679,0.1746602188956399,0.07102983937782177,0.8054030239635154,0.010836198027374467
2024-10-18,0.16944713124148392,0.15515378178172734,0.07083763331256966,0.7983415253503315,0.009582679940114535
2024-10-21,0.2745107517368454,0.2508383370720097,0.07187037325019098,0.8407943128203454,0.01658819090705655
2024-10-22,0.2611380789195692,0.2370699386835619,0.0715854049406302,0.8124110181579096,0.015186947641313382
2024-10-23,0.20465919861979429,0.18278048329733312,0.07135862948732286,0.8533557287260864,0.012462577669871421
2024-10-24,0.24598611787128563,0.27318604196100826,0.07130255518306847,0.8769597658920492,0.01538138209462862
2024-10-25,0.2508449503131377,0.27255264465852613,0.07101435929055212,0.8740629361217834,0.015570201774345736
2024-10-28,0.24020509672486112,0.25906950117948013,0.07179024757911229,0.8443270731958953,0.01455989973449217
2024-10-29,0.21318192893396976,0.23212709310407276,0.0721969537234436,0.8156793436094798,0.012554190810025543
2024-10-30,0.18787248200390402,0.20602971039216236,0.07169706387732669,0.8576569528028114,0.011552557971041828
2024-10-31,0.2070526868064925,0.21955208550211905,0.07153674483881751,0.8436637948602872,0.012496242860702715
2024-11-01,0.09279959565097594,0.10046394007789822,0.07141530644343401,0.901058386948923,0.005971594665179956
2024-11-04,0.022442919688965852,0.042112062786000076,0.07259071999678379,0.8776921123889978,0.0014298900853746482
2024-11-05,0.02820070807674881,0.045900653130674665,0.07245015833174585,0.8467385063543201,0.0017300101935131377
2024-11-06,0.02915909076162222,0.046144598269054815,0.07194806032179782,0.818903994035877,0.0017180114624822593
2024-11-07,0.13349985715096416,0.21216118291758312,0.07176197727441165,1.085309190423778,0.010397493991118516
2024-11-08,0.17245371461742126,0.23215481570388607,0.07158968470504433,1.1507721589476336,0.014207326116625807
2024-11-11,0.07399283241728172,0.1456103801269869,0.07419496042126074,1.1168049282227355,0.006131142095930253
2024-11-12,0.0832599146262431,0.15182687884776563,0.07326566758380862,1.2186360453153264,0.007433793487501025
2024-11-13,0.09451529407813501,0.16628766840073889,0.07259009538373502,1.1910609037000324,0.00817171903953811
2024-11-14,0.07594102980249279,0.1477598216886848,0.07207320110042488,1.1713035508468561,0.0064109110838354594
2024-11-15,0.07547647235396737,0.14433319154561583,0.07158919633877063,1.1261169481758735,0.006084747704171014
2024-11-18,0.07147175944308937,0.13812355527724463,0.07129033710053034,1.0820178415550101,0.0055131468885315105
2024-11-19,0.11694023461674517,0.16579638031894894,0.07112960569598112,1.204027494802264,0.010014995684421752
2024-11-20,0.13616687409536982,0.1761727126696688,0.07100470869597951,1.188236597795225,0.011488452747505198
2024-11-21,0.14701299886698474,0.1806737514635315,0.07090745787131823,1.1505114718566412,0.011993297472545206
2024-11-22,0.13331394102509048,0.1664336991750422,0.07074218526671863,1.1320482410834158,0.01067625584833995
2024-11-25,0.19317013991141452,0.2073196499261408,0.0712005786249689,1.1606615618330323,0.01596353685848463
2024-11-26,0.0461048352488986,0.07607283251026169,0.07127068013751788,1.3224218607020137,0.004345376362579477
2024-11-27,0.04915075639629227,0.07700613191506996,0.07096100963862635,1.265235339966956,0.004412871748202136
2024-11-29,0.05418840207037169,0.07919246195344151,0.07079976503804307,1.2120101946124209,0.004649908786752601
2024-12-02,0.11177423531981741,0.11744265478760647,0.07234343910333088,1.1901639468190608,0.009623823473270905
2024-12-03,0.07307370151113775,0.08567294569230026,0.07213964696319689,1.1621414889579984,0.006126241676657933
2024-12-04,0.07672466777151186,0.08712501910477234,0.07207908403017801,1.1143647134480406,0.006162708520172052
2024-12-05,0.07697164366908314,0.08645435228189152,0.07160450818812637,1.0713861907377598,0.005904962870997153
2024-12-06,0.04376589233599545,0.05884796718999757,0.07146743366509696,1.0467598856587481,0.003274093261377966
2024-12-09,0.03305333106442874,0.04789217400743519,0.07314942584568064,1.0055026137983445,0.0024311365864190127
2024-12-10,0.08294039758087435,0.08689152477122823,0.07292770146723253,1.0133482839801695,0.006129391686344442
2024-12-11,0.06096820226977681,0.06838803521383824,0.07232271056117956,1.0609749893848963,0.004678247889163022
2024-12-12,0.07544876718821836,0.07987682903305515,0.07181372521215328,1.0621382477494095,0.005754938032427101
2024-12-13,0.06252430183566905,0.06450168704647317,0.07138580500564203,1.082494364026364,0.004831548642209254
2024-12-16,-0.0004597812877961796,0.013252799891104318,0.07141264737612854,1.0854408118983683,-3.563957959403278e-05
2024-12-17,0.01156509825156578,0.022315183745751203,0.07172825168679953,1.0425274463117395,0.0008648226779239981
2024-12-18,0.02041484863302486,0.03463844249867139,0.07132998124233156,1.0075298669766726,0.001467155692849902
2024-12-19,0.0053590944075263365,0.019387570293827035,0.07100929635812879,1.079609143709709,0.0004108404262234418
2024-12-20,0.00995918845812876,0.022445584890395005,0.07121702961345852,1.036254536769347,0.0007349778505663105
2024-12-23,0.07569675446095908,0.0717301084092108,0.07158411081224367,1.046411090056776,0.005670171930462205
2024-12-24,0.06820064710870011,0.06538631628622087,0.07123738291904876,1.0131012830103603,0.004922087353368275
2024-12-26,0.07374694154518843,0.06950595456626653,0.07129923904131727,0.9742083058768933,0.005122485485938546
2024-12-27,0.10164377981745289,0.09129560581918414,0.07123479498399755,0.9578921096344971,0.0069356885282381275
2024-12-30,0.045047404356198105,0.04544681362858542,0.07143586604256214,0.9393147713718629,0.0030227152566047436
2024-12-31,0.012151585985589823,0.019247532100298732,0.07175150759680907,0.9099971053307874,0.0007934215750375811
2025-01-02,0.027386359336514985,0.03171487964409307,0.07136779966443331,0.8945710249963419,0.0017484428315173882
2025-01-03,0.06888606449129274,0.06559739650866019,0.0711171148734308,0.9648086521561967,0.004726576517041561
2025-01-06,0.008999133354991267,0.015773473240584004,0.07134311249893369,0.9497059952538315,0.0006097361154260802
2025-01-07,0.0018302885959495647,0.010245984476040271,0.07126810310645111,0.9158337181306091,0.00011946244586957871
2025-01-08,0.02706150708849984,0.031301435024560946,0.0711136593165059,0.8964039919224701,0.001725078204276489
2025-01-10,0.020458331709929115,0.026010776394413446,0.0709028873598969,0.8774592468160103,0.0012728027124462532
2025-01-13,0.07464041575296927,0.07129278461772083,0.07092069800837997,0.8966036163850208,0.004746216418560509
2025-01-14,0.01188111677226011,0.017395410688450817,0.0709379936760042,0.9002137750798752,0.0007587205022747496
2025-01-15,0.02152999097659793,0.025658494399080207,0.07070141073955297,0.8787222371292062,0.0013375916354432767
2025-01-16,0.04989273973486902,0.04910709708961878,0.07059765612275082,0.8771190275984664,0.003089485545594637
2025-01-17,0.06016868376954097,0.05773114460417005,0.07043571952391302,0.8712092830356196,0.003692206315853177
2025-01-21,-0.030693014089205658,-0.018281490802774268,0.07180653513178667,0.8527366603848376,-0.0018793966325924704
2025-01-22,0.087293641824526,0.08162709537162983,0.07188108156390505,0.9570157513844425,0.006005045484494014
2025-01-23,0.07888950080292452,0.07400138591467041,0.0715025920164321,0.9336591849792212,0.005266588269471267
2025-01-24,0.07628412613715822,0.07159193731619451,0.07117122050774831,0.9006717460881969,0.004889957993238663
2025-01-27,0.12776748578596162,0.11700839390186836,0.07191342546616518,0.8861628156676914,0.00814223902605791
2025-01-28,0.047546536520946966,0.043645766680026156,0.07182502484846176,0.8943936404009026,0.00305438215760303
2025-01-29,0.057348622747149074,0.05229288169659198,0.07139458858185561,0.8988391898578093,0.00368019039472177
2025-01-30,0.060814137272326416,0.05575562638101713,0.07104956680519028,0.8731870037290821,0.003772882218107773
2025-01-31,0.05760365614265736,0.053486631959284436,0.07077997300480307,0.9683836834847133,0.003948279648134701
2025-02-03,0.06863545222698322,0.06355789637996458,0.0714083723419915,0.9327937876568339,0.004571758474490754
2025-02-04,0.08831511489267621,0.08078139282335343,0.0712165982456336,0.910759914818935,0.005728226357075439
2025-02-05,0.08988681548276914,0.0821526840214196,0.07091062277953832,0.9293019962466081,0.005923305933854311
2025-02-06,0.09037654108720433,0.08250304625369881,0.0706714196369186,0.9140415246242187,0.0058380183722753715
2025-02-07,0.07892521482097287,0.07205590426833379,0.07057548806610348,0.8844708151228826,0.004926666559730969
2025-02-10,0.0843722465606467,0.07744865361403794,0.07092190273284317,0.853386029723727,0.005106525685332487
2025-02-11,0.11512558474630127,0.10451874126875023,0.07071906890276025,0.9861633507663429,0.008028922054280522
2025-02-12,0.1289963687414578,0.13395354664331208,0.07068331496514146,0.9536159270885791,0.008694966041973388
2025-02-13,0.12712439721067423,0.12818818001186583,0.07077722183595853,0.9178283095291256,0.00825817091883275
2025-02-14,0.17323277535829631,0.1665351497535481,0.07082358588849941,0.9347066263742775,0.011467884140772188
2025-02-18,-0.07693427959441901,-0.05109634587703357,0.072657415551508,0.9723237820840963,-0.005435140128776083
2025-02-19,-0.052097245427532614,-0.031080242152022625,0.0720478918617795,1.0687838837415564,-0.0040116767858308245
2025-02-20,-0.04447130306392666,-0.024387979167024787,0.0718121922147155,1.026067685296488,-0.003276831048049405
2025-02-21,-0.03815727287429555,-0.01849377550390228,0.07141480668033467,0.9859426834455148,-0.002686688158763557
2025-02-24,-0.04501755634880021,-0.024870597385414576,0.07190202924346821,0.9491986116898806,-0.0030724169937287353
2025-02-25,-0.010181418338161946,0.005144099651995054,0.07181712217190866,0.9261109233104476,-0.0006771724596319969
2025-02-26,-0.05904065016073703,-0.03499578318758503,0.07154060002272442,0.9511357884477488,-0.004017410708583627
2025-02-27,-0.05172268468871457,-0.028327301062092143,0.07123661349136444,0.9155482052929579,-0.003373382130791685
2025-02-28,-0.021360022714355123,0.018104154164664675,0.070946705053576,0.9607410166796124,-0.001455929256086094
2025-03-03,-0.07822972990541081,-0.028047637590963726,0.07153824553508793,0.9413319201425665,-0.005268086549912316
2025-03-04,-0.004200263371115548,0.02639781732804819,0.07146420205989898,0.9945685570601834,-0.00029853812233965457
2025-03-05,0.006518544566711944,0.03393423896160831,0.07110915191622919,0.9942944664400504,0.0004608835003036384
2025-03-06,0.015321505697529648,0.040191789834928736,0.0709156076476827,0.957051481377181,0.0010398688657540212
2025-03-07,0.014307641148414594,0.03813294135497028,0.07068386321121405,0.9317221832566874,0.0009422686725744036
2025-03-10,0.010478330138524956,0.0322383875807684,0.0720030424833325,0.8973792433863411,0.0006770471985398697
2025-03-11,-0.025524850731446513,0.0015809916295861284,0.07169076423697232,0.894583474682943,-0.0016369947720600829
2025-03-12,0.01414163016924041,0.03246384871541835,0.07137024802758325,0.9341123551941779,0.000942791802774922
2025-03-13,0.01084708492381863,0.02936864623284346,0.07110320044980897,0.907977712252338,0.0007002891181970666
2025-03-14,-0.005264375638103969,0.014608010388608964,0.07084286342776115,1.0450008521297431,-0.0003897262171551524
2025-03-17,-0.0015397868298638645,0.01589016357773169,0.07212245788462107,1.0037029779740334,-0.00011146443838164498
2025-03-18,0.007502382353076319,0.023611425518143575,0.07162844059133076,0.9767100529783491,0.0005248683049759474
2025-03-19,0.0004015364877270898,0.017076122019325537,0.07125335943800418,1.0087367363126705,2.8860788909738007e-05
2025-03-20,0.005524823066546131,0.021574570357023783,0.07093912987557822,0.9764431515828298,0.0003826935963616929
2025-03-21,0.004281964455992014,0.020441364113283417,0.07078268717615753,0.9406168487123947,0.000285090573581545
2025-03-24,-0.08455189429966692,-0.05687694880319521,0.0716156633830765,0.9301328778287785,-0.00563217780767077
2025-03-25,-0.09174950355890521,-0.06157680989341345,0.07131290522535287,0.9053096867056782,-0.005923372161322512
2025-03-26,-0.0822520180718595,-0.052667399335938905,0.07098573535337767,0.8798897946092543,-0.005137430130256989
2025-03-27,-0.07226839488842116,-0.04292072142145119,0.07073009760808975,0.8496326651558155,-0.004342940380120133
2025-03-28,-0.0129857321619761,0.0068848054994141055,0.07061962177275274,0.9221873421588413,-0.0008456895908680169
2025-03-31,0.04745389742531879,0.05843956914190062,0.07095351987188009,0.9173568644049838,0.0030887598764513693
2025-04-01,0.07719629558436007,0.08315922401643465,0.07074342437824954,0.9960994993832534,0.0054398291568539744
2025-04-02,0.06664338385671009,0.07305388053932,0.07072111792742146,0.9597131455655633,0.0045232188523718405
2025-04-03,0.07131443431430184,0.07665995485586477,0.07054199642333218,0.9242330470744367,0.004649504596180742
2025-04-04,0.07408334012829068,0.07757245769859152,0.07038374963792349,0.9050777516059113,0.004719313671199737
2025-04-07,-0.22767860758773856,-0.15767511521992497,0.07177415803079025,1.0467743234408255,-0.017105800178177883
2025-04-08,-0.26175190703939083,-0.17215659288978521,0.07151175316618102,1.1420904725099934,-0.02137803522488965
2025-04-09,-0.23712323006998623,-0.1539834435341485,0.07123002382779169,1.103566491341582,-0.018639561745719974
2025-04-10,-0.23687143742682368,-0.16386741730448748,0.0709938154698113,1.6090734749921127,-0.027058834639447353
2025-04-11,-0.26029086774104787,-0.1791548389974984,0.07101862507349248,1.740220168309944,-0.03216883913150412
2025-04-14,-0.13618031495050717,-0.08903295776660274,0.07201613206705078,1.7759303035517868,-0.017416867348839758
2025-04-15,-0.13627536212698738,-0.0885592913497152,0.07170084841759536,1.700466663660599,-0.01661536023916363
2025-04-16,-0.12780905049434432,-0.08108239823351529,0.07128917388088672,1.628776507607927,-0.014840436916946639
2025-04-17,-0.06806748563781889,-0.035061968868619016,0.0710561450194049,1.884335807034868,-0.009113803306740319
2025-04-21,-0.07604787255997048,-0.04488856122791556,0.07254554332008115,1.8001208759833358,-0.009931148484609263
2025-04-22,-0.020524650161695992,0.0007182367673743147,0.07211391301621141,1.9892172095970984,-0.0029442659264093574
2025-04-23,-0.014963918367160503,0.006163204128957959,0.07161259929260341,1.9266650698243806,-0.002064624095307588
2025-04-24,-0.008596259374996553,0.012130084191808582,0.07122008827730024,1.931406978803984,-0.0011824582479755808
2025-04-25,-0.0043962843866789236,0.0154323414053378,0.07091316137390201,1.8938914659537927,-0.0005904290433864182
2025-04-28,-0.04305617343398971,-0.017638125575889518,0.07151384762055717,1.8259287429188693,-0.0056222402466486595
2025-04-29,-0.01919238415091378,0.0021126227422052237,0.07123309376060852,1.7966863377135514,-0.002456309002750647
2025-04-30,0.0022646196321444334,0.03959057091828312,0.07108388557531183,1.7310799626159619,0.00027866572583094113
2025-05-01,-0.014809592809224639,0.02365599205077266,0.07105943937955794,1.664067691201889,-0.0017512005427439375
2025-05-02,-0.03891341986708623,0.0015224946239657676,0.07085536403641768,1.6701663400462858,-0.004605023602931923
2025-05-05,-0.031350925386722135,0.00687330982983958,0.0707312726361655,1.5940186279755681,-0.003534721723738768
2025-05-06,-0.007942735869637865,0.023264418345600165,0.07053999196944266,1.8066298248525532,-0.0010122195057728507
2025-05-07,-0.0036718259126496964,0.02505005424209361,0.0703821914539879,1.9593056114867928,-0.0005063456109398074
2025-05-08,-0.02034889580604735,0.010159192638842391,0.07034942658922624,1.9025334059389496,-0.002723539642779017
2025-05-09,-0.023604441435185232,0.006361355794082698,0.07024225268622178,1.880317465576846,-0.003117621150015217
2025-05-12,0.0020361547307690057,0.025688523406372683,0.07052455116023301,1.8040292557946107,0.000259056613958286
2025-05-13,-0.023620727653271136,0.0031689072809681605,0.070409685493126,1.85282636897594,-0.0030814874229902426
2025-05-14,-0.017185838091237162,0.008049491700810606,0.07028061011176198,1.7692951710966989,-0.002137009885480932
2025-05-15,0.030439674042420553,0.08777104359296949,0.07034201604569482,1.765305990567275,0.0037798520737976583
2025-05-16,0.050789084436746984,0.09940295997874692,0.07026594461058523,1.7545630745816567,0.006261584679689624
2025-05-19,-0.02317198872344907,0.03530584730987241,0.07122060230451117,1.7003425343806027,-0.0028061143812759177
2025-05-20,-0.016960698276958154,0.03805074029922939,0.07091344148090935,1.6699847844533373,-0.0020085599791439973
2025-05-21,0.010555595926746016,0.05652787956708114,0.07071113167183678,1.7053089259053091,0.001272839399252782
2025-05-22,0.0198588192078194,0.06198860254127247,0.07052427418918047,1.6436298491530246,0.002301950958170395
2025-05-23,0.005627254007646632,0.0479877255890243,0.07045938630595006,1.5851865869899129,0.0006285151697968797
2025-05-27,0.1663297328491472,0.17190801133454992,0.07208941730892066,1.667858679583174,0.01999864883660113
2025-05-28,0.15130532951968298,0.1516783428406416,0.0716024296960599,1.644043466449653,0.017811286145069147
2025-05-29,0.1529452510886453,0.15400936235532456,0.07123279459072582,1.5715091041470857,0.017121147981040013
2025-05-30,0.16550699222712736,0.16263775921077564,0.07129144630026774,1.5098907075694206,0.017815552034668405
2025-06-02,0.13457220502350273,0.13453467934810098,0.07122456329994414,1.452778010010484,0.013924654275532305
2025-06-03,0.17486218371991796,0.16629211904920985,0.07101311351364836,1.6321838819807406,0.020267656578036666
2025-06-04,0.14852695866267035,0.14126055369496704,0.07089137506542893,1.5731172973473384,0.016563793021850227
2025-06-05,0.15086052291422528,0.1419479356091585,0.07066509137214584,1.5128622076320997,0.016127977452998817
2025-06-06,0.11926342834098297,0.11415186642096199,0.0708535915329758,1.451695132611571,0.012267175524107544
2025-06-09,0.09514848821995295,0.08953275888763822,0.07066621449771418,1.4285414737813624,0.009605203558598084
2025-06-10,0.1091492987648728,0.10090996350449571,0.07085420357913623,1.3705116603723346,0.010599107711215866
2025-06-11,0.10916225501026164,0.100487597017878,0.07066673359458683,1.3106714791853726,0.010110703275785424
2025-06-12,0.1097625339708009,0.10053471188246228,0.07048106547987346,1.2632105250722296,0.009772424434439202
2025-06-13,0.13915427988536525,0.12470198997884688,0.07042617298635526,1.2713965324189587,0.012459817463577095
2025-06-16,0.22713468388432687,0.20167591083149056,0.07134671028469183,1.2876211332519245,0.020866302828826386
2025-06-17,0.2149383681987094,0.18065234546906273,0.07101199857642099,1.2815236534423673,0.019560155795517203
2025-06-18,0.21202113062983222,0.17801560375455638,0.07077147865858521,1.2267057807481534,0.01840678025245985
2025-06-20,0.16409967694964062,0.13740197684638453,0.07093423037249057,1.1842061918953874,0.013784496730216108
2025-06-23,0.13026719494664638,0.11156818940236252,0.07195679052885123,1.135322273930141,0.010642067379492722
2025-06-24,0.13817787530930328,0.11883660763952071,0.07186097932077615,1.091031418394789,0.010833502779260446
2025-06-25,0.1135721838296934,0.08956884659300719,0.07142274843124272,1.1177218972729002,0.009066554872646725
2025-06-26,0.11439871490168062,0.09056047391901213,0.07107158540499693,1.0737550268143767,0.008730163137042413
2025-06-27,0.10828447809775588,0.08607918800711391,0.07088578946258262,1.0318148521145858,0.007920036135605305
2025-06-30,-0.09103629428514666,-0.06745096625830659,0.0716942078021103,1.0888479234327801,-0.007106665405477543
2025-07-01,-0.08036004322441913,-0.058753122810737766,0.07128382826764411,1.1053927553239362,-0.00633210037888517
2025-07-02,-0.0763922326874533,-0.054777290369352756,0.07097386763476468,1.096625244756155,-0.005945740008011093
2025-07-03,-0.06684370312494069,-0.046339936093673734,0.07072059726586084,1.06462191466736,-0.00503270904296272
2025-07-07,-0.11931754893142538,-0.08651682895912166,0.07137310286052026,1.0378470698218434,-0.008838371750142043
2025-07-08,-0.10705243032246443,-0.07634755156357868,0.07140778926079308,0.997001710732211,-0.007621457329651933
2025-07-09,-0.1377885236036593,-0.09655928394256529,0.07122248134267171,0.9952002314993567,-0.00976653734879972
2025-07-10,-0.12212882020151589,-0.0834046363516013,0.07092362107247487,0.9633708609455315,-0.008344543223933765
2025-07-11,-0.11051273360819755,-0.07327191664386941,0.07068154937534196,0.9281319148844125,-0.007249834443085804
2025-07-14,-0.03103689137133828,-0.01112738656479207,0.07086531845584311,0.9413220932666752,-0.002070380703199501
2025-07-15,-0.04876467651274518,-0.02509930334592613,0.07089532255956678,0.9121719541275578,-0.003153549451101567
2025-07-16,-0.02536927211046379,0.01139947628346359,0.07073255186302002,0.8873428622430359,-0.0015922776295789268
2025-07-17,0.008628619783876914,0.03710414816039763,0.07078819680987002,0.8660889419315837,0.0005290109672334719
2025-07-18,0.006603642346748443,0.03444405912264543,0.07061496152599782,0.8387889749773948,0.0003911406779233675
2025-07-21,0.03193228745260102,0.05283390272118753,0.0712863576059717,0.8120393879263353,0.0018484748677414136
2025-07-22,0.08935810278282373,0.09814468474171387,0.07105638948975891,0.9254935100447028,0.005876387868086237
2025-07-23,0.08785591915505848,0.0955422270174222,0.07078527738643141,0.9407328805467466,0.005850328985926604
2025-07-24,0.08691671410514251,0.08866423096826201,0.07057359550174287,0.9571416329105297,0.005871130727399642
2025-07-25,0.0887862682009541,0.08875356324390671,0.07040842817748286,0.9370999421764539,0.005858094356430221
2025-07-28,-0.023284243333163517,-0.0015090629142224354,0.0711248334619931,0.9344242418716512,-0.0015474887078648033
2025-07-29,-0.041435285823252094,-0.015494162711684715,0.07093020661309964,0.9174497558882223,-0.0026963971121765225
2025-07-30,-0.02744594958776976,-0.00454061252348542,0.07077532233511895,0.885672939485646,-0.0017204160792592712
2025-07-31,0.08943775586815794,0.18894182552125965,0.07099797736895237,0.9555040590441816,0.006067355001947015
2025-08-01,0.0779947856237618,0.17389257638425337,0.07081556431210054,0.9371392143288508,0.005176049252447048
2025-08-04,0.35355658113140687,0.35626777057433723,0.07514178452245768,1.1169202611049693,0.029673078097817683
2025-08-05,0.35946823756592367,0.356880764008278,0.07500989988483388,1.0863822682627062,0.02929286004937127
2025-08-06,0.34818092957665325,0.33878872331963167,0.07430439143490326,1.0426290154193036,0.026974243200810044
2025-08-07,0.32946810957328676,0.3202848006253064,0.07348914883315637,1.004034735765123,0.024310021297811398
2025-08-08,0.32896823820831966,0.31738738251273674,0.07273068849489724,0.997633942057649,0.02386947595095149
2025-08-11,0.29966278320898065,0.2908685779764978,0.07292442607432775,0.9594566134586611,0.020966752539201196
2025-08-12,0.23603247518246678,0.21792730171848734,0.07233832057007446,0.9913749022740203,0.016926926272733435
2025-08-13,0.22582903904866647,0.20822531923257664,0.07187669631107357,0.9546508538296123,0.01549574493470593
2025-08-14,0.22739341004631855,0.2081523035735252,0.07158801305364565,0.9214822497556642,0.015000480027902031
2025-08-15,0.23450890317409537,0.22604681809316252,0.0712735092224574,0.9037500598417189,0.01510552474779955
2025-08-18,0.2239107863601066,0.21559617302681686,0.07120875792251992,0.8711418869959363,0.013889842527751996
2025-08-19,0.21383884109232315,0.20498828079746576,0.07094318322193433,0.8425679334122095,0.01278209938800085
2025-08-20,0.1558012284459278,0.15305010581273132,0.07106706869163096,0.8277766390742209,0.00916542158092914
2025-08-21,0.16996457075804233,0.16333435489409873,0.07083248560604474,0.8568061912324183,0.010315100884800704
2025-08-22,0.19272463984760596,0.2095889895135135,0.0712299440610437,0.8329732138237943,0.011434860793495644
2025-08-25,0.3071889750826649,0.2991487515621866,0.07355944065114495,0.8691313039462859,0.01963945516774208
2025-08-26,0.2888240787573394,0.2799157934647908,0.07283858745484544,0.8418693751073331,0.017710858902197105
2025-08-27,0.2704438765162738,0.26189269846952234,0.0722016285413178,0.8403824449456357,0.01640971799010321
2025-08-28,0.26736012829737454,0.25701260351587246,0.07176888628779018,0.8127671457571662,0.015595488679428513
2025-08-29,0.2634967090874594,0.25134281664809544,0.071350685168016,0.8163643273770289,0.01534819691710712
2025-09-02,0.3400122759306153,0.3180752999679213,0.07250238452753648,0.8444951429213116,0.020818241568058372
2025-09-03,0.4431041115265789,0.4104119232822446,0.0728310210251662,1.123089128336026,0.03624402334620795
2025-09-04,0.4466459000912654,0.41090180139411814,0.07240969097204028,1.1059233077397734,0.0357672093669984
2025-09-05,0.4151653308518446,0.37631075184778456,0.07200531732769484,1.0680380750295881,0.03192804918523846
2025-09-08,0.46488004191056637,0.42804108827344256,0.07416621680319127,1.106746788787729,0.038158851815292216
2025-09-09,0.48312525233070147,0.44403016485045244,0.07387806781160824,1.1222631492709596,0.04005622051042997
2025-09-10,0.4750135275567653,0.4390408230166294,0.07341638989706802,1.0786898969174965,0.037617992368619305
2025-09-11,0.4647950829529552,0.42611479862294827,0.0726427556973481,1.0391003740948306,0.03508418052153336
2025-09-12,0.44148849255622924,0.40072062416793286,0.07218696101603823,0.9996966580868971,0.03186004518159552
2025-09-15,0.42955718938634607,0.3870868321604623,0.07183069603760496,0.9616734383517037,0.029672810821680343
2025-09-16,0.43633484477090956,0.3911454749497405,0.0715516142224843,0.9797918890882915,0.030589555916266487
2025-09-17,0.4249002840922643,0.3780502441911686,0.07133390393525336,0.9433823221338866,0.028593725778694526
2025-09-18,0.39502730573121053,0.33362264519769314,0.07101055995468555,0.9305404391276819,0.026102692382463308
2025-09-19,0.38179225552324736,0.31634936656423246,0.0707494710752189,0.9042115980588546,0.024424202127707597
2025-09-22,0.425742102835044,0.3605259514000353,0.07138782428383475,0.9299129761602795,0.02826266135913203
2025-09-23,0.4231015721230819,0.3592872395918879,0.07113476896217673,1.0566394032295212,0.03180192187272933
2025-09-24,0.39823563825828345,0.33149381055290844,0.07100719084166582,1.0215647679996365,0.02888739371921803
2025-09-25,0.3881822651031124,0.32296854726003194,0.07076772690584264,1.0089955459759745,0.027717891159748397
2025-09-26,0.37692543279245944,0.3112049506048007,0.07055990153014999,0.9752179951426514,0.025936723646378806
2025-09-29,0.3832449043198082,0.3208178950661502,0.07124012508854842,0.9527805044318111,0.026013208662820666
2025-09-30,0.38905064091236224,0.3267785905696841,0.07101962268054571,1.0591922761797252,0.02926572590978818
2025-10-01,0.3725867254300212,0.3102345880722682,0.0707565931179193,1.0521002930271337,0.0277364856554722
2025-10-02,0.35828767503356457,0.2973770455828983,0.07081885280954592,1.0107285132328545,0.02564574228952296
2025-10-03,0.3387204590504916,0.2758408572689392,0.07062761181248858,0.9769518078159748,0.023371634799144166
2025-10-06,0.3662881676059139,0.305833831615979,0.07129835166942997,0.969326976200254,0.025314693792419393
2025-10-07,0.26703882157004677,0.21456602906055894,0.0711302699023387,1.1146384970707397,0.021172049366639974
2025-10-08,0.25084734692738964,0.19862493116660102,0.07091864001447593,1.0805992478817619,0.019223593382576037
2025-10-09,0.27259613118541487,0.21922523163038424,0.07076736402236791,1.164475502689217,0.022463791708158588
2025-10-10,0.23486620214667936,0.16934213935342132,0.07056820314292428,1.2033275498959926,0.019944054135087357
2025-10-13,0.2758886201150636,0.2124363565510982,0.0719114972713117,1.1903329924146413,0.023615687289821916
2025-10-14,0.21321479464157095,0.16165254817675173,0.07152382285521236,1.3899463880704837,0.021196595132296936
2025-10-15,0.22311690435023115,0.17093465993094625,0.07130976240856078,1.3482955920399877,0.02145194030672881
2025-10-16,0.16538103327154965,0.12049624346276151,0.07125971283760789,1.4055940399502738,0.016564932704051457
2025-10-17,0.16764450714009624,0.12427147175683013,0.07095188446844404,1.5482952970989652,0.018416498319817336
2025-10-20,0.011476582900537676,-0.006111445357398693,0.0724643536324784,1.5470512668856153,0.0012865946070548338
2025-10-21,0.07833629870945494,0.05418350833592386,0.07205056073605716,1.8873707336204508,0.01065264929113602
2025-10-22,0.07533151821862415,0.05046885763505907,0.07156296934992908,2.054411009015162,0.01107522113158208
2025-10-23,0.07481648230458038,0.050736241973505805,0.07126920509599693,1.9583900436704142,0.010442353528763488
2025-10-24,0.07790570119192335,0.05377577519536617,0.07095989238967279,1.8698188038930206,0.010336695239010003
2025-10-27,0.0736722212127133,0.051086225646647984,0.07079836920007346,1.785789387060097,0.009314450856960612
2025-10-28,-0.02411575075113202,-0.024789597895584055,0.0710915026531667,1.8356171888248594,-0.003147027922786179
2025-10-29,-0.026225808624394626,-0.025101384974115626,0.07085136740573032,1.762570753422309,-0.003275093353526439
2025-10-30,-0.004519684319023432,0.010802096323463673,0.07124418519301393,1.685379140975778,-0.0005426941507450854
2025-10-31,-0.020290055319016117,-0.0012840547069637232,0.07100768231934367,1.7268466209313766,-0.0024879539277690623
2025-11-03,-0.02357939965799913,-0.0036325282386260953,0.07083584412410891,1.6535839339287282,-0.0027619261452981212
2025-11-04,-0.013449882670828589,0.0037595349890755885,0.07116849141873866,1.5784683274670503,-0.001510922288931581
2025-11-05,-0.02991847935792706,-0.009035132493628506,0.07091621269322819,1.5686127488839408,-0.0033281338976294847
2025-11-06,-0.02369251320479924,-0.004038746157709707,0.07067577208388601,1.5375003735198118,-0.002574523870365101
2025-11-07,-0.020600078860660995,-0.0014280502400643236,0.07057802549812596,1.46913941130494,-0.0021360007289062967
2025-11-10,0.021663758799208763,0.031036533536319463,0.07146210290619481,1.4146035979224316,0.002190001246286635
2025-11-11,0.07467576145758949,0.07347793914095405,0.07119367404621714,1.620379719866571,0.008614654507569462
2025-11-12,0.06972697243547653,0.06845568525105397,0.07105282880842262,1.5515737236714262,0.0076869595825091045
2025-11-13,0.05975387902709564,0.05998782206840619,0.07080323338236057,1.5689452671912467,0.006637843182693718
2025-11-14,0.06320242563191417,0.06282703434759127,0.07058757767699024,1.5120555169648449,0.00674574254471992
2025-11-17,-0.0157023663343903,-0.002304415633970814,0.07079111689077051,1.5135094743905544,-0.001682399046262246
2025-11-18,-0.026074620562400806,-0.009941683039160772,0.07061727273238502,1.476780333945743,-0.0027192230846751955
2025-11-19,-0.0058792581704840575,0.006226158755875525,0.07053198214664098,1.4259577198332745,-0.0005913100617236231
2025-11-20,0.0011665659330362278,0.012221091134154633,0.07038438143552003,1.3632756846101728,0.00011193586935941556
2025-11-21,0.007714960050238151,0.0179572935925071,0.0702609029151171,1.3040826753991155,0.000706891132076991
2025-11-24,-0.00670447327855074,0.00595993784786439,0.07101232728939877,1.2492621791988425,-0.0005947740367808953
2025-11-25,0.03853735325773925,0.04298456032227695,0.07084206555637738,1.2974995134971534,0.0035422589251608762
2025-11-26,0.04326998174811006,0.04712666902319488,0.0706179154779524,1.2418538088045465,0.0037946530978980476
2025-11-28,0.06647845867670155,0.06635946671016107,0.07053189420068677,1.212887624597815,0.005687050096208028
2025-12-01,0.14034641555801483,0.1286676777427197,0.07088430876085203,1.226976978550435,0.012206407042689913
2025-12-02,0.15666111903058078,0.14246785610843257,0.07097764134534336,1.183446280109654,0.013159256022385319
2025-12-03,0.12123254394592078,0.10953383381852237,0.07090464713492385,1.146907290485002,0.009858758583543641
2025-12-04,0.11158070828252971,0.10107673543680817,0.07083050325258707,1.1006557695627943,0.008698832248231338
2025-12-05,0.11321130544216754,0.10271448725841405,0.07068192026607499,1.0560955493958777,0.008450868628038314
2025-12-08,0.08182517754386338,0.07635343401054144,0.07115885517329949,1.0161449037430772,0.005916591048207021
2025-12-09,0.07040873682238571,0.06614257809561136,0.07095717162867973,0.9802757424954669,0.004897462337244495
2025-12-10,0.07282916544711489,0.06834658744977017,0.0707077550764843,0.9531997798664475,0.004908584997356701
2025-12-11,0.09998962366548687,0.09239791157552714,0.0708855480036969,0.9247218453233133,0.006554261313018634
2025-12-12,0.16013757712239185,0.14493257435981735,0.07091030459531039,0.9519635290918332,0.010809930819190424
2025-12-15,0.19255248332503852,0.17407551886907474,0.07118129834008102,0.9310697230577523,0.012761368027822184
2025-12-16,0.1856153741873213,0.1674884157428977,0.07113954217983338,0.8966758579613422,0.011840239525267589
2025-12-17,0.18206095815905926,0.1630886925322542,0.07085859185001347,0.8645923865085704,0.011153745952273642
2025-12-18,0.17309491646854053,0.15385230470709632,0.07063080862774737,0.873711941115664,0.010681857085586265
2025-12-19,0.15764044521990556,0.13872109216571601,0.07054243945755072,0.845087596613707,0.009397662724987798
2025-12-22,0.15554621718141123,0.13655498813545563,0.0704815679565254,0.8161392104622016,0.008947449465712413
2025-12-23,0.2279669065106292,0.19946006400411664,0.07047709000105173,1.0867154055989394,0.017459652411655025
2025-12-24,0.1876383439677186,0.1614459233049004,0.07040641392323903,1.129360315298504,0.014919914653912443
2025-12-26,0.15549042530662535,0.1324237805289949,0.07053635453914903,1.0889585432591427,0.011943400851874906
2025-12-29,0.23921933779354973,0.21203066517188196,0.07165767441582066,1.1054680846346603,0.018949824931508444
2025-12-30,0.1755567800250929,0.11838180757406834,0.07125521546901259,1.4596890928448583,0.01825974159196486
2025-12-31,0.1746615095940216,0.11821633811503307,0.07096103253968264,1.395130128503787,0.017291467520330565
2026-01-02,0.13991698710307754,0.09481373133516756,0.07108281652153116,1.3451438210935975,0.013378388188272751
2026-01-05,0.1482122059787068,0.10141509196171904,0.07106462536454244,1.2933511879664268,0.013622408783922483
2026-01-06,0.19930580482703206,0.1416130930612935,0.07095540658409867,1.505889421753938,0.021296023792466003
2026-01-07,0.18190752343854558,0.1284046908621313,0.07077927804266057,1.4812924641219698,0.019072059947242464
2026-01-08,0.16590795581959764,0.1158840318765499,0.07060659610813731,1.4357845034669487,0.016819061127118496
2026-01-09,0.16692884275140016,0.11679724152669993,0.07044269330677289,1.3802410571899268,0.016230140409662783
2026-01-12,0.1846729036013831,0.1317950316700914,0.07067965289749545,1.3375834476200887,0.01745896408098508
2026-01-13,0.20012920841695625,0.14515133600827845,0.07053038857941148,1.4156735091376653,0.019982501742576958
2026-01-14,0.19962973386840882,0.14841095341585891,0.07053626163783566,1.354074563725397,0.01906690691987445
2026-01-15,0.18665799008128825,0.13848900872078682,0.07040013941952684,1.332431179861961,0.017509143062089765
2026-01-16,0.18399812484816247,0.1362415110819944,0.07027318061150413,1.2847827605310493,0.016612412560302183
2026-01-20,0.14315908151268864,0.1059738477592791,0.0705478361656689,1.237432715361522,0.012497530196904636
2026-01-21,0.17170728533868265,0.13264931439218566,0.07042752078410872,1.6988607860930873,0.020544184871029644
2026-01-22,0.1898846099322472,0.14759812554629617,0.07038384620638272,1.6929298117339786,0.02262568389307221
2026-01-23,0.1605281265845025,0.12332384735614176,0.07033423998485017,1.7241747658952418,0.01946700861185274
2026-01-26,0.19005910255575012,0.14871092988279014,0.07047772438925931,1.7046445709550333,0.022833599897887486
2026-01-27,0.20042532843295924,0.15722705551142047,0.07037277565105945,1.6939804024671008,0.023892724010247123
2026-01-28,0.22926887700832282,0.18169320207854908,0.07034127885122508,1.8060354627143216,0.029126053122781433
2026-01-29,0.16450631912569685,0.12775774546706722,0.0703010629845889,2.121666590423708,0.024537008563459445
2026-01-30,0.1613750776837398,0.12486022528841648,0.07021716062844065,2.023544073504803,0.022929384456538433
2026-02-02,0.019753250480680173,0.007968187649429293,0.07050204225459347,2.1759236615624937,0.0030302881198134178
2026-02-03,-0.07629483981915598,-0.059766758017693836,0.07068075369184217,2.301116382647007,-0.012408946775938729
2026-02-04,-0.050106647496320496,-0.03966966366340847,0.07050502107226322,2.494576255533227,-0.008812764750942854
2026-02-05,-0.04124197208148397,-0.030342232963234708,0.07051656362140403,2.375458751968881,-0.006908409263682265
2026-02-06,-0.08667393818908257,-0.061675057932004194,0.07062066325849313,2.3548928601555073,-0.014414230910155203
2026-02-09,-0.017020914326389074,-0.010140466581271811,0.07070552063457596,2.448096946953671,-0.0029462176201384715
2026-02-10,0.026943745361656914,0.02341474171177382,0.07067512963518213,2.479993455011441,0.004722534223493139
2026-02-11,0.0397181037872529,0.043453262144388785,0.07056091876948085,2.37398986218311,0.006653215543057015
2026-02-12,0.03855289922225032,0.042430435054559776,0.07041930138134807,2.286975408109819,0.0062088368770253964
2026-02-13,0.042445501828417546,0.04446342510579323,0.0702881012752302,2.335793749260569,0.0069686391447805855
2026-02-17,0.1429857099853321,0.1209452145228936,0.07169828607089687,2.3577075490515598,0.02417081778086266
2026-02-18,0.08807948488111401,0.07528095919725943,0.07145188417836516,2.3675283348698963,0.014899909721819605
2026-02-19,0.06299393882403365,0.055848579931184625,0.07125428004748069,2.3620559706234374,0.010602295514068988
2026-02-20,0.06735566486792725,0.05923857703183001,0.07097727592924884,2.251027785121978,0.010761537178683818
2026-02-23,0.09965223964556567,0.08413664413989125,0.07088623194500415,2.236641069588958,0.01579956938270228
2026-02-24,0.10861993282314883,0.09121973932704719,0.07066084716566587,2.309792920467651,0.01772806827920027
2026-02-25,0.10965174731009462,0.09182218718192736,0.07047651063336545,2.2255068054393,0.017198432918804133
2026-02-26,0.1110131914787549,0.09288536850386177,0.07033272151072821,2.121998873202906,0.01656826986810668
2026-02-27,0.11142061962095921,0.09307196431258408,0.07022063443341231,2.038264584182637,0.015947436321930297
2026-03-02,0.1470156424207246,0.12213111291524996,0.0705060090502786,1.9872783810378998,0.020599106664111515
2026-03-03,0.16553747564162388,0.13698988304133772,0.0704603723706337,1.93924222850085,0.02261899589991375
2026-03-04,0.1383977518906249,0.10100884000799588,0.07032089024345198,2.1030224462853817,0.020467146765639255
2026-03-05,0.1265150074931716,0.091639927457385,0.07037321600320176,2.0142053530501034,0.017933009964456213
2026-03-06,0.11134283523994506,0.08049906638553123,0.07029013343594144,1.943333820456416,0.01520911881572768
2026-03-09,0.16135591383192294,0.11910755515214258,0.07070201179259553,1.9175924128039898,0.021876254220604824
2026-03-10,0.15637776474459555,0.11563835042203073,0.07054798697342249,1.8293899240280216,0.020182079372141996
2026-03-11,0.15352869210489137,0.11390037139394142,0.07038843601026726,1.7792165246338714,0.0192273605057661
2026-03-12,0.15289289449152035,0.11381743176397068,0.07026404309116602,1.699956908892081,0.018262421053408334
2026-03-13,0.19085710511341045,0.18760158871079746,0.07032909579552454,1.6940071829299759,0.02273833253823643
2026-03-16,0.09243663199212838,0.11033891240008378,0.07088624130737321,1.6512462397579295,0.010819766879527553
2026-03-17,0.08911080504868894,0.10604221777954534,0.0707442217115138,1.576861423840064,0.009940651969733622
2026-03-18,0.09172025636361952,0.1064984908996489,0.07054153122350686,1.5079160040601387,0.00975634822971219
2026-03-19,0.15798810667081634,0.21190335000048993,0.07054488479058829,1.6356988124514493,0.01823027674223919
2026-03-20,0.2397387151945682,0.32439684339573965,0.07066967359568545,1.866074679046309,0.03161551632903417
2026-03-23,0.13449707406862255,0.23454470049321943,0.0707384648025112,1.9384074389882766,0.01844223427662269
2026-03-24,0.06884848963965182,0.17937647617431893,0.07079596998043879,1.934525055546178,0.00942925352491262
2026-03-25,0.07080452265447856,0.1750578212902426,0.07059043439413508,1.844567094102285,0.009219371394258272
2026-03-26,0.06842437933889886,0.16566101472163902,0.07042155791350332,2.013543307789833,0.009702361909226753
2026-03-27,0.12291115935695057,0.23351007206591984,0.07045162051123798,2.1210675541729125,0.018366939815451414
2026-03-30,0.2173764918322759,0.2799842457113241,0.07097807542239462,2.3093418470589455,0.03563075460596152
2026-03-31,0.20436092861567862,0.26342992854971187,0.07109844150812124,2.1996991076021426,0.03196106387602885
2026-04-01,0.2051981376122783,0.25712216763317575,0.07082645720944683,2.4252774025474286,0.03524766511718257
2026-04-02,0.20759975174434359,0.2531400699178712,0.0706183596044314,2.382882618741121,0.0349339025464535
2026-04-06,0.11329088005199034,0.17437538428251548,0.07137241937989121,2.316986909257099,0.018734795168614683
2026-04-07,0.10663986107039888,0.16513923162948765,0.07112393059104231,2.2106394062808423,0.01676691750053048
2026-04-08,0.10708547738414909,0.16162849285754952,0.07083800449091565,2.1265707839498207,0.01613157377630543
2026-04-09,0.10788132212906847,0.15847437425681302,0.07061471829577076,2.035105916361871,0.015503455535858269
2026-04-10,0.11819415328274631,0.16199352438143877,0.07053048645571813,1.9539845850102984,0.01628898435881207
2026-04-13,0.10282871425981382,0.14526635957899442,0.07088744907381825,1.8637599239235219,0.01358544043926004
2026-04-14,0.10729199117819091,0.14870689496002343,0.07067274121844196,1.7812313982857744,0.0135063992708739
2026-04-15,0.1289600663648832,0.16074824658297937,0.07052370404955459,1.8449849205027289,0.0167796610239736
2026-04-16,0.1417396064855139,0.1809946439242044,0.0704428294306011,1.7780240691273295,0.017752750524623075
2026-04-17,0.14288121764843928,0.17938810678410644,0.07032738541499588,1.6967735329917666,0.017049965152996168
2026-04-20,0.20910601748483207,0.22559331181522702,0.07172794549585183,1.6720921883152167,0.02507928439084538
2026-04-21,0.1985507842031015,0.21097455268083018,0.07131948633000376,1.610634576817242,0.022807455253418662
2026-04-22,0.1994523520779772,0.21023121895283756,0.0710116305826785,1.6886971949374596,0.023917755901293074
2026-04-23,0.21366026130842522,0.2174894792608766,0.07083948112224832,1.6593297554164843,0.025114921657018785
2026-04-24,0.2018468926847696,0.20302946079836934,0.07062439796609242,1.6023577614674414,0.02284211507656809
2026-04-27,0.20695348590261686,0.20407845715576511,0.07081932463244549,1.5357088319506225,0.02250781872454203
2026-04-28,0.1889966458632046,0.18578598199480345,0.0706391269924513,1.4805960434947232,0.01976678345433934
2026-04-29,0.17918580332287093,0.16820751867609965,0.07045955351602799,1.4888733981401032,0.018797550286119607
2026-04-30,0.20126445221424766,0.20924035383594503,0.07048128754767466,1.4502450827238311,0.020572274298987094
2026-05-01,0.21329764783684807,0.21452063357242826,0.07037389869877149,1.462438290016323,0.02195205727444395
2026-05-04,0.19049559064921237,0.1945429010542072,0.07068172673747888,1.3980954837753472,0.018824736728344005
2026-05-05,0.09228767883437042,0.1089123318361723,0.07073271992832136,1.4255605912090654,0.009305715323304941
2026-05-06,0.08124817200523225,0.09861032308500925,0.07060560579233661,1.3843164775840167,0.007941237240906802
2026-05-07,0.11687523417754273,0.12212420598129974,0.07047130351347496,1.6553665604694505,0.013634178537405452
2026-05-08,0.11847249716249177,0.12174491968125765,0.07033729836527161,1.5806330812465808,0.013171471390402027
2026-05-11,0.13147837752738475,0.13053886944429008,0.07107523550866678,1.5151125171454225,0.014158509276884564
2026-05-12,0.13175021245329363,0.12939486557493213,0.07079985150600884,1.4478218793802113,0.013505131161009596
2026-05-13,0.1358672774946157,0.13585776793017118,0.07060574723397388,1.3883654002660286,0.013318604073832709
2026-05-14,0.15130703168451187,0.16464606339458107,0.07059485155466377,1.3366162536006436,0.014277063092360667
2026-05-15,0.1576073109396178,0.1744016885559755,0.07044594238701145,1.2948648440804456,0.014376619623818554
2026-05-18,-0.0487002037707492,0.00413397946616762,0.07115785531116861,1.3662179155181564,-0.004734494370024402
2026-05-19,-0.03732885000037562,0.011196208518488347,0.0709561082556179,1.3072533754686906,-0.0034625349857593103
2026-05-20,-0.02645353111608375,0.01771075785144258,0.07070693708652884,1.3167896818530629,-0.0024629868379786868
2026-05-21,0.012692097746726251,0.04387202023253206,0.07060195135457335,1.334826258938998,0.0011961202812988347
2026-05-22,0.017084348615407613,0.046090170148473567,0.07043905394462738,1.27747804829582,0.0015373239225911239
2026-05-26,-0.000644580131222919,0.03129142148147944,0.07039316547450371,1.2392328003840096,-5.6228993497181364e-05
2026-05-27,0.005430746343920516,0.034964320314693265,0.07027628952738965,1.1867828552642603,0.0004529388838915977
2026-05-28,-0.03095470010582031,0.005800925322941007,0.07026625155969907,1.185645939957999,-0.0025788637974452824
2026-05-29,-0.01351961451747514,0.017468243766308254,0.07017730453452434,1.1785121247944028,-0.0011181370725997179
2026-06-01,0.05357844857429819,0.0650542555804876,0.07047262810963198,1.1773738051256408,0.004445544592073486
2026-06-02,0.021301772208976295,0.037693708889618385,0.07038245658169356,1.1807646724339937,0.0017702862992302927
2026-06-03,0.027987720207028985,0.04205581658468707,0.07035649482947129,1.131620033072806,0.0022282932541083616
2026-06-04,0.05761663554258035,0.08867357393549281,0.07031250926314975,1.1146280332447207,0.004515547894991684
2026-06-05,0.05173080243808645,0.08208025486608432,0.0702256715819889,1.0965368985100712,0.003983532516786363
2026-06-08,-0.15720040033913407,-0.07059428307035745,0.07051319592541376,1.376994590948705,-0.015263575561949131
2026-06-09,-0.1432530368799723,-0.06213882949467963,0.07040083498054855,1.3170341593043033,-0.013282465201912702
2026-06-10,-0.12555868553727031,-0.049813991618112896,0.07027370236984547,1.3239327972282553,-0.011681686213462302
2026-06-11,-0.09245096287379598,-0.028875909481662625,0.0701746175802873,1.6243253145312695,-0.010538153153158565
2026-06-12,-0.03259835245725278,0.005120742484022301,0.07018779882499704,1.839835936704624,-0.004209556774001308
2026-06-15,-0.023587030703496138,0.008790562385434473,0.07062246847222994,1.754658842879438,-0.0029228656622559304
2026-06-16,0.006868516590300048,0.027295664666933638,0.07048592581843886,1.8731977570799094,0.0009068782562500098
2026-06-17,0.014843690563516596,0.03187028822487184,0.07043015536696652,1.7879621792159557,0.0018692133180121808
2026-06-18,0.11178745087478398,0.17504538510864487,0.07139099277174128,1.794447665575545,0.014320799720233417
2026-06-22,0.06983631596900106,0.13812238031901256,0.07253169257549477,1.7160780918837546,0.008692529642430955
2026-06-23,0.07552709208385609,0.14204643033491507,0.0719579103471568,1.6470555112969207,0.00895137071563394
2026-06-24,0.06659749344561351,0.12858028598795446,0.0714980936144205,1.641359642015969,0.007815487929232598
2026-06-25,0.049818819779318416,0.10537167865368803,0.07113894379901796,1.7364960520470019,0.006154243107974219
2026-06-26,0.06388928636258565,0.11157293540753851,0.07093877976031956,1.6791794782631404,0.007610424272454524
2026-06-29,0.10039302068629306,0.13141990521524302,0.07120213588628306,1.641864609101054,0.011736372495657763
2026-06-30,0.08479845899028961,0.11671544173100111,0.07093786601802632,1.6025857245785324,0.00964022897961904
2026-07-01,0.08690107790999557,0.11614914030909194,0.07069270712274021,1.5306019479480408,0.009402904777738008
2026-07-02,0.08736170776515574,0.11433463951730112,0.07050387031866634,1.4719825672762321,0.009066438920168153
2026-07-06,0.21082506829465342,0.19787983283182922,0.07184452784657996,1.552968474725569,0.02352223499015238
2026-07-07,0.23645171620905692,0.21517336144371066,0.07191416007605664,1.5217886857942429,0.02587683960447632
2026-07-08,0.26221174387548285,0.2660243100668041,0.07188317890477335,1.4847929597219056,0.0279862889162406
2026-07-09,0.25010590129180993,0.25140471505966716,0.07143971722499763,1.4352032485601232,0.02564348667329099
2026-07-10,0.2629255358646495,0.25772829714782935,0.07124754116665559,1.4040665836485409,0.026302095606189606
2026-07-13,0.22784566505854004,0.22824666527010742,0.0714436773410441,1.34532299612688,0.02189934555305357
2026-07-14,0.2748632744134875,0.312702331564341,0.07136348141512865,1.439223516390172,0.028230657371004365
2026-07-15,0.2916028648193076,0.31872121916671575,0.07118490724552698,1.4357491648525864,0.029802883295938467
2026-07-16,0.2786438089807041,0.30404187383252196,0.071144001245371,1.3722498245729358,0.02720325477782154
2026-07-17,0.28769472837309823,0.31961827842511303,0.07092661223043008,1.400987585185337,0.028587449301590163
2026-07-20,0.3050690360317123,0.3247921451049814,0.07134746459968531,1.3670712553293698,0.02975553931055139
2026-07-21,0.28977220674551146,0.3084669352315178,0.07110407785891648,1.30919098467988,0.02697455213025028
2026-07-22,0.17982965312764307,0.2130598931752165,0.07144045072256179,1.401653228108925,0.018007195267614264
2026-07-23,0.18204429296806768,0.21097662589231703,0.0710931441091869,1.3906056581192137,0.017997359093028836
2026-07-24,0.23915997995078206,0.3053008720994213,0.07124437697375365,1.4170077166486241,0.024144116422637123
2026-07-27,0.23071057206055615,0.2933580487900003,0.07109141596798023,1.3545625129010468,0.022216912926400878
2026-07-28,0.23411052793066384,0.28991035758341216,0.07085160072467282,1.3136681612409302,0.021789952580051307
2026-07-29,0.14712847431727816,0.21107411848634972,0.07099626494069776,1.3045587843785915,0.013626862896945896
2026-07-30,0.15774955621267625,0.21179070555229432,0.0714055308303098,1.253549302881131,0.014120218524373602
2026-07-31,0.17365527792769567,0.2178267722194668,0.07109680664662395,1.3101536932585103,0.01617559733913553
2026-08-03,0.09198394316307115,0.1439373556310409,0.07118566538224644,1.3057294946682418,0.008549836035106291
2026-08-04,0.08853912808134881,0.13758438792882857,0.07114487075146547,1.2495764179103301,0.007871212841759448
2026-08-05,0.09436306797105795,0.13887364362440002,0.07086299169877582,1.211684173068446,0.008102349467295655
2026-08-06,0.07587163293420446,0.11456148466311132,0.07063421512537085,1.6880400040776635,0.0090464313006706
2026-08-07,0.07819936662079698,0.11416547193353907,0.07045568498962464,1.6108993201590536,0.008875394690349174
2026-08-10,0.17662033881280195,0.18901986834791684,0.07116718109592049,1.7022667978021755,0.02139676446113517
2026-08-11,0.18782568069857927,0.19549546565621168,0.0709637436849255,1.6576147537106938,0.022094037844965077
2026-08-12,0.18592217443708622,0.19118094967570765,0.0707128925468966,1.5858789326813691,0.02084970057897697
2026-08-13,0.19717379142075375,0.19789659108556792,0.07060699318658643,1.5436014718360325,0.02148978590847364
2026-08-14,0.14669613247020757,0.14808012333335788,0.0705984146521781,1.5185307146771185,0.01572668519517739
