"FANG","SOXX","SMH","SHV","IEF","BUIDL","OUSG","BTC","ETH","UNI","AAVE","GLD","date"
-2.37016804110546,4.6677909585392,8.17450454346759,-3.43646486266024,0.0854950515762418,-0.658044665063445,-2.06262637886986,-0.552432076758123,13.4415503078681,-5.48858963605615,-4.20278000948945,-7.59823519144841,2024-07-09
-2.10820237312041,4.30403314577494,8.1059237559603,-11.796567205303,-0.102530744404048,2.52799560354439,-2.112090719118,2.06363052881967,14.1741062830361,-4.74184743788744,-2.64949501443675,-7.66495582286568,2024-07-10
-2.68658319651875,4.09031765219967,7.79142999220581,-11.5044374138242,-0.376756246897997,2.79353895388933,-1.96939046877598,2.48619025758134,13.953826472425,-4.27385615586357,-3.5679854722044,-6.73629437421634,2024-07-11
13.2113029595539,10.1044831519488,16.1518362983019,-43.0389941006947,4.12373772673191,0.295208422601326,-2.06665873387668,1.23224817328561,13.3377115270729,-4.02845477137026,-4.41238609494396,-4.91003455861062,2024-07-12
13.3671894100897,10.0008603037717,15.7608470695541,-41.926761892566,4.05270828742837,-0.0761645738767522,-2.1360663816729,-0.0721113310358135,13.6544030722509,-3.64362738230144,-4.17699283734759,-4.80428374429427,2024-07-15
13.937962942774,10.5446791535637,16.2238494594058,-47.557936584626,3.85655080430162,-0.787646733471874,-2.24377447714004,2.24406121846626,15.1111836047881,-3.3328522978945,-3.80563677051259,-4.1904403196544,2024-07-16
21.5901952209106,20.8584786399559,24.7137958456389,-60.3248244308467,-4.87803207400285,0.775524000428262,-1.89166469315457,1.58246568002836,13.2406644424375,-4.8233648227763,-4.30218727307053,-6.54105053554857,2024-07-17
26.3467761102925,8.57576237900025,11.1072507611139,-48.1159683615852,-3.75213779723025,3.60039233989285,-1.42404186946145,1.17594878194828,13.4057867426926,-3.98944578936236,-2.96120053445576,-3.96912276284542,2024-07-18
29.6221304319699,9.08641243333426,11.4791086913529,-70.1379359498739,-3.40507320241892,-0.735574306859039,0.0950376952478607,5.53531122179429,14.5228674510538,2.42290262391859,8.03391869388867,-6.51910578340843,2024-07-19
29.2220768680219,9.09195409295943,11.4456350692139,-71.4521442573497,-3.06741207421187,-1.24933006746719,0.139844711828892,5.82179815018105,15.2859750454779,3.56706938535695,7.65728957654859,-6.46275650055987,2024-07-22
29.6486493493747,6.94082213673063,10.1054463298715,-74.4088198277689,-6.41895228849901,-2.55591516552913,9.0261002466238,3.18252863865173,15.0041651330924,2.20491625532327,7.02051946924136,0.250539722887567,2024-07-23
32.4559279487135,6.96558968496562,10.5613715394999,-74.8807207789316,-5.69711671852638,-2.7740502618698,8.32888001569505,2.18774022247999,15.6639920502152,1.08630434227481,5.64430735278869,0.457774602695018,2024-07-24
0.471109527510961,3.89595032875566,6.01313411288349,-83.1451900262081,-2.37378814369418,-1.33895594658991,83.9305172230204,-4.98015997643646,14.1540911967121,-3.89327687597891,-6.40242430481802,-6.33100711515698,2024-07-25
1.96482619972696,8.11005696985121,8.15632952206417,-80.1875402080978,10.377982510485,2.47319498369101,50.7925489344844,-5.59317231258166,11.3263470597886,-4.91413794165499,-5.23894983233427,2.73251411457738,2024-07-26
2.67954895214245,4.94272071345917,6.73391815253814,-75.9841327079228,33.3879919825669,6.34909620619857,3.06246811251811,-5.34340567148045,12.7395858658634,-4.63778794555448,-4.80365110299586,20.8736474426668,2024-07-29
1.14134304400237,3.21131275639203,5.56663814425553,-75.1456862670015,26.8679130750039,6.57785790273403,3.61231243496693,-5.24907935160157,13.7321120106321,-4.02128760892819,-6.30918140426049,30.0157452638049,2024-07-30
2.99097130053229,4.83861422265473,7.0567812061753,-73.0806827899042,22.484001477455,5.6066801755158,7.90377587870758,-5.98981347383955,13.4012772268414,-4.24058450412224,-5.68473913615686,24.7137184161409,2024-07-31
3.59722617990717,3.92135933846578,6.19002243400939,-72.9218809368249,12.6595177454671,2.47155999810735,10.6818441774928,-5.73278203283513,14.976478621276,-2.43033599827515,-6.49561935686203,33.0826098300715,2024-08-01
6.63103169889811,9.14529947662309,10.9737887529794,-69.6036065726676,9.71612289845672,5.72208278439413,19.5003649156918,-3.60372332109966,13.430205819311,-2.39662833820906,-6.71659399211904,7.20165587774117,2024-08-02
3.09333501265293,4.60231471469156,6.84373999163088,-65.647127985874,-9.58617095203713,11.7761069703623,43.8528997804717,0.304000658916038,15.8159779629293,2.04154606605898,-3.39123796269071,-9.70538425711191,2024-08-05
5.03141758004874,4.78966888665408,7.19501978968495,-60.39652937095,-7.29941715139309,11.347629446476,34.3166397225875,0.981542564163163,15.2155109985626,0.816649249619616,-2.81820329513561,-9.17992842031794,2024-08-06
4.75354573756287,4.217806403208,6.8704852302958,-61.0480143671677,-5.4383173870056,8.63853076429094,35.6711227095919,0.948808244143564,15.776792524988,1.00367336799712,-2.59647878804269,-8.79795443986225,2024-08-07
6.4351411497246,6.18628422585098,8.28675149961281,-53.3996154656301,-6.51087958762165,10.7722590096938,26.0900865098086,2.58086414512498,16.4561200713426,-0.0605047837509005,-6.34166117425848,-10.4948455998973,2024-08-08
5.35938748830701,5.03274807151492,7.16018464316966,-51.4656407707689,-4.99098384291199,13.6569019004415,19.9525469315098,3.44566316941687,17.1930075553062,1.19825416776563,-6.12347565332457,-10.4185936604261,2024-08-09
5.15303197582917,5.15707897522212,7.2680813974586,-51.3950333075583,-4.25202416734679,13.7304199524251,19.3010435766429,2.76312039400554,16.9438337858952,1.48144359354316,-5.8506641557512,-10.3003320203655,2024-08-12
5.10021718370251,5.11276092390767,7.19514631483123,-51.9315837622739,-4.5804727066485,13.2455020561444,20.8985032999817,2.65119702903499,16.1923881055165,1.48250517623896,-5.56776907098992,-9.79839454944566,2024-08-13
5.0156880927576,5.17610271231689,7.14879568820834,-53.0350319360748,-5.10359440339184,13.6080675688023,23.4479737092134,2.10494886815458,16.3157365009621,1.47580138042461,-6.3992634023442,-9.75522477902901,2024-08-14
5.62243553570752,6.06635499364823,8.00856247830545,-54.4595722291418,-4.5077676643981,13.0776110956517,22.9468325115149,1.82516713327817,15.9770429467285,1.12802160032746,-6.49227791895326,-9.19241048266877,2024-08-15
2.39368121029686,3.81740768566715,6.47055244480239,-45.0416156511615,-9.80763862073109,11.1799268620807,24.2060781998277,1.42663003759876,15.0088272048646,0.716871116540986,-6.36870868263522,-4.00201180715135,2024-08-16
2.33568362646868,3.93446363472179,6.53792700634682,-42.9668778835008,-9.32289340319422,10.0722679962788,25.9104055110465,1.5258711409187,15.1435971664125,-0.170459057752026,-6.24020857693877,-6.7597771608079,2024-08-19
2.74610129714959,4.0400861840709,6.65542042205755,-41.9562439446962,-9.21415205893758,8.04894349384278,26.1534752595253,1.93976849670194,15.2151480856049,-0.023351185689279,-6.98832892897396,-6.61686712065594,2024-08-20
2.86594605116683,4.16838202665554,6.71578609908187,-40.8982364528066,-9.22930349571205,8.02292262623241,25.222829973938,1.99171287918688,14.8318529181308,-0.212538157504596,-6.61752917560767,-6.86182529276146,2024-08-21
2.88578708555633,4.28638322614826,6.75117458785971,-42.5330350256924,-8.17747189632272,9.25294471602123,26.5372689956773,1.62097709301227,14.0756633446923,-0.733714035073163,-6.53851059126558,-7.42746750061357,2024-08-22
3.50809415859588,4.41873252509576,6.86896978415361,-40.9573390930711,-8.05956370355687,9.3025591462633,24.5543040323094,1.71617123019359,14.5129022048261,-1.31665916834929,-6.17462361268908,-8.37354750377126,2024-08-23
4.02378598843693,4.98495846702997,7.35684632825809,-37.8110428168299,-7.55312056592254,7.67497054341715,21.3177316498527,0.971761421160878,13.6789831497737,-0.376253780296111,-5.47469954164826,-8.79392084323259,2024-08-26
4.14852361885032,4.5276878391554,7.01824293685854,-32.2713332314941,-7.1491187633214,6.53479125699188,14.711977246086,1.57082998381135,14.259764972799,0.259940190961203,-4.55536562256365,-9.05594042813452,2024-08-27
4.57951581974565,4.81083969588961,7.32170447947375,-32.4322976273973,-7.22526471942368,6.00040642983014,15.3399718609832,1.6331803006827,13.7617289864027,0.341318613059443,-4.99476604101505,-9.13633779823119,2024-08-28
4.3362935170377,5.05400365470456,7.33061611794139,-18.8690154817454,-5.65687696578759,2.72214534666161,1.84910639092821,1.77088274783549,14.3431201130506,0.680708824632191,-4.86522856178131,-8.69575570347747,2024-08-29
3.75192247948473,4.56422032131594,7.05549983327386,-25.8830273401345,-6.08468897847314,5.59777802635622,8.74288461332767,1.44865416843155,13.560877498114,0.197051259817073,-5.30297966227077,-7.64819221924261,2024-08-30
4.32260699664307,5.28345288270845,7.63045184624241,-25.5374070029556,-7.43115964638759,5.36882358541474,9.03508787013933,2.55415149375395,14.37783052183,-2.94711615520195,-3.93425162661603,-8.72247076557082,2024-09-03
4.63893752551338,5.74320583057995,7.80875678587796,-25.0175321053705,-7.53532542923654,5.13048025692141,9.16491604432408,2.30019068649628,13.9153255943927,-2.46671799165906,-4.7498898123786,-8.93234738546104,2024-09-04
4.01466757379235,5.92485398994766,7.98479410093726,-25.1240648520874,-7.53614626434288,5.2199974035305,9.24056583205758,2.31798294227988,13.940739787808,-2.44683943239925,-4.73574764125186,-8.80080344027181,2024-09-05
3.77343735064015,6.61032859305824,8.47551348507609,-23.7882786622149,-7.3406067874862,4.76166648319172,7.58204136169644,2.3888295329255,13.9992943638853,-2.8213811335451,-5.42475548511933,-8.21608910210781,2024-09-06
2.88440287603238,6.20500277565655,8.26956251205584,-15.3505047786983,-6.51363084676178,0.700013213518717,5.90394645738103,2.04042365939503,13.363817406953,-3.07244849055638,-5.53957846716942,-8.89100631780677,2024-09-09
2.94262966197682,6.0843216966496,8.1129249051522,-14.8687345689634,-6.61917375388895,0.517611332996639,5.30494618995401,2.28087129032308,13.5424821028942,-3.17676512109079,-5.12178763635308,-8.99932609965035,2024-09-10
3.06118075734669,6.12326109813333,7.85009771133566,-14.0311043720296,-6.98188040176499,0.444738710998076,5.04586243165984,2.31687923119131,13.3153082488416,-2.96403469792074,-5.22609708363253,-8.9542116341587,2024-09-11
3.23837279678578,6.13261141903125,8.0402496421204,-13.8175479026105,-7.12725216099004,0.125905569728896,5.03353216884149,2.48102610209209,13.4671099734464,-2.88499871422494,-5.56334941196759,-9.12565948225325,2024-09-12
2.94068254843306,6.56905921435195,8.18528159459557,-16.2369030132663,-7.60349562093867,0.0368638421453147,5.2719675749388,2.85597374674614,13.9304277822886,-2.8180570278832,-6.11143075110176,-7.02036989030954,2024-09-13
2.88458218566009,6.21590656855835,8.00938035713051,-16.4697044180212,-7.76324361896073,0.136979401557814,5.38403735242661,3.04706870636208,13.6352712922517,-2.8475948460683,-6.44822851736149,-5.78445446353542,2024-09-16
2.96229130720057,6.22055180939877,7.97297454328073,-15.9712121596189,-7.70107728333702,0.0179286023125638,5.21815204110107,2.86549497123666,13.6698073311387,-2.92036300904955,-6.55842569112298,-5.77612246254061,2024-09-17
2.96906718544389,6.15695956024558,7.90482744512092,-14.6414694292836,-7.3598419403824,0.234718655898707,4.35317310338848,2.67506452712604,13.695687496416,-2.86302211366749,-6.46233567373517,-6.66282881657098,2024-09-18
3.34679979272643,6.25666444155277,8.04334178086765,-14.7920169202012,-7.20346532554949,0.40449223883373,4.26588592884674,2.47973055646065,13.8564682516229,-3.27070631985335,-6.25254311831267,-7.13465130699417,2024-09-19
3.26316889297323,6.16338189632341,8.03080005653798,-15.6910850150559,-7.24169847911276,0.458477633752145,4.16227384157538,2.58592216272314,13.8166937922294,-3.26674584810028,-6.15365153613129,-6.12753739771455,2024-09-20
3.1888195863342,6.25928218891239,8.19256380982438,-15.8290190355097,-6.33295445806873,0.498754859287782,4.34339500700049,2.483991366681,13.9720747529805,-3.17398491541739,-7.18523294189505,-6.41769022012985,2024-09-23
3.20100725805607,6.32454085502367,8.27961090658,-15.4029404964965,-6.29489622404464,0.631120954170027,4.01207522941008,2.52306216409025,13.8999279879154,-3.10757039517442,-7.57477043727185,-6.49116780225809,2024-09-24
3.24490661594821,6.35155502774137,8.3620301739744,-15.0198758750389,-6.41992792652885,0.514253656996474,4.02575668773849,2.41311969066368,13.8998603502494,-3.05983569061024,-7.36674998710051,-6.94509272403354,2024-09-25
2.67256639785057,6.6802062815664,8.74986235113555,-14.516313199089,-6.29789582920054,0.351891848626779,3.77865026659883,2.61394510058801,13.8834551406527,-3.0720936847005,-7.6577084398654,-7.18656623416333,2024-09-26
2.77253488889946,6.3891505683121,8.59566547987247,-14.8798003656502,-6.32558616859294,0.803047852347954,3.30575257696399,2.87029699332197,14.0037526198069,-2.74463791062456,-7.58582869150338,-7.20434784315382,2024-09-27
2.22421557628576,6.40142598579308,8.53783777241122,-14.006264328602,-5.80329126484374,-0.119188520228165,2.53904453480336,3.0856247595715,14.0136796308086,-3.08419531774175,-7.16884769353153,-6.62004113472626,2024-09-30
2.18276728583794,6.52002577309794,8.63328470709546,-12.3499577844547,-5.28775968488818,-0.0652711603643135,2.18773049783902,2.72336234594178,13.5010173156499,-3.27537796477563,-7.78205710859605,-6.9877642223832,2024-10-01
1.94208268790661,6.15982049038449,8.25857878070811,-12.5596979337773,-5.49640569027525,-0.0884161102832119,2.88948091481627,2.7104573468788,13.6033575959913,-2.89446568244296,-7.305404447792,-7.21938795211488,2024-10-02
2.01323694430526,6.12213070507478,8.33284521852248,-7.00854110593993,-5.56478013819061,-0.750535403867082,-1.49661295290603,2.79099729729541,13.9198197302964,-2.71450699698752,-7.31768037052974,-8.32637292707341,2024-10-03
2.30992636139905,6.13834398250201,8.33043716969608,-8.09669877613301,-6.00783410436152,-0.0243822904403332,-1.52215822795903,3.0087841180286,14.0706176598559,-2.75531859510883,-7.43192616155571,-8.01979113592323,2024-10-04
2.13634085293583,6.35082698803764,8.44104782703539,-8.63596101822397,-5.47335794787032,0.865133893702704,-1.35988919498684,3.17959565304905,14.2553297527984,-4.02198518733041,-7.49317537499349,-8.243906244154,2024-10-07
1.48523155569275,6.48527699429017,8.36423527454097,-7.26681007791595,-5.48513128960629,-0.0368142747975746,-1.69438705721687,3.3384487283749,14.4556182496642,-3.66359574748774,-7.47242808772582,-8.50964426781277,2024-10-08
1.52717994809392,6.55440855903358,8.46984077346431,-7.22271555355655,-5.74525448176559,-0.258740707969739,-1.69616879723647,3.25462710400804,14.4965104836628,-3.8634869460443,-7.25546817015764,-8.26073221153231,2024-10-09
1.76468946286316,6.53591104669107,8.59516242234592,-7.26145883925826,-5.63013284300881,-0.343692128817544,-1.64067772707755,3.26528129563593,14.7639681486826,-4.79256326851328,-7.06721827246866,-8.18926929707454,2024-10-10
1.68236600758665,6.72998726368486,8.76333606853338,-8.35850177119217,-5.89204000157607,-0.563873756798785,-1.52565923437953,3.59268076114802,15.2709089465033,-5.29764291947358,-6.6835721237546,-7.7179892402815,2024-10-11
0.875643486487832,7.00631800759743,9.04978908466306,-8.25798207075272,-5.82119015667102,-0.596257750698886,-1.89613606282295,3.96962615352471,15.3035205857081,-5.34218492833708,-6.17847308750606,-8.11267326119239,2024-10-14
1.05395085732179,7.4170238888418,9.34331585946182,-9.86255571097569,-6.73852607109335,0.252566248737913,-1.96938541669663,3.18439976744762,15.5440910240848,-5.01576830472138,-5.65164122644116,-7.5574709159675,2024-10-15
1.05440414985276,7.33681601279999,9.2997332218014,-9.81085085836583,-6.76872919819798,0.227050301469713,-1.98532921185084,3.2071952679073,15.6653880398636,-5.16473294592492,-5.54288129598763,-7.51806348336751,2024-10-16
1.05964794159932,7.37955797715001,9.34554427677314,-9.80652381312704,-6.91188221108951,0.273473794396108,-1.97817005804163,3.12856584024198,15.6576439136724,-5.00788157231596,-5.42607479538653,-7.71390129387235,2024-10-17
1.11574943655532,7.31794866350366,9.14792125668924,-10.1882446392486,-6.75496047359016,0.572487352894568,-2.01133429437244,3.1445458816745,15.6586994530322,-5.14983517312766,-5.27836241650107,-7.57461504750954,2024-10-18
1.48948746316586,7.27983951190227,9.26225062529863,-10.0953118579335,-6.4335468260012,0.960842010833971,-2.01775768437865,2.83517052238804,15.5563419670947,-5.51244497769379,-5.58972137343769,-7.73514938123865,2024-10-21
1.55367783292077,7.17732491284593,9.20904642897555,-10.3029798696991,-6.24912899816404,1.56148628020888,-1.97042651347092,2.93206916696722,15.3979143049992,-5.95212922937793,-5.55249248110933,-7.80436183509627,2024-10-22
1.76936165079137,6.88898719544937,9.01811889431511,-9.36707037612721,-5.98925955162062,1.31829392729916,-2.07888015236082,2.78398615331851,15.8533101466363,-6.02453454628472,-5.40435256283821,-8.76796077857828,2024-10-23
1.896194817495,6.91924316109802,9.02702844206976,-9.3727341620158,-5.79413302595609,1.17899453924695,-2.17768388875466,2.70706792647194,15.8360782932932,-5.88922911102801,-5.73184871902963,-8.59897827289073,2024-10-24
1.83099769124095,6.80886090594687,8.89966799370559,-10.3069924152157,-5.9884442289757,2.93585457452581,-2.36533796232394,2.73484604244457,15.6968780991963,-6.05815834453704,-5.74648890434599,-8.44168345166173,2024-10-25
1.70114766205967,6.81475441349373,8.55532822410987,-10.2648958877523,-6.47932181862268,3.29376506905383,-2.37021517450013,2.78445077156671,15.8229572587389,-6.0485008800995,-5.50080642312196,-8.30866321492611,2024-10-28
1.87058602597078,7.03160529246371,8.73070849106813,-8.82696743329974,-6.30625914393921,1.60282448118918,-2.49333413349934,2.71381078058856,15.9337338276982,-6.02609832117431,-5.59619445229166,-8.63441541477431,2024-10-29
2.10289684950327,6.56987530130051,8.69711028886425,-8.78355651960464,-6.19607515403768,1.36392159729774,-2.51071885254607,2.69186697229443,15.9833895523833,-5.92476697121197,-5.59899761270069,-8.39494545154239,2024-10-30
3.07207538506277,7.05026020348006,8.85831354288635,-8.98395297543482,-6.39363790353978,0.712830893449265,-2.79078486752387,2.74224560689552,16.2034024900429,-5.7897908075859,-5.02673017132767,-9.65423139640491,2024-10-31
2.85533483884481,7.1514200657389,8.71621363798461,-10.9697381102403,-7.1056986098383,3.24324142831327,-2.80721341690546,2.58179739114263,16.6446176636371,-5.56135890282118,-4.12709588896413,-10.6215200968919,2024-11-01
2.45370515288553,7.08102904441911,8.29941736472279,-10.5057139119019,-7.05913009953023,3.30692263060574,-3.16912666543331,2.64744229721944,16.7322823310938,-4.85379996101593,-4.08498945974604,-10.848038723319,2024-11-04
2.5405529564504,6.74622275514717,8.21185556451175,-10.5940429464026,-6.87953851496909,4.6561138103471,-3.36054530332625,2.64421498918634,16.0669616999398,-4.67808087484232,-4.58136870942128,-10.772345426621,2024-11-05
1.93896883044226,5.56286214881646,6.87511664335575,-8.94316479958974,-7.49999906021389,4.28957316383821,-3.19309910614872,1.87711415695382,13.5999605827381,-2.75038233691068,-5.04631281542564,-6.71063740785595,2024-11-06
1.85504960476791,5.36058103924663,6.59704912056799,-8.97181309862785,-8.19918267725156,3.10598480278508,-3.14443242857467,2.28643918352073,14.1654378660056,-2.58866701763345,-3.93363563661777,-6.5328107581886,2024-11-07
1.4833885734475,5.18259207351144,6.46777878871058,-9.11797270707583,-7.58524661303544,3.50455300437665,-3.07457320571935,2.2956696034443,14.0579975169933,-2.59295672336807,-4.1110378028018,-6.51019250848335,2024-11-08
1.84110772236582,4.5627879351124,6.17268873243512,-8.09410509217714,-7.87330273836175,2.78231438160828,-3.16133434588992,1.24124241376879,12.612251977211,-1.24902292646875,-3.26425390115257,-5.57037415845129,2024-11-11
1.65487953188438,4.57320144947769,6.04429260536398,-7.03998149985044,-5.64096280841922,2.60047386263963,-3.4964319223083,0.509601740382621,11.7753957967927,-1.62928027139769,-3.33106729604916,-6.02012118851623,2024-11-12
1.56456209237778,4.89709221811776,6.29247161555435,-6.87772209792099,-5.66680322375199,2.63817347767935,-3.336344926899,-0.532065710101762,12.0208863312319,-1.60309882855124,-3.264610741635,-6.13254020610112,2024-11-13
1.65636192899167,4.73629936710536,6.07493707068278,-7.18126081368434,-5.84651471412815,2.9730146861709,-3.46259874671781,-0.216999521554627,11.9843362311903,-1.61950262242741,-2.94862104526236,-6.14945182036625,2024-11-14
1.25663357367954,5.28965632966799,6.60341457080398,-7.92814639152929,-5.61166543303798,2.73932955903166,-3.42873468623682,-0.654392898420966,12.2264994797467,-1.37301054687426,-2.89530304868475,-6.2242805081458,2024-11-15
1.11120631398357,5.08682189722641,6.37048553447008,-4.81737069929182,-5.09006674287393,-0.445544128643688,-3.44897805771515,-1.25367434151703,12.4647708715626,-1.13119880941652,-2.65517476736652,-6.191277070418,2024-11-18
1.56963777988972,5.16331389968197,6.71730565474461,-4.05612299528661,-6.6331218601068,-1.65430955879668,-3.62656979260041,-2.73206506393871,13.5342016795921,-0.849218673704613,-1.22884296299303,-6.20420810648156,2024-11-25
1.4580032909417,4.83112663472747,6.81076480672181,-3.01438573325755,-5.74182966788191,-1.76030112642469,-3.53178127248894,-2.52744122158867,13.1799964230281,-1.94662446855613,-1.58916302213548,-6.16836464308572,2024-11-26
0.0817321201583923,4.76303250542225,6.96561415151301,-2.99377683144276,-5.71026347532421,-1.94683387640461,-3.47162362488948,-2.52777142449039,13.4426151921035,-1.96692561417097,-0.562763607243838,-6.07303551523087,2024-11-27
0.211367231478761,4.91316255490105,7.02280948656792,-3.4121686500766,-6.93135788127172,-2.34578181751839,-3.48629329111469,-2.88427334609737,14.0970667194844,-0.903279764918139,-0.25518434648329,-6.02606689495189,2024-11-29
0.369194119831519,5.03162774816875,7.01303886704649,-3.43895517186936,-6.92736603948363,-2.41122367307067,-3.61139801871784,-4.45027815631835,14.1125665966223,0.302051997055202,-0.135724987267267,-5.85353328199713,2024-12-02
0.541569948697372,4.6881270740103,7.101269992383,-2.97757454720391,-6.40703350584812,-2.37050290120834,-3.57419660645192,-4.31999613929117,13.8774074094479,-0.228273282906407,-0.422325243739486,-5.90847219788925,2024-12-03
0.590715780418122,4.43652336550367,7.04891632784876,-2.8650895935634,-6.3272716615405,-1.82538823242099,-3.46322554530603,-4.48384901852834,13.6889557377345,-0.397649662724824,-0.362404947801458,-6.04023254961949,2024-12-04
0.414035385464359,4.48369463507026,7.07243057881094,-2.80793908592023,-6.11454976152807,-1.88558421357474,-2.99408254305325,-4.49002797998885,13.5128994724143,-0.676709696719115,-0.490885517339549,-6.02328127363607,2024-12-05
0.343212961010067,4.31533390815746,6.68390540533817,-3.64090480918648,-6.27625407190776,-2.76782466420137,-1.74761066492469,-4.61565931230525,13.5317928118107,0.0906934143375295,0.629956945938062,-6.54664192406642,2024-12-06
0.256754530601782,4.02294776847499,6.38056842669533,-3.93831665304916,-4.17263234845638,-2.80388281928305,-1.67418427180185,-5.25879689134346,13.3497912085485,-0.353644576218691,0.509778273774515,-6.31838264794256,2024-12-09
0.155926342910391,3.91980257883353,6.04432901981458,-4.23113293797746,-4.30076007070547,-2.72073143529404,-1.70214200668702,-5.01815715913771,14.1535012248963,0.0663460074275619,-0.00362630170775446,-6.36335526237295,2024-12-10
1.45960733855371,4.07638254591582,6.21334993171067,-4.4177528664117,-4.58774194053092,-2.14254807363202,-2.00480115682707,-4.6493869946799,13.6455577821638,-0.407392939239436,-0.373615131211693,-6.81165849581131,2024-12-11
1.56555671924055,4.21540806523348,6.34220160108005,-4.17143315546674,-3.16998281610306,-2.27024090248333,-2.0780379079599,-4.79493046157788,13.8707035402855,-0.216247859766618,-2.58602406377072,-6.70697275871138,2024-12-12
1.54911831660667,3.96090831191151,6.11016341281962,-3.95695277268547,-3.21527665216634,-2.70109083583093,-1.66404854485052,-4.7295567005607,13.8830967827913,-0.62687531798926,-2.70809296790632,-5.9013930321395,2024-12-13
1.45620900872126,3.89633857091518,6.05262443138059,-3.53531420963088,-3.2700828264705,-2.76541201030519,-1.64767204444285,-4.56578434597684,14.3982303113181,-1.89135910868333,-2.31755497872017,-5.81022279810539,2024-12-16
1.81858062877346,4.1499218018746,6.24957885856107,-3.54239255218036,-3.30898705443857,-2.70899386118764,-1.809366271331,-4.79332295281624,14.4273943169209,-2.1633878380271,-2.42469736947408,-5.89432770667505,2024-12-17
2.77585369895422,4.20812834842221,5.56668923841764,-3.47912660796128,-2.71150381617732,-2.60352972648759,-1.94325208439544,-4.72095211448887,14.8151856433627,-2.35447227657667,-2.91984554173624,-6.63317476133337,2024-12-18
1.47290716840077,4.71046822995648,5.79214236099862,-3.40099635357411,-3.71589929030669,-2.65166458493866,-1.82831115694038,-4.63997871889033,15.1953965396241,-1.7064484331431,-2.7696017003868,-6.45801406079993,2024-12-19
1.61438252866692,4.75838130866694,5.80756168394018,-3.2116593107917,-2.93485511230731,-2.60828943233498,-1.68415077259422,-5.06145037736639,14.8631640863719,-2.21180732639385,-2.8629396647837,-6.46833761107374,2024-12-20
1.84547386351765,4.8356018950315,5.82636729377971,-3.15740489559823,-2.41747644775917,-2.18713838227098,-1.69655381484034,-6.21880535822322,14.4179326989015,-1.4854252591642,-3.40444725615791,-6.35812433721635,2024-12-23
1.986342785991,4.86298139496317,5.85647948518366,-3.3207667709254,-2.46208793622873,-2.0510323441188,-1.71679051259359,-6.43933047263337,14.5046023597218,-1.39027642668025,-3.5835669650025,-6.24655459767702,2024-12-24
1.78615986256203,4.65937074303449,5.84322887296132,-3.41004437475606,-2.40048012961471,-0.494333763054391,-1.34110738326793,-6.39826342401695,14.3314265556875,-2.14586446294032,-4.17066839201155,-6.25942410458343,2024-12-26
1.71620913644442,4.66237670082775,5.79990909426225,-3.77789709817073,-2.70019381197984,0.043262320103473,-1.27265176567227,-6.29058301366313,14.2335091251721,-2.04383496165816,-3.96741560253343,-6.4026901231324,2024-12-27
1.89826448439761,4.94092608138718,6.04963269130597,-3.86041035905545,-2.79990630499372,-0.0493323482976638,-1.02783775193172,-6.16590086017905,14.0170221457096,-2.09870138234898,-4.09249382765088,-6.81126256834286,2024-12-30
1.72677117751006,4.72954006015577,5.85264211835101,-3.17196683291223,-2.80776619117657,-0.11268529419998,-1.38477836039521,-6.28229021067476,13.9938019951938,-2.10348173203928,-3.95225049619908,-6.4875362336135,2024-12-31
1.47413340470581,4.61780713262719,6.08199129263902,-3.16089343612305,-2.84195599024259,-0.14007761763495,-1.54907984655913,-5.78811956162713,13.971975149163,-2.26808573351511,-3.84683403566257,-6.55086075777054,2025-01-02
1.46646804642376,4.4287762629031,5.83925703294406,-2.86857137316682,-2.58384049322115,-0.69779284260966,-1.47167644882327,-6.10946657460673,14.0866789593333,-2.14502747861547,-3.75649172157956,-6.18831336898154,2025-01-03
1.62103492995963,4.3973191294713,5.80585574617095,-2.81376687243767,-2.67781363878573,-0.662356004055766,-1.45669047937752,-5.99715404583866,14.2408997798216,-2.16471247189791,-4.23844302805496,-6.05417304497523,2025-01-06
1.81628182297658,3.5002379627286,5.6695673674521,-2.87273749364559,-2.32173015772997,-0.873437609066593,-1.14153361076517,-5.99554349675337,14.2674057858069,-2.12808300265582,-4.03067925045799,-5.8897483178897,2025-01-07
1.64547350370772,3.57277280101508,5.67924238923604,-3.03949096629149,-2.19429667125963,-0.832852716244213,-1.28408380097009,-5.88742958957821,14.2251644381056,-2.08691908827578,-3.90559341887445,-5.89198688057057,2025-01-08
1.06639706267028,3.09018749054265,4.9352688167194,-3.2880245914861,-1.82290013192539,1.0817897008955,-1.30114654369954,-5.90193795387,14.4060858068685,-3.06768315603707,-3.62454575939739,-5.57349074128087,2025-01-10
1.22069382005678,2.90833294542479,5.35847507234826,-1.9733443995602,-1.97088799376759,-1.28381598149434,-0.910051599400274,-5.79561691765761,14.7137471120792,-2.614985592594,-4.07666603682338,-5.57588042861167,2025-01-13
0.949013634750855,2.99109024662557,5.43228253746996,-1.97106080452573,-1.95826927486002,-1.28540261963483,-0.959632714715791,-5.74654888408266,14.7261920893322,-2.53682869609223,-4.0545544316151,-5.5862810826522,2025-01-14
1.68325168938568,2.52714499783481,5.10518592478304,-2.57795245474017,-1.9480671563071,-1.11023685325302,-1.38796719436592,-5.77727676144039,15.4917546704767,-2.1484799529282,-3.8495255458297,-6.00783136361576,2025-01-15
1.54284246321846,2.51275496323355,5.13883014894972,-2.15350555864832,-2.25055257643752,-1.25640792356654,0.135497165653503,-5.70649176712053,14.8623029441786,-2.51383676954084,-4.23909542724456,-6.07233766267555,2025-01-16
1.72778975904374,2.42035330815496,4.91770940595997,-4.39312850804089,-2.04489710673869,-1.28386115128285,2.61041512328755,-5.55815276397944,14.652726760075,-2.9276534329021,-4.17727313616691,-5.94402825741031,2025-01-17
2.13831011742485,2.83111546400754,5.23243084892299,-4.2939917170974,-2.89655576386217,-1.44059534188569,2.75924104517567,-4.96196074781799,14.6267458274211,-2.66181914858438,-5.3492167834499,-5.98370380025464,2025-01-21
0.897956353066505,3.10491070932075,5.50477263055092,-5.27832040288966,-3.16908580468913,-1.45732860537893,4.01290376518019,-4.86950827857272,15.0069367443758,-2.23252940396942,-5.3329599640136,-6.18774774298074,2025-01-22
0.917808053158026,3.14595811217724,5.54593684063842,-5.22096083771871,-3.45536751715174,-1.45219514594719,3.96782410660949,-4.72859512633517,14.8580710575797,-2.14999652127108,-5.34129370524317,-6.08718931649582,2025-01-23
0.829067076558403,3.05736901383816,5.48491613710384,-5.44199347467724,-3.46973910438246,-1.48959493951485,4.0916454526534,-4.82997658701446,15.0841714818748,-2.0082064624696,-5.37448778457027,-5.93317080939973,2025-01-24
1.59288056175315,4.63792238472017,7.05880256043262,-5.02258446880727,-3.73109103222591,-1.66645000619141,3.32921524557878,-5.25941044809924,13.3835390034948,-1.59173549249282,-5.4466117695494,-7.28447653861349,2025-01-27
0.596752330180763,4.6350091431438,7.82252139028466,-5.3121538253794,-4.0010936838081,-1.66190876354033,3.39387869371427,-5.01582801608263,13.4753135611764,-1.1307725731584,-5.49936363917344,-7.30235461735765,2025-01-28
0.427910603460916,4.68690889673718,7.84305883815215,-4.38972355537257,-3.85473857178204,-1.60239856202404,2.51114302575704,-5.27756988333145,13.5233758934243,-1.11624935872018,-5.51508098432574,-7.23663634197555,2025-01-29
-1.21716594988655,5.24932139276929,8.49167823404831,-4.60475520304115,-3.90113459709525,-1.63468773047176,2.50130212226316,-5.13079157492041,13.9151199454993,-1.08691367501976,-5.30991016311174,-7.27206280103345,2025-01-30
-1.13192750426717,5.36782140532766,8.56088968383102,-4.37183967578761,-3.45924802109146,-1.61977874772707,2.48926061367152,-5.62489045016907,13.7865054095047,-0.987960077290715,-5.74196867855262,-7.26686395744914,2025-01-31
-1.53070392311629,5.07376856265131,8.69215243758924,-11.6609394356178,-5.62699277766827,-2.10336869647821,1.55515199356888,-8.05677208487337,19.191610231772,3.73992366972742,-1.53046394733736,-7.74336603021749,2025-02-03
-1.45606169076152,5.17293452069806,8.7022395662963,-2.27067790802131,-2.3075334210991,-2.06344580721637,-5.70224659442631,-8.11993297212504,16.2374568311057,2.22341942545737,-2.88954170865041,-7.52661024125743,2025-02-04
-1.37687370802957,5.04376122050869,8.27392620181466,-2.27179180260645,-1.28601436800118,-2.03290563548597,-5.50486079844377,-8.25026675316545,15.950364746305,2.12236715179043,-3.2216825175116,-7.4460237371748,2025-02-05
-1.47128759387613,5.11868440714414,8.32257392849128,-2.29212672965242,-1.31238470436316,-2.02883434903896,-5.46626086422371,-8.2749908395859,15.9291959246584,2.24764632409368,-3.33188577148758,-7.44032973215968,2025-02-06
-1.47571420178738,5.15328851082336,8.31756619664776,-2.12974884540102,-1.3936602845644,-1.99455662120555,-5.42442302269435,-8.35482192359081,15.9602211000493,2.04339185197276,-3.2575347893893,-7.4440079708604,2025-02-07
-1.23979813176795,5.01827569742805,8.54523844929602,-2.19660857705228,-1.31954185975814,-2.0034823630461,-5.4493826944259,-8.47334734811277,15.9847285688325,2.16848194151436,-3.19512523989684,-7.83943844301097,2025-02-10
-1.17500182150775,4.99380485709661,8.50505320588258,-1.84262226643783,-1.28674699630828,-2.0411497227946,-5.31283248555234,-8.40272921636281,15.8588535369361,1.92335173896322,-3.26301817246102,-7.95696265745393,2025-02-11
-1.20680038626838,5.05808705059825,8.25236521051801,-1.32839120791612,-1.67944840060065,-2.04106238206903,-5.57465976126265,-8.17994015100727,15.6687068424859,2.15121073938506,-3.15180601145751,-7.9682615424056,2025-02-12
-1.12920676075694,5.10777162596155,8.31811030272473,-2.00717788820128,-1.73454736519692,-2.01590803884783,-5.58162784220946,-8.12065205662116,15.6462042966435,2.47697569503727,-2.93234040499611,-8.02760156353738,2025-02-13
-1.33478261574368,4.97792537570631,8.16394732050043,-1.59412823671865,-1.51589414180425,-2.0189066474713,-4.54779203083904,-8.15106559569639,15.0185775561405,2.1642359461713,-2.94868366431742,-8.21343326592781,2025-02-14
-1.59253928756968,5.01145811713714,8.26989010098471,-2.38622537830836,-1.11767094182721,-1.95830947892889,-4.35041974523967,-8.20158616633148,14.899908143551,2.12417039734586,-2.92825467834634,-7.77042108246704,2025-02-18
-1.67767164743913,4.40639154736834,7.88073854508781,-3.62468389524457,-1.30364262231668,-2.07133200622784,1.59028742467332,-8.14209107677237,13.4052229983737,1.42347080754458,-3.95376781230672,-7.93292226274038,2025-02-19
-2.65043460266541,4.63384401470461,8.16775355198189,-2.2148270062406,-1.14628181998883,-1.86558946079467,-0.483751419409412,-8.0187141406548,13.5060372676184,1.33954648424675,-3.72573372270974,-7.54184914608814,2025-02-20
-1.56680765735886,4.92740829927408,8.99939793304863,-2.01122051744122,-0.983006600217994,-1.7881142874527,-2.72816374019214,-8.12074030867509,12.8385895642436,1.59670821052161,-3.37323930547235,-7.79081159027758,2025-02-21
-1.51625650928757,4.82380044682635,8.95968084958656,-1.66795976413366,-0.798756933985029,-1.7063337713052,-2.53493490757374,-7.84908400393441,12.2211654976358,1.08472368404671,-3.33315142193344,-7.68289316594239,2025-02-24
-1.12586449666101,5.27769710881175,9.5232745853028,-1.57081348071538,-0.331682666592648,-1.79828387671688,-2.50043168412761,-7.6147553440443,11.8448235260574,0.0638796428901713,-3.5426198425779,-8.22522347162636,2025-02-25
-1.36396259731487,5.44561514329759,9.69709502724675,-1.64142467337267,-0.576024698376008,-1.87054547835436,-2.33253868651357,-7.59181366266726,11.4894374932379,0.169665983684695,-3.36380297683981,-8.06170087402839,2025-02-26
0.358119519578594,6.46901666054426,11.2321387259854,-1.87778425568344,-0.935961520727469,-2.17103789260638,-3.79274280400971,-8.00227496971674,11.6865773662867,0.181185691252651,-3.92107914538349,-9.22615737552028,2025-02-27
0.0994694659580944,6.88523707182922,11.4563198419133,-2.09001276499004,-1.74908259942702,-2.15643249829179,-3.41340956321277,-7.9780768029084,11.5533548095433,0.270281954816895,-3.8921613604244,-8.98548755480632,2025-02-28
0.110403925403645,6.98059400731576,11.6463444898727,-1.57362146321291,-2.02141280146181,-2.45884842943337,-3.75909911416344,-9.52794583787902,11.9196623297398,0.450610336468841,-3.5061029293844,-8.2605845132658,2025-03-03
-0.253091773913155,6.82445016508244,11.66435995828,-1.47447979459869,-1.35648360513297,-3.02324219553541,-3.64973430938241,-9.01146617114809,12.2327338876648,0.135709559364599,-3.61349638406082,-8.47525933662033,2025-03-04
-0.457223726063532,6.89349044415141,11.5912723322834,-1.34535223856557,-2.17906476574095,-1.70646066837509,-3.36725500512336,-8.96305364559909,11.9399014965189,-0.0197761878890219,-3.78598057568705,-8.60049745991006,2025-03-05
-0.364361299599508,7.11278328047652,11.31521193067,-1.28816327662268,-2.0502766586585,-1.59401268282437,-2.12459600847889,-9.3636129820368,11.5062014774958,-0.139778622709599,-3.80961911854747,-9.19977603916448,2025-03-06
0.508547398768371,7.05131616980015,11.3623040445319,-2.08417702890944,-1.99812713448101,-1.60894301538516,-1.84536729175126,-9.51473368093516,11.4494452322267,-0.214446762311383,-3.89879450336585,-9.2070234281879,2025-03-07
2.08859784449108,7.33893622238026,11.1602779174337,-1.61165821294946,-3.47504635177332,-1.69757568100217,-1.92985732890181,-7.81071604370512,11.6249955986088,0.247145496292177,-5.34062499298405,-10.5944744678901,2025-03-10
2.52452181529185,6.51130766574313,11.0046126582146,-1.59183901445842,-3.93784738520187,-1.75668808025073,-1.92580331798599,-7.75378679987086,12.2689106474889,0.673583731254936,-5.4731938632365,-10.543778056989,2025-03-11
2.82771954689608,6.49888962000615,11.4387531263461,-1.25664749305633,-4.32116149010519,-1.99176802119561,-1.96168629549592,-7.49038804318106,12.2186137669798,0.450023352824687,-5.72916014534084,-10.6831879246778,2025-03-12
1.83330193452865,6.29202345697392,11.0041521865472,-1.79148818849228,-3.87823307154055,-1.78571158291803,-2.12943012768623,-7.28792493178036,12.2816397326382,0.0752933538203848,-5.24064335285192,-9.37297940923907,2025-03-13
3.85196195065167,7.13177348545283,11.92036380719,-2.89429404664739,-4.39795921930279,-3.0469145592189,-2.4062241668718,-6.79897211034692,11.7986912042903,-0.482649234542492,-5.11263993304736,-9.56313717760722,2025-03-14
4.01651722916574,7.38124548208481,12.0316203478685,-3.04319835048168,-4.51728103081084,-3.16629131675825,-2.48995523246705,-6.95693006272528,11.926257025185,-0.575955607027524,-5.05349538546392,-9.55253309856951,2025-03-17
4.05434808530832,7.44425219334748,12.0961662747846,-3.13500456139982,-4.6376665763332,-3.41533533648078,-2.33616935033138,-6.80504403343038,11.7267141272177,-0.825443467275605,-4.90158471925729,-9.26523263614966,2025-03-18
4.0296383944322,6.95626509699775,11.679100701649,-2.30979245883891,-4.36843033071341,-3.33499474178485,-2.62734923743014,-6.78579516350145,11.6739755528442,-0.457870248415404,-4.97761776769347,-9.47712979754546,2025-03-19
3.93717834040156,6.94109400605382,11.5617456788383,-2.30942474767739,-4.4510561738345,-3.03638620439613,-2.63994551008077,-6.75768277937092,11.7957110598657,-0.50787806088222,-5.00910608416016,-9.52424952475728,2025-03-20
3.7757148295685,7.17184537710894,11.7245979982068,-2.53412388913952,-4.37010611680959,-3.13723687028043,-2.51411752386805,-6.61246776405868,11.65933641132,-0.524920818510964,-5.02110650812536,-9.61741512541165,2025-03-21
4.48933169631329,7.68343030047389,11.9669234433218,-3.04833988152729,-4.39252915520388,-4.64547717094501,-2.57349601100647,-6.09518947399091,11.7452918361939,-0.795333956626806,-4.73064535365071,-9.60396627335187,2025-03-24
4.40204647456535,7.58792320710424,11.8166863943746,-3.42110804581724,-4.49187260620855,-4.13255917340704,-2.6068839866571,-6.06668263251422,11.8813300946588,-0.730644761360693,-4.65025950419219,-9.58797546054603,2025-03-25
3.62712358228104,7.12754219310436,11.067685465818,-3.34782582277704,-3.72128860220223,-2.42245460793282,-2.47284050871906,-6.39728254259282,11.8005162237512,-0.832416724568958,-4.65974808957542,-9.76901056658619,2025-03-26
3.73951206329978,6.97122298563048,10.8807643275119,-3.45563483698803,-3.81058438185921,-2.53882317929012,-2.30617071012373,-6.31931147872648,11.9789835505562,-0.696673815493384,-4.8568121483649,-9.58647237615242,2025-03-27
4.30952696866609,7.27653140785915,10.7307372462637,-4.72280211250271,-5.25158919791791,-2.67016922804391,-1.14007973562557,-5.8248302500528,11.7239882899471,-0.560907274004535,-5.10172689563291,-8.76867921895565,2025-03-28
3.56265647052778,6.67029827607483,10.3617455378842,-3.26694143030302,-5.67275277797743,-2.87506101930496,-1.59761136271179,-5.74329884124563,11.715589644229,-0.646556678146439,-4.62103607742591,-7.88703174160063,2025-03-31
3.55233334495551,6.40966950545707,10.2043239980906,-3.39804336298555,-5.17720274575749,-2.8511933047529,-1.18825356038636,-5.68878145739569,11.4428067563392,-0.845814357349809,-4.78618600432853,-7.6736588118861,2025-04-01
3.26738910418339,6.39620170813312,10.226847974711,-3.49646450750718,-5.08686287403721,-2.83614703180366,-0.995892574892695,-5.46266049529824,11.3343544389747,-0.87517798226628,-4.83025446085016,-7.64133329934671,2025-04-02
5.23178853075581,8.14468768694739,11.644761569997,-4.82705563783472,-6.55467818016368,-2.61527912278762,-1.2982787205907,-6.08371513015523,10.3973863453387,-0.862978663444679,-4.83553997461561,-8.34109870344666,2025-04-03
7.20612365872813,10.5132094737949,13.516664635472,-7.75153057372204,-6.67043153120052,-2.0828837766298,-1.28697345055512,-6.44242622524881,10.3407702442161,-0.871565797144385,-4.97502097907351,-11.4959356786369,2025-04-04
5.84963736445624,9.92320628748425,12.5731927766345,-7.97273187817129,-5.37813276871098,-2.15819200055658,-1.40068843089481,-6.08652311615967,10.9475189090058,-0.234299457941816,-4.5711719658692,-11.4918157192764,2025-04-07
5.28631297371416,9.96695095342555,12.4395663675633,-6.79757076712838,-6.58776780949615,-2.18779699741566,-1.3221158210083,-5.82319513028308,10.9339137909643,0.104669560811033,-4.6824327860605,-11.3305343350863,2025-04-08
6.33131107508825,10.6234508894518,13.3406928352123,-5.80639564981469,-7.81942487538771,-2.64557672317679,-1.62725599685537,-4.91613719767749,11.9360442564264,0.298830411061559,-4.86271366905788,-14.8528253552703,2025-04-09
5.25959638412411,7.58306894609139,10.3631642748629,-6.05927486049266,-1.8381182655305,-0.661394004266571,-1.5153370713923,-5.63969729514164,11.3746825402367,-0.693144584373087,-5.0716310084057,-13.1019150557127,2025-04-10
7.42040326913076,9.41569365625024,12.0658453725147,-10.0843726054517,-2.5307768961683,-0.786848426800382,-2.05340604645339,-5.09056114150379,11.5209719418008,-0.683980633900958,-5.14128148595936,-14.0516870034586,2025-04-11
7.48410507433326,9.41294781166614,12.1094168298577,-9.52707736211343,-3.4551653915918,-1.11201591907172,-2.1334722708545,-4.93514911780907,11.5327396061,-0.58658276860794,-5.1448187195817,-13.644927772327,2025-04-14
7.37939487902734,9.46939232289559,12.0670763850844,-9.6613070247765,-3.49732590366009,-1.06956624660536,-2.07554701726664,-4.89430370292404,11.5829207358352,-0.568654804293743,-5.11443635299484,-13.6176432703213,2025-04-15
6.46018830987576,8.8289303064448,10.9274327880665,-9.92848959160759,-4.12766630884624,-1.02909857617837,-1.68771778119477,-4.8505805274121,11.7536467291851,-0.37811068588401,-4.96145301379474,-11.0070816486543,2025-04-16
7.1421570455295,9.43347421561323,11.5181136532794,-12.1517719018523,-3.82860440488337,-1.05285722131334,-1.55939728604325,-4.93823678527939,11.7753162791982,-0.362315666895725,-4.99873529604139,-10.9771426313116,2025-04-17
5.85252221157536,8.78840767111865,10.2558478888547,-13.1571716374067,-2.64026541580384,-1.02104882587784,-1.23005619492503,-4.91379820911714,11.9937175338123,-0.203412356339356,-4.88691456937278,-8.83782809651832,2025-04-21
5.3892330408833,8.22998069623665,9.64915391736892,-12.0639431371193,-2.73204711440951,-0.830535557225804,-1.25753032806349,-5.15148249426122,11.5850625473392,-0.159443536255139,-4.92358433751747,-7.73486369697614,2025-04-22
5.32733667889036,7.84465362878686,9.0751844880801,-13.6400121261329,-2.66057655012919,-0.854899327046837,-0.48843041943472,-5.37271537048786,11.7817121948743,0.0026405519750341,-4.68156589685474,-6.33332785252034,2025-04-23
6.07848450129238,8.65138809782245,9.72269220583455,-14.5187522929911,-2.83779123613119,-1.01063112586907,-0.363554272026612,-5.01043051920623,11.5367066655578,-0.522527294851059,-4.47131323266262,-7.25427149676922,2025-04-24
4.0855649777567,6.92802697049305,8.16347574823436,-11.0198847264313,-2.47462051367702,-0.98644858080748,-0.319606940130825,-4.92915908833699,11.8248680003034,-0.482664294321935,-4.74865584184672,-6.04089571123514,2025-04-25
4.38831191835268,7.03482139268847,8.30769956624842,-11.1986003275013,-2.92349163412972,-0.975043293833166,-0.480564001327052,-4.85242841557128,11.7464353608404,-0.781907625668865,-4.69224699259858,-5.57298594749998,2025-04-28
4.14112843374595,7.03242927569609,8.1945379668329,-10.4008919154048,-2.99928562254305,-0.995866380698622,-0.426057508115557,-4.76036217108646,11.8287464742537,-1.12187501103382,-4.65584128897741,-5.83666225266886,2025-04-29
4.13702019663685,6.96865637651435,8.17043150925306,-10.5523111927185,-2.73132155986847,-0.987848124734227,-0.344100618176357,-4.75933156811372,11.8522288968386,-1.14687536044447,-4.65192029848102,-5.95462825670613,2025-04-30
4.38052056528787,6.54948398406407,8.04816210806072,-10.8369536080273,-2.32078594917235,-1.16047856068417,-0.638210702168688,-4.72881212054926,11.7477530850092,-1.20189484080264,-4.4281969623712,-5.41058699864631,2025-05-01
4.20591390537267,6.82294252359962,8.18227685439466,-10.8085935461018,-2.39499526514171,-1.30493743950863,-0.331108820729712,-4.83690993674242,11.6761744508672,-1.23521137518919,-4.38531937755712,-5.59023197326351,2025-05-02
4.3216766238388,6.79515661359834,8.17615006474006,-11.0078544403343,-1.76125047945775,-1.17145725573526,-0.429953053827909,-4.99551284056066,11.7855703205835,-0.979376080031315,-4.68273051819986,-6.05041895461364,2025-05-05
4.16225421012544,6.47051620605718,7.92103598837807,-10.3894497413347,-1.49144584798539,-1.18484154802103,-0.206454587382689,-5.18816023035468,11.7588081345261,-0.994006994773443,-4.71373995778299,-6.14451563145189,2025-05-06
4.16630220829965,6.15176640638646,7.55693898077907,-10.4095012273988,-1.44116146453976,-1.1513237407387,-0.430975582874662,-5.12962310579641,11.8845266360621,-0.93392674698373,-4.91805180754718,-5.3449705556481,2025-05-07
3.39359611011643,5.54760116715643,7.10831765244463,-10.4748381373877,-1.93279402716885,-1.04106481163977,0.580236865287919,-4.7841368102709,11.1361666684065,-0.913258471326671,-3.85141409438138,-4.76841211123667,2025-05-08
3.0880819175071,5.75203146466256,7.2809957733494,-9.18396281648906,-2.00624385513877,-1.076658413018,0.479448332356843,-5.20111053352952,10.4902429664346,-1.04972542054017,-3.81825260666285,-4.75484680893209,2025-05-09
4.3807076937083,6.21674412359515,7.73283027918276,-10.2961964681459,-2.62237316183808,-1.34946252122438,-0.0490628415325549,-6.98950699945427,11.0082513727291,0.230388484387177,-3.4466708467604,-4.81564911464701,2025-05-12
4.31154728572344,5.96636571149412,7.69958482215536,-10.0347608606009,-2.45249582850617,-1.26674623703333,-0.138004262267752,-7.14300758314435,10.9778654573634,-0.0166850146029134,-3.18258763586962,-4.72107585471128,2025-05-13
4.60997927208996,6.08583504399897,7.91747668608781,-11.4994467926568,-2.3332347376142,-1.2774685040986,0.00725614929604657,-6.92539451830101,11.2700903035529,-0.763079003707901,-3.01226818671414,-4.07974571193299,2025-05-14
4.82881056691055,6.15930164130938,7.95369406397505,-11.6883292648827,-1.68631894453967,-1.33915914642893,-0.148630306419712,-7.08562763971985,11.3236926812796,-0.527890022020486,-2.8622334906745,-4.9273101387887,2025-05-15
4.85017426575621,6.18814596329969,7.92833368326889,-12.1256270596578,-1.42405137805472,-1.30459769672502,0.0371355868082945,-7.089926931425,11.4068041280552,-0.656782869154696,-2.89980254517955,-4.90980514699144,2025-05-16
5.02941248667464,6.11500238453604,7.94648644596937,-12.1445497567149,-1.44052356206966,-1.32773506700734,0.0732367811601771,-6.97512186335408,11.5237714304942,-0.598160104527253,-3.40742257831141,-4.79439659684988,2025-05-19
4.97537507589054,6.12734535280372,7.9582274615713,-12.1122585880847,-1.43027534142017,-1.33582324608062,0.126215834761656,-6.91606120629238,11.5308882412814,-0.556666356315418,-3.61868451343753,-4.74828271467784,2025-05-20
4.99480573539371,5.89356925826766,7.75360236365398,-11.9378385711615,-0.810789336915434,-1.32599947366497,0.0327076600885685,-6.91839017466059,11.7521520203781,-0.52245615304254,-3.8710419211062,-5.04032140723074,2025-05-21
5.00037138367966,5.71507285400578,7.77439361529029,-11.905939892527,-0.899925550541965,-1.30345493367061,0.00979418294523615,-6.98043480215806,11.809634132403,-0.404487260542339,-3.80322426098095,-5.01179946790303,2025-05-22
4.8008768053502,6.01938326563571,7.91670608838506,-11.5536759193179,-1.20895369832527,-1.36470002063383,0.0427542908759024,-7.07734202222251,11.8196488269512,0.282645199911613,-4.85396621815116,-4.82337659845904,2025-05-23
4.72886683179193,5.63738073095453,7.52386500416922,-10.4082285308256,-0.790824612929624,-1.33353027031454,0.265908247925326,-7.74717284266274,11.9055090063626,0.29238714415969,-4.85542060088564,-5.21874010774523,2025-05-27
4.84284535135838,5.76444689909404,7.43600560604432,-10.6366005829969,-0.892794638688422,-1.32261708027651,0.245593250750842,-7.60894653899939,12.1746656092583,-0.101944134483844,-4.79325045999921,-5.10740328106156,2025-05-28
4.87433765819394,5.7916981042643,7.41073117059079,-10.8884190979016,-0.946524724783899,-1.32313239911904,0.229053066770794,-7.49153477360711,12.1967614042192,0.0916925625853082,-4.75269324926634,-5.19196972194627,2025-05-29
4.47329773770184,5.97077814698689,7.64445759021334,-10.7786124522293,-1.12346435423026,-1.30508236433577,0.157721113459156,-7.36512179640638,12.2419959724234,0.269897522485564,-5.07456173496237,-5.11130538110609,2025-05-30
4.43196015422407,6.11553509655181,7.73142946601618,-10.926595370639,-1.8837122899095,-1.3073362367206,0.106331663098296,-7.1702838428512,12.1357177399103,0.226648776860117,-5.15136952027753,-4.30832563626286,2025-06-02
4.46153399807265,6.13710216637043,7.81283577955477,-10.8700366553392,-2.08076060516188,-1.26539154597369,0.0660401194271807,-7.26378718261321,11.8316607243697,0.453834123353531,-4.93979710906657,-4.3432338129936,2025-06-03
4.56016167113546,6.21255346477962,7.86538037636927,-11.2882706903488,-1.88127825442116,-1.25035878115487,0.0804571557800213,-7.16639475406112,11.7808688415332,0.422788304980656,-4.83435959628398,-4.50154773830831,2025-06-04
4.44210356477662,5.97375062724498,7.65738324614105,-11.2069549483615,-1.22050950082521,-1.22195656857426,0.111590631790121,-7.11226111882376,11.6073328394148,0.422302132920024,-4.90851473873101,-4.54426616697187,2025-06-05
4.53478640328289,5.96092705588234,7.57925115429262,-11.4234259137943,-1.52070733024256,-1.29520443092392,0.235557010223839,-6.98927646842352,11.683372473276,0.41194478039607,-4.89947400198913,-4.27775073198033,2025-06-06
3.10984821919433,6.20326299497184,7.6127258619654,-10.2969289338021,-1.49170981157061,-1.20863953932497,0.0134577334765615,-6.85810689784995,11.6069598516748,0.316615410859185,-4.43962863751146,-4.56785625208302,2025-06-09
2.83569786274278,6.65771345007248,8.02909339469741,-10.1371133591013,-1.64075560496584,-1.36013102436208,-0.0139501139831375,-7.49733263970695,12.4748113340021,-1.56340101995582,-3.45221871564612,-4.33241356379347,2025-06-10
2.65772313704576,7.18675591207955,8.43598098828433,-10.7584739895484,-2.0867366297496,-1.34734121006533,-0.213434110716243,-7.53498906167049,12.6134732697421,-1.44759200277932,-3.14589430922807,-4.35947199339433,2025-06-11
2.50203467157456,7.12425608478597,8.31517687394786,-10.7523088984604,-2.09730860679228,-1.35295847973733,-0.0554494783949191,-7.35519898135109,12.6474785886498,-1.40839453678825,-3.13404590209623,-4.43328133533772,2025-06-12
2.30666757174839,6.88971824506285,8.05239638949797,-10.8959125247342,-1.98266248480028,-1.34969854566252,0.117286640747563,-7.25652219931385,13.0484590999345,-1.62099714853598,-2.97148929630713,-4.33724574763732,2025-06-13
2.51256866656664,6.71381918559102,8.0805562158464,-10.1169133634049,-2.09848229032215,-1.29989344308328,0.1264590032476,-7.10682120453253,13.0002202854397,-1.81211368383278,-3.51705101011231,-4.48234836140332,2025-06-16
2.63315881174704,7.03750309764675,8.29302657354025,-10.4981095945068,-2.07525264455133,-1.3162912552362,0.0871853228081187,-6.98148060113616,12.9169040809339,-2.04707946051064,-3.52152649937277,-4.52803783136212,2025-06-17
2.61795063649743,7.17626955606649,8.41472481324293,-10.875341654447,-1.93834534402525,-1.31247027808775,0.106760708694985,-6.89984428320695,12.9966149675363,-1.98237787080166,-3.71019462623488,-4.59374662523464,2025-06-18
2.74191614473391,6.89262995739863,8.28158596239579,-10.6085627698543,-1.94522248932923,-1.33231023287503,-0.0532770938874094,-7.05470759497701,13.0649302320733,-1.68496215992425,-3.64849958262857,-4.65352037312581,2025-06-20
2.72062010697434,6.91136892144299,8.32363786995471,-10.7106713598904,-1.59295436324352,-1.2883064271045,-0.140369744528354,-7.12500032844796,13.1057551963211,-1.98764765164169,-3.58236161920096,-4.63407060063572,2025-06-23
2.78403969913087,6.82049300342531,8.1946477534685,-10.7347895784379,-1.13057924018207,-1.2517706031977,-0.242561671543536,-7.21439610738452,13.1748051714504,-1.91670760689021,-3.50225256947382,-4.98092825036533,2025-06-24
2.91298615810541,7.11207213077543,8.43016960356641,-11.3102750685937,-1.24497822175037,-1.26715188226166,-0.267098415516379,-7.21553338248765,13.2137854888954,-1.80410213586798,-3.61415885759749,-4.94571541726745,2025-06-25
2.63909100304841,7.1764753474899,8.48514167064947,-11.2888718387893,-1.12920768015998,-1.23206033771998,-0.242940082979236,-7.16544910463268,13.2192582701388,-1.84804729145405,-3.67224579214216,-4.94114416344923,2025-06-26
2.08370199949348,6.78932957931968,8.2899495820708,-11.0155875093675,-0.579210727601575,-1.22851443184198,-0.288855579377177,-7.15624919856203,13.1643655061563,-1.73080995382057,-3.3271941929703,-5.00092507349911,2025-06-27
2.36493499924364,6.781751685853,8.44951531782664,-11.6553097773327,-0.19172539546471,-1.25041809821316,-0.368680328224168,-7.21440796010115,13.2362079250905,-1.72724846058483,-3.57277725822655,-4.85184264986652,2025-06-30
2.49431050342622,6.43097202579054,8.39205808114581,-11.4170839999111,-0.250506165562131,-1.28319879344101,-0.376613693235491,-7.3154395621627,13.3006632324165,-1.7333618779823,-3.17918937131771,-5.06261037916663,2025-07-01
1.97118436461314,6.53295736766079,8.4564068385038,-10.768619024183,-0.693211213163535,-1.29144039099616,-0.627412149062275,-7.26444273090627,13.3315218609538,-1.32742036996014,-3.35129471369286,-4.96822983976725,2025-07-02
1.96364932945433,6.01890073703034,8.07844479275482,-9.40886879008601,-0.608090393831702,-1.27686044617723,-0.540304974970738,-7.31329501868322,13.0670071146149,-1.5205627248958,-3.50329199151596,-4.95672763369372,2025-07-03
1.75827162722092,5.96563127550952,8.02821335173545,-9.23965018321644,-0.358428654313395,-1.31535899320409,-0.488518358194463,-7.27650790625336,13.2057810630499,-1.55846052166662,-3.8078760863419,-4.91309661432555,2025-07-07
1.3795756362654,6.1755663679435,8.24666213799627,-9.29897580491942,-0.577795761744074,-1.31453104783138,-0.543466601291188,-7.34764355116247,13.308317674099,-1.41759267604888,-3.68617747867145,-4.92393889463536,2025-07-08
1.29613552240323,6.15489013183341,8.26934056109252,-9.44557037789173,-0.25268807589125,-1.33779686722483,-0.60815759050904,-7.38779200737654,13.4481124050745,-1.39599697526735,-3.80255626161731,-4.93792046462562,2025-07-09
0.35094555356676,6.5262244601964,8.70713900925621,-9.46158810518465,-0.454885113805888,-1.34047182588817,-0.672157519544619,-7.14167431105802,13.2936754305324,-1.42678930149052,-3.59809578247541,-4.78232249410453,2025-07-10
0.564551278222126,6.4311986292371,8.66133427526434,-9.32743200515867,-0.308729706024382,-1.33691503253727,-0.603128305213009,-7.2307768901957,13.1774395383373,-1.6170158640317,-3.74979036225571,-4.6607355556444,2025-07-11
0.690073458119727,6.215120353964,8.53858482586764,-9.28794508690577,-0.400236218269679,-1.33174004270946,-0.588007092491942,-7.15188735359513,13.1813833554866,-1.54986188924703,-3.67755549514033,-4.63792881507863,2025-07-14
0.758122695198637,6.11233136592683,8.58456554791202,-9.12407285167626,-0.437807208734904,-1.34874513596765,-0.647816211580569,-7.86068921919944,13.2262751419106,-1.26520849672549,-3.30184618305403,-4.69510944400974,2025-07-15
0.980947670735304,6.35465068246555,8.79283383105512,-8.96912502296713,-0.521805022865941,-1.3266810394907,-0.53689640554534,-7.44641030075082,11.7849044423287,-1.33267467594786,-2.91725204990922,-4.86249210910765,2025-07-16
0.917461731711384,6.20126943707852,8.73743850228345,-8.43096077201676,-0.660451080837992,-1.32577497915251,-0.584966908701131,-7.41937658417281,11.7112222145817,-1.29005112178505,-2.97454206777682,-4.88126837121199,2025-07-17
0.939282225942051,6.39913785685904,8.78186561470808,-7.92388607011796,-0.655831690404657,-1.42856049863668,-0.577386273332864,-7.56685557895658,12.2318436218752,-2.6874599775248,-2.48757178066008,-5.02457744975069,2025-07-18
0.735548687097463,6.42986876254463,8.79499414823306,-8.228957210171,-0.750158949801778,-1.49627843348043,-0.654917082496581,-7.60450204725231,12.1615791195786,-2.33090790978569,-2.80228742223357,-4.25398166223238,2025-07-21
1.06381199027874,6.49849168429967,8.81782729389313,-7.86802669568954,-0.889352865225732,-2.10996038263539,-0.699543411108276,-8.38941695690823,12.43786714448,-1.99444290313492,-2.62810125812801,-4.23915364012145,2025-07-22
0.893157978047384,6.50367525734865,8.76138433667498,-7.26970202561632,-0.976992121757275,-2.11267600524938,-0.740781623413197,-8.3467127298938,12.5205183031599,-1.98763386693054,-2.71477331616463,-4.52946418620575,2025-07-23
0.784305688136172,6.36474935889539,8.86387633539154,-7.00406445419737,-1.01129097882064,-2.09937509785495,-0.774172469031686,-8.38837333504576,12.4753196431588,-1.99632882397734,-2.87038432425381,-4.34426154240033,2025-07-24
0.510716031499825,6.43354693859777,8.84255234374189,-6.75584314939253,-1.21759368811599,-2.11304218774376,-0.728782812731282,-8.41688829160604,12.5687598172201,-1.98586212315847,-2.76581718143427,-4.37174569687723,2025-07-25
0.554062654111618,6.50712672879028,8.95061883719622,-6.76276159706561,-1.16807289038731,-2.10970805305009,-0.781007378356525,-8.37057404151836,12.6203412927427,-1.95473361568151,-3.02388677302358,-4.46140516375786,2025-07-28
0.657602503488803,6.59786891012979,8.88237353611915,-6.74503728090382,-1.28569404909514,-2.1256600884283,-0.808028947224235,-8.39090856101436,12.6992710683243,-1.9213035596181,-2.9833645437208,-4.57711898805724,2025-07-29
0.429178125705079,6.6073688027369,9.05631627308333,-6.0385623074273,-1.18557534531575,-2.14752882951979,-0.910984210611261,-8.33753219822079,12.7506378985928,-2.09483636524705,-3.13876884271581,-4.98971300106038,2025-07-30
-0.362869497473184,6.91569841018595,9.41481276017124,-5.95290449281082,-1.23990535222264,-2.15989815819472,-1.15073476932504,-8.27707206583479,12.6900772229309,-1.89542060692014,-3.0168208158426,-4.96496263466415,2025-07-31
0.667526901236002,7.32380128321967,10.2804743390873,-8.24093301768595,-1.01379750157253,-2.26849816030503,-1.24900367315925,-7.78971866071926,13.1488330643578,-1.84079066218916,-3.17162920645296,-5.84626470581667,2025-08-01
0.6126744651786,6.94226399117592,10.1756986892055,-9.19547373676475,-0.898370865328282,-2.31572129676453,-1.15064016335384,-7.80648284701356,13.0365831257162,-1.70589042249621,-3.25981643202417,-4.43482450753086,2025-08-04
1.13657011863802,7.06144480991122,10.5570417684274,-10.8998693608297,-0.975639935542471,-2.53969081926399,-0.924246029575577,-7.77064334654806,13.0934496043252,-1.31766689298085,-2.83663915766243,-4.58411075889876,2025-08-05
1.18608428037649,6.87046103412119,10.5841947057804,-11.360435863366,-1.03377592035606,-2.58837564233353,-0.712084881542528,-7.63919474500142,13.2235653319703,-1.28573715493133,-2.6352186049405,-4.60948253977708,2025-08-06
0.441315711512402,7.00502634923581,10.8241195402966,-11.4858991143888,-1.05691211332249,-2.66176192853135,-0.942358120472647,-7.48185754748944,13.2584136627058,-1.02446184285679,-2.43065548800775,-4.44496910868134,2025-08-07
0.742576364168883,6.71087705764552,10.5567724403084,-10.4712476455525,-1.11784082218422,-2.65721788144554,-0.818060368577465,-7.98268250562256,13.1201589075724,-1.13173153079754,-2.5894947224762,-4.36210929303916,2025-08-08
0.560588656173962,6.58559253785954,10.5487394711499,-10.3064560880689,-1.26434683045525,-2.64944808575678,-0.747665752681502,-7.91352502084599,13.029153865393,-0.944960692794353,-2.58324837282508,-4.31442368714862,2025-08-11
0.459836844466238,7.12737364683514,10.6968053407511,-10.3440880185939,-1.46496502490611,-2.54214277037314,-0.958684661982073,-8.27639282404256,13.0238659736243,-1.32909803487195,-2.1361254380115,-4.25638503289552,2025-08-12
0.00520428967570297,7.14335614170412,10.6157679457878,-10.0978265502738,-1.53504372536699,-2.65700573480222,-0.935919249235536,-8.28914347675357,13.1516783857377,-0.996639129238275,-2.10373823046244,-4.30069066677244,2025-08-13
-0.295413223538816,7.07461058641532,10.5140534805637,-10.2698015392932,-1.06197664306893,-2.68326851291938,-0.756388577347076,-8.03774377092435,12.9647213261795,-1.14154965538235,-1.82034581220899,-4.48689765847547,2025-08-14
-0.660405501311011,7.02948045062446,10.4836873221641,-10.5971801589692,-0.892944276276022,-2.71683874718272,-0.806304795801743,-7.93660555170433,13.1266725595852,-1.02971637945271,-1.68162783712859,-4.31821708454735,2025-08-15
-0.682023988948451,6.97288630171221,10.396679114019,-10.2885592357261,-0.985156675014739,-2.68295209295608,-0.738960116756039,-7.92768177090275,13.0032789950602,-1.09257574235673,-1.70411003350004,-4.27082475463036,2025-08-18
-0.432685574162988,6.67298561699998,10.4484718004709,-10.3920720681313,-1.28947243216174,-2.67610643517592,-0.814643906646844,-7.54326021079625,13.0317939327627,-1.11683804716408,-1.83450725536831,-4.05366542062625,2025-08-19
-0.811521267007272,6.64551861679502,10.2882204892851,-9.81256712213669,-1.24790597375592,-2.73593901039448,-0.864222204451612,-7.44120013597848,12.7396437445249,-0.916202946007814,-1.85741586853835,-3.98640832233438,2025-08-20
-1.36923617405211,6.17567713805241,9.77336695153342,-9.30133289553308,-1.0346006609986,-2.73925311683018,-1.01918869049829,-7.23406134617614,13.0685382411734,-0.41076289872214,-1.61894213012422,-4.2902044178245,2025-08-21
-1.77071132070064,6.15853413531333,9.00561226571024,-11.4999288795211,-0.315303325222764,-2.7863028448997,-0.435025155650674,-6.98626363734535,13.4514243247585,-0.0238220707864087,-0.141150654803326,-4.65706283685214,2025-08-22
-2.55866344950093,6.11965653377361,8.70864792684456,-11.4567254135454,0.0342522455693839,-2.90766839350184,-0.169008627569236,-6.5130226636092,13.5550842500584,0.270843535763632,-0.298492937884888,-4.78490300639818,2025-08-25
-2.66250847014201,6.12854623647405,8.76910276436395,-9.61645670165955,0.0989687866122537,-2.8174557746178,-0.194577092426193,-6.9185755891133,13.1534208069959,-0.4940299826537,-0.555613582626066,-4.89082140120751,2025-08-26
-2.70908617946142,6.18068882864169,8.79799275813967,-9.57719619753637,0.156524805313172,-2.80580677382998,-0.173359547364538,-6.90683241694865,13.0953163991767,-0.478367911508258,-0.754699545304121,-4.8251742193179,2025-08-27
-2.85725654542173,6.25314211081697,8.82553015901553,-9.56172199485184,0.169993645379652,-2.79430445264573,-0.222957433550956,-6.83043733744155,13.1167675175296,-0.408408640545034,-0.981078961959795,-4.70926806632506,2025-08-28
-3.25540466881787,6.1416174770148,8.77915463969909,-8.44433794834895,0.330372824808713,-2.70296480459467,-0.100450668378047,-6.94967044816808,13.1114081930362,-0.48114946676516,-1.73863080581707,-4.68994432366894,2025-08-29
-2.81079673235119,6.79373373621675,9.32066074022676,-9.65460341950267,-0.0458520446347332,-2.75416555505115,0.0350933624259193,-7.34201176590745,13.4892906410774,-0.213083022754773,-1.73504718639856,-5.08321875334628,2025-09-02
-3.6032462250713,6.69087055482478,9.35587654935712,-9.66034430236286,0.45304909971293,-2.41796133242976,-0.0677702187344273,-7.44803594477727,13.649142334744,-0.239926724084611,-1.60272016280864,-5.10893362836997,2025-09-03
-3.89670357717051,6.73476749599537,9.23295200227665,-9.56060997164303,0.906877609957961,-2.10026705782365,-0.0207133985042507,-7.36813186760764,13.5364578409346,-0.274372776810836,-1.96426215646156,-5.22599414314309,2025-09-04
-4.40740181830864,6.10485533170183,8.49570830084686,-8.63045630980033,0.46197514759157,-2.10187288159876,-0.313393232478811,-7.23001732019875,14.0332138082943,0.192128307521713,-1.55264173401075,-5.05209759956023,2025-09-05
-4.57141418468566,5.9827289614191,8.32672723230854,-8.46289348698436,0.349095258092383,-2.11045209989551,-0.356519033342148,-7.15373741955933,13.9533893327763,0.197140398457151,-1.57825345426268,-4.57581150432381,2025-09-08
-4.43634785432862,6.04568663097295,8.48162545768722,-8.83729519168675,0.338670596703121,-2.13083283395087,-0.444533661308739,-6.99824665955378,13.9428247346981,0.297796728210031,-1.58284946059837,-4.67649848684429,2025-09-09
-4.41964712854001,6.0936066847845,8.51519649188565,-8.9731311675563,0.381920239036486,-2.11890052682438,-0.473034187693225,-6.91986730075426,13.8390421457468,0.344440612297959,-1.61729082268869,-4.65233503969455,2025-09-10
-4.72053158996005,6.01555173160027,8.48034362832279,-8.75391038738375,0.477825064004342,-2.18309843810972,-0.480332414070133,-6.89700435908911,13.9178707283731,0.428549824212737,-1.53524504050147,-4.75001874739899,2025-09-11
-4.6268532148337,6.00800495280239,8.44166993014073,-8.6766379392761,0.445837089768673,-2.1705617241338,-0.484591780287266,-6.86721371499891,13.4509493575118,0.506813522904949,-1.3693359342325,-4.65808054536635,2025-09-12
-5.19949140225621,6.14514855952535,8.54536297634955,-8.56352616300632,0.508686567684045,-2.16149856911131,-0.212659168093896,-6.79486980862595,13.3378863032177,0.102144518899053,-1.29556224258408,-4.41162157199794,2025-09-15
-5.25739148542055,6.16266810923057,8.60089170786377,-8.56367109883269,0.570136659259472,-2.10733043508787,-0.163317483225745,-6.79583303287028,13.3046638708891,0.0705537525497562,-1.40287918887846,-4.41849137547704,2025-09-16
-5.34203214748958,6.20966421497842,8.49250073440078,-8.50316077471269,0.566991440435856,-2.14817824921195,-0.166280873126165,-6.68720493482212,13.20985255482,0.212700022320277,-1.40508785091286,-4.43976413667995,2025-09-17
-5.20304149612436,6.37713774266572,8.6699359724436,-8.62703497287823,0.503711459071809,-2.23677022666527,-0.298113915100867,-6.56343958256937,12.9143408557858,0.260003058860093,-1.23887852400814,-4.55785037148077,2025-09-18
-5.98818525145438,5.92100835219874,8.22814607402448,-6.80905458593985,0.64472960724575,-2.09951456539405,-0.33748819199433,-6.62488568805053,12.8590997676229,0.13876118830008,-1.34690654163562,-4.5857101649232,2025-09-19
-5.61103075857538,5.39446202335606,7.28368015746844,-6.80858706895664,0.617934598160108,-2.17601072461357,-0.380644939990504,-6.31148275581268,13.2559473193445,0.66896158687527,-0.901309044292717,-5.03192039296285,2025-09-22
-5.76098641537372,5.63376097007318,7.62704099952008,-5.92931754328361,0.232234673955773,-2.11990304044121,-0.498892894658382,-6.27327008432894,13.1013281659779,0.389590357317005,-1.37383026084662,-5.02775492791144,2025-09-23
-5.86311633793718,5.66393032000194,7.64142488655163,-5.7479305851545,0.313864308111594,-2.14879842638539,-0.485767680555053,-6.45207334460628,13.1520396990166,0.291117783600342,-1.29011245882879,-5.07457816381489,2025-09-24
-5.85891026252683,5.47490524820256,7.28001463812282,-5.89309374741712,0.166005765944679,-2.10298408020432,-0.483143256725284,-6.01166146558313,13.2653579966429,0.243568730047741,-0.863692187336625,-5.21636737916742,2025-09-25
-5.73207142617931,5.50123150414744,7.24273460733622,-6.98865359966377,0.172356021706669,-2.06459590734688,-0.527098305021255,-5.77363779199749,13.5013903386306,0.44913067820066,-0.480423090818448,-5.30036302899441,2025-09-26
-5.59914311694292,5.40205512217406,7.29408705290743,-6.88119142969132,0.193859137223424,-1.96002536288495,-0.47180457205853,-5.91637984332293,13.351197630698,0.273755207363138,-0.582039978275532,-5.10436984718983,2025-09-29
-5.73019842127917,5.40963948545701,7.39471237667269,-7.35694647324565,-0.352683195664975,-1.17040124693742,-0.86427894003962,-5.8321243605028,13.30400324595,0.215494475559765,-0.616893150278912,-4.40032379569087,2025-09-30
-6.17192930263434,5.45319122311086,7.19096291392583,-7.38219629579662,-0.408352158624675,-1.25354771019809,-0.785433209894536,-5.54811855652695,13.6331172304908,0.404846681840922,-0.703783177039341,-4.42875763865381,2025-10-01
-6.30708318723723,5.61203999258854,7.32658988926734,-7.70777112915943,-0.435419240932493,-1.19876961671899,-0.839227265992883,-5.42635278402985,13.850367234695,0.586512110333103,-0.881379686687694,-4.57950631612541,2025-10-02
-6.38424255934248,5.26760704092706,7.14140846345663,-6.59107185000117,-0.26965761437771,-1.04196694404423,-1.07927113740231,-5.66702308788827,13.5618119435889,0.29468935403284,-0.798613833404161,-4.43366977554508,2025-10-03
-6.6387040500905,5.2773813101505,7.23080319352177,-5.94588968206609,-0.353547007832828,-0.859779360229496,-1.20023781014682,-5.52783906484937,13.4988612249598,0.175430295655204,-0.999682231054962,-4.65679681801717,2025-10-06
-7.03701532499382,5.78436935349667,7.4828191791258,-6.86650940027891,-0.467784997037088,-0.877712136872549,-1.64060972323776,-5.33727302755824,13.5716523844082,0.4459925790987,-0.547633226278705,-4.51029565987229,2025-10-07
-6.92891637569411,5.86034319547674,7.36167568491834,-6.90831366361317,-0.854801743652988,-0.786937340119763,-1.05425456583791,-5.12405228213121,13.3876680025592,0.443107451798255,-0.829052121727827,-4.56646624197552,2025-10-08
-7.09207892999075,5.71680964267043,7.28047258278743,-6.80031420066118,-0.771900231869397,-0.735246819608032,-0.9494171146198,-4.8968324982918,13.4113355455147,0.541469669800676,-0.853833339176148,-4.85046430655609,2025-10-09
-6.43430749085436,7.35356174059996,8.6093447748526,-8.25943853071722,-1.92837399195394,-0.893209861706305,-2.53624959565564,-3.87229593864567,12.620516635832,0.850589286676296,0.177125357917262,-5.68726238634496,2025-10-10
-6.67726092291408,7.50034600775327,8.58936528818735,-3.70463905223245,-2.10926855253589,-1.10479107427578,-2.21174262099757,-6.63073293467558,13.2579525156704,1.94312435960873,0.139734029055674,-8.99208704264401,2025-10-13
-6.55960186338351,7.11982484585369,8.23924477580216,-3.44420240549451,-2.30685541591334,-0.956748011850713,-1.44325195563558,-6.7950577722273,12.6356261688098,1.08031243252115,-0.700254134352903,-6.86903666412894,2025-10-14
-6.24898623213655,6.72575594223399,8.25342262236781,-2.94293014879785,-2.64330576779955,-1.00072986612807,-1.54875019893913,-6.8013341222105,12.7378740427272,1.34137404366483,-0.60775460899346,-7.26463570598871,2025-10-15
-6.03313715148293,6.34590304566305,8.00697533281351,-3.24257771428502,-3.17290248196655,-1.00687281674423,-1.34126864403609,-6.27233540953699,12.9761267842657,1.61967845296708,-0.468120539716537,-7.41146885794097,2025-10-16
-6.15723404853703,6.38755252430582,8.04246108084203,-3.34158449707884,-2.65944413439851,-0.949619757207843,-1.31374370824326,-6.2627185621601,13.0069048706295,1.60753082317967,-1.19406104424225,-7.16604354708915,2025-10-17
-6.26659507841622,6.32628767423823,7.70776408624191,-2.91082722695936,-2.50276114005919,-0.983965269622495,-1.41557396076058,-5.547095955737,12.789634043089,1.34716225314916,-0.697003678791646,-7.84702574637181,2025-10-20
-6.16652084049715,6.47927538293587,7.84151519636698,-3.10372198512583,-2.88225386383496,-0.974535182026711,-1.48114748666955,-4.80981940935448,12.9429040484833,1.33313647939381,0.0453629176174672,-9.2241952572887,2025-10-21
-5.99352075528911,6.42763177825852,7.74460772304724,-2.79653083860599,-2.93575556933266,-0.9528817940267,-1.27494412906927,-4.97813456955603,12.8871820345015,1.40721094406541,-0.154354032401571,-9.38051079159136,2025-10-22
-5.79270555003542,6.68553551718284,7.8915354398036,-2.79854716825942,-3.44831675860868,-0.936167015166122,-1.20043107312364,-4.87042118817596,12.5951439567314,1.49835162520867,-0.120666735609888,-9.50331104994743,2025-10-23
-5.69090418402624,6.6454389801372,7.87035903828733,-2.66596604081719,-3.49594855684399,-0.904646372915984,-1.19974922899938,-4.80380793358447,12.7219454384214,1.18203290166898,-0.0797148998122594,-9.57903914151538,2025-10-24
-5.35093440838688,6.43427448125543,7.70149943333399,-2.25715271175295,-3.45508846076077,-0.90699474212714,-1.28750607192197,-4.91953026418378,12.826330441122,1.11664765488484,-0.444803778079816,-9.45674157338301,2025-10-27
-5.4251315978493,6.64954661365731,7.84662993087476,-2.38453214436729,-3.62386843309369,-0.912058378984043,-1.35803397392438,-4.68731292709487,12.7458378073969,1.23705513327114,-0.327878982256152,-9.76025304763038,2025-10-28
-5.56035201406603,6.9358422759656,8.0988866046564,-2.4340505266617,-3.1985905471556,-0.898168552749567,-1.49361158370449,-5.35471438593344,12.6604885453173,1.27321365504095,-0.416785355348182,-9.61215811536118,2025-10-29
-5.5369420170183,6.46882136483102,7.64230305234885,-2.37454423122085,-2.54318361238824,-0.905781866742042,-1.14519767648014,-5.39204616893806,12.546784913604,1.33437480470431,-0.399837739400283,-9.69475082330028,2025-10-30
-5.57806401560452,6.56203759532819,7.59176909746188,-2.3352073199637,-2.55602548996304,-0.848859728956285,-1.08456145992898,-5.32315138436505,12.6535271545372,0.904620794437179,-0.783433735955896,-9.20265150702702,2025-10-31
-5.66585433370756,6.2595605755531,7.23446593096864,-2.14003573812117,-2.61533104218637,-0.802217267493975,-0.994058185304169,-4.95789288821462,12.8083385911239,1.27181858219153,-1.08469149692216,-9.31410272788709,2025-11-03
-5.54369785424284,6.61816460913195,7.38959756288482,-2.076917285762,-3.04425776931971,-0.77307535558495,-1.02000753846105,-4.05236335534237,12.9548837452431,-0.879843611152126,-1.48955375444613,-8.08292939294864,2025-11-04
-5.75616135807769,7.75686134965166,8.14555538722966,-2.14201531250042,-4.63632306997303,-0.830050104342126,-1.37088582117418,-3.83614535969454,13.147691762591,-0.869873345891875,-1.36013231554733,-8.24852181227115,2025-11-05
-5.57944331499877,8.23146437328583,8.37442847181957,-2.28969908220662,-5.97341131504556,-0.889332127752127,-0.707746886305056,-3.48757064823864,13.219356466204,-1.21368886088125,-1.58756217170929,-8.09679490417204,2025-11-06
-5.28956698234824,8.00843252912914,8.3800328258943,-2.71261541883081,-5.96739835522374,-0.868455470261591,-0.717307478272466,-2.97339463464857,13.4466084917586,-1.75394255694108,-1.24809724319854,-8.30429570705694,2025-11-07
-4.78326119286823,8.07597776460332,8.92427833054322,-2.5756250013304,-6.02898292379555,-1.05878963739183,-0.963181355908256,-2.96678376755182,12.2167712929323,-2.18721078795613,-0.542258584975073,-8.1109341363015,2025-11-10
-5.55787333863154,8.59675625552678,9.63161857905193,-3.6995441921714,-6.71147650640399,-2.28835784424672,-1.04980220416569,-2.73073775691419,12.0338884749285,-1.23982680383148,0.182455958017997,-7.16710062116021,2025-11-11
-5.66669135364717,8.94847502863166,10.0230063884118,-3.25618737596923,-7.0579294917381,-2.95515991931041,-1.01232755146023,-2.46079908213343,12.3749095846785,-1.96138412682605,0.514983931657298,-7.49089603229467,2025-11-12
-5.57580236139217,8.55678064907872,9.58543438499883,-2.83978834897827,-6.37992772227157,-2.93513253146186,-0.577203476607115,-1.98791231086599,12.9181489711966,-3.48555259689383,0.59069120854474,-7.86973586534811,2025-11-13
-5.8711791801761,8.54042076372001,9.20851288342526,-3.33647787095201,-6.73910830111419,-2.88274338988147,-0.596566322417432,-0.854509530041213,12.368155723902,-2.68676725956405,1.4262340194818,-8.57597153638261,2025-11-14
-5.62231550271605,8.86010645057695,9.52642378761368,-2.86486504153659,-6.86604653738445,-2.97305263158833,-0.612195044730572,-0.862786683336068,12.6699313381612,-4.62054088955975,1.51485332742561,-8.14951257292566,2025-11-17
-5.42100676595689,8.90694052499319,9.77429487434912,-2.63344769654609,-6.9820765159031,-3.4285524130713,-0.591686613632918,-0.777730941060483,12.4637559578996,-4.12178441650849,1.14568737370088,-8.33439336826353,2025-11-18
-5.53027009964713,8.75916440257352,9.56796565368128,-2.59617396163252,-6.70818156675152,-3.44097786214289,-0.610124164302031,-0.772996099955705,12.3651657645201,-4.06795099683029,1.22801067474842,-8.19363174426119,2025-11-19
-5.29807677595232,9.15101499157031,9.74012528302165,-2.78714783273177,-7.60985202088207,-3.47206677002101,-0.362956849080191,0.162937653249926,12.1854297850595,-3.93112972844791,0.655973371773072,-8.43425110755917,2025-11-20
-5.68503865346445,8.50599558202714,9.51876510499939,-4.04572795024957,-5.77317496371932,-3.41635777929941,-0.462199907514518,0.509203241922677,12.1420601534581,-3.87261338548485,0.906543825701405,-8.32745526837655,2025-11-21
-4.91721120493226,9.17480108956481,10.050573589969,-3.723225994689,-6.02004951066136,-3.5378008126332,-1.35512909730763,1.55109950647332,13.0987463731852,-6.90831463798104,2.28442309540161,-9.69791239638939,2025-11-24
-4.5835602639534,9.57170245878706,10.375286816348,-4.42806597507766,-6.55806908277855,-3.45757522528042,-1.80147359876891,1.35885855751015,13.2837235909716,-6.97796203507048,2.46747567479699,-9.25034091748433,2025-11-25
-4.9859998824692,9.43894163242288,10.1059809700081,-4.64043677203927,-6.31574608455053,-2.27809167132369,-2.01660831557631,1.72773486032014,13.4368748739394,-7.1946798936598,2.647050601019,-9.92502031809081,2025-11-26
-4.88348465119364,9.01505117134018,9.81619971106929,-3.57625310248523,-6.33004126508157,-2.17574376372949,-2.04783265377424,1.25210232165905,13.2907647148362,-7.45492536830669,2.41919351202733,-9.32503062636116,2025-11-28
-5.17389953695577,8.10069648986791,9.09385061683689,-2.95988337578853,-5.14374656219933,-1.95232396500905,-1.87786399856105,0.962339648285905,13.4445230422068,-7.24485373761526,2.54332584707508,-9.7921644681436,2025-12-01
-5.58774805233246,7.9198488588256,8.95070296879184,-3.07360393582213,-5.05395267244993,-1.9489919603692,-1.96853237136286,0.513239670110835,13.1842110094653,-7.55990094332344,2.49199597392388,-7.86726854545739,2025-12-02
-6.48004033052777,8.24518132937413,9.34751357389969,-2.80925278975044,-5.11456553128988,-1.96356157279187,-1.86850569306103,0.469349009418806,13.1859183566128,-7.37586245830855,2.54695454030059,-8.18312843387653,2025-12-03
-6.49873629313355,8.03431948509377,9.17747149746907,-2.94128737102533,-4.97071837173153,-2.30740743930422,-1.67730613469387,0.504340925858784,13.2784425365217,-7.33980754674285,2.71109564658654,-7.97040693489855,2025-12-04
-6.44490082181179,7.97404557748054,9.2425221019049,-3.59224832791629,-5.18145320513732,-1.79401174662584,-1.73753915844688,0.529235441483522,13.451818367118,-7.2577378935184,2.85757911982718,-8.0473094543576,2025-12-05
-6.84796340417248,8.13783060219644,9.44339652938744,-3.43947112648653,-4.90850419481479,-1.81146214810175,-2.11160070953048,0.289671877364285,13.2603257019174,-7.25884176984695,2.93645590421028,-7.68983726212284,2025-12-08
-6.65286006169984,7.99133021621863,9.44614659332575,-3.57448471978747,-4.77226058273763,-1.95837957833369,-1.96001343154642,0.303776142868017,13.0898392643492,-7.21426141994815,3.02224731184391,-7.72107973455231,2025-12-09
-6.57433243401932,7.7261233408436,8.92546813338278,-3.1611915696082,-4.57429691108863,-1.72118964770061,-1.97729964350204,0.136105508198767,13.1450286690729,-7.25006811632037,2.95020173031324,-7.6245490595721,2025-12-10
-6.43436568106442,7.81871231341378,8.99905328608088,-3.31421466044626,-4.82957941501541,-2.27771890390817,-1.58075952026069,0.165797568816203,13.1234965458717,-7.10380896755638,2.82100758848759,-7.38762015441883,2025-12-11
-5.81948175665002,8.04273721174444,9.23305973046251,-3.61118958179928,-4.66368563808379,-2.39636207818715,-2.31417928825326,0.20396403962306,13.5323575358538,-7.69493188171569,3.02826181784636,-7.54055011084095,2025-12-12
-5.36964977967816,7.89723677622813,8.89677064809253,-4.11402711966286,-4.77781395257351,-2.27245171479249,-2.25963542897761,0.696772106938155,13.883757852398,-7.12555499178018,1.83220793177607,-7.28761232796806,2025-12-15
-6.37529993598802,7.90846274088318,8.96069207327753,-3.60327768372358,-3.79583257149009,-2.26536706807031,-2.25971966379768,0.597050018380898,13.8699611757383,-7.20953331879355,1.53842007568906,-7.36555584210572,2025-12-16
-6.10838551303252,7.81230496826338,8.85654212048686,-3.47239791070571,-3.67574834268709,-2.70443787822463,-2.46126427765839,0.426856277377652,13.8982445936277,-7.13358315545216,1.32471987200948,-6.76285075400452,2025-12-17
-6.35338936968937,7.35349343369656,8.34195869991733,-3.03656218741621,-2.76328122333299,-2.73324419528545,-2.40505984269416,0.435099877337677,13.8994228039011,-7.0524799783275,0.911179683075488,-6.59713770118241,2025-12-18
-6.60252034327385,7.44917698118593,8.46140444416768,-3.09373048466,-2.70235353758282,-2.78386800052675,-2.65372792499001,0.66713084079035,13.909482248689,-6.78553126322276,0.722034218342841,-6.58749717891962,2025-12-19
-5.87830193608485,8.32480381325981,9.30424433936906,-2.98343718507689,-2.65831698324555,-2.86556446306181,-2.69900105260783,2.15340990825545,15.6259210650387,-7.33464485695649,-5.84241768364104,-5.14669496524856,2025-12-22
-5.72934839163562,8.6276513352575,9.58997177684661,-3.32503589367997,-2.61755794727611,-2.81877387243128,-2.73119383119086,2.17787638480876,15.529418578048,-7.5167066634854,-5.75383472466635,-5.4324667505953,2025-12-23
-5.7262014935907,8.58212585457834,9.51384594985413,-3.13502839021966,-2.86588991997722,-2.80412470401976,-2.72275476603758,2.22255602566273,15.5323104135215,-7.45816164290761,-5.74844839656363,-5.39022893030051,2025-12-24
-5.73214161736561,8.5100041183489,9.4392142009246,-2.95718270582983,-2.81366994672611,-2.78033423831195,-2.79579582546616,2.10394755444055,15.5582794982204,-7.4005865261972,-5.80706174574155,-5.32467276629603,2025-12-26
-5.61846730680568,8.58484630107958,9.64508382869974,-3.61114695055951,-3.0409513602016,-2.8256244693941,-2.7137314732815,2.22759299511965,15.3737398225977,-7.70756123256115,-5.32021464600709,-4.99356550868599,2025-12-29
-5.75413481236082,8.57337025821495,9.53725048505903,-2.78466018230764,-3.06543610300144,-2.82382270772995,-2.75313394918744,1.97375785591613,15.4007162676567,-7.6020587575845,-5.31717662819742,-5.38467172647765,2025-12-30
-5.6838797710008,8.63787565557416,9.56587770796978,-2.90345865761629,-2.93478278506844,-2.89121276989918,-2.58888952893453,2.06452859749176,15.0242554696489,-7.49253321794277,-5.27771351223038,-5.5200671879922,2025-12-31
-9.0481489198615,9.78958634043536,10.7889131895435,-2.96538233939536,-3.01373840591323,-2.82950617565688,-3.56060048767274,2.52017801885107,15.5989290053619,-6.7029300705778,-4.61198156265851,-5.96531859245578,2026-01-02
-9.29473104577936,9.88955395829194,10.8123362446732,-2.56912825340009,-2.99436420917762,-2.7818700166119,-3.74723622145271,2.53717653835591,15.323323760366,-6.96293369192114,-4.9483045211029,-5.26382254224133,2026-01-05
-9.35699819394677,10.3276353216038,11.3618403599573,-3.38338784677548,-3.14011085151179,-2.74642450823124,-3.94642408679868,2.4680217735487,15.770292598003,-7.28231337970455,-4.66464869832923,-5.40748248781506,2026-01-06
-9.95742829746024,10.58719527804,11.5601207756668,-3.61692978209383,-3.40646066562046,-2.68469858813708,-3.58722691265479,2.69258366835804,15.8342062147238,-7.12369165788146,-4.48769831122514,-5.80997172171573,2026-01-07
-9.90454893606916,10.5447075045956,11.5691670096424,-3.16606725741633,-3.47543708222671,-2.80262887370003,-3.76229498078098,2.25577305411429,15.863674512484,-7.03465522806219,-4.45278852286582,-5.63490119971506,2026-01-08
-9.61898059437471,10.6118335662692,11.6301113394652,-3.60048395991387,-3.15983523730769,-2.66439032001442,-4.06224770914916,2.13541560604949,15.7236060042585,-6.90488808463599,-4.31011526358851,-5.78002534705798,2026-01-09
-9.6682739987781,10.556574556509,11.5765400180555,-3.56348328251756,-2.98171997241461,-2.66186964731101,-4.09604919555873,2.15503438870998,15.7585025974607,-6.99522195041377,-4.37139204093229,-5.70864147280904,2026-01-12
-10.001685729732,10.7215093623757,11.2817543291848,-3.60236604657821,-3.05368679940032,-2.70127812609428,-4.2549203601512,2.15983326793915,15.7910830559781,-6.89830286266987,-4.10608105589009,-5.33585903496174,2026-01-13
-10.6238197244212,10.9092376590768,11.2951203596357,-3.86606725203284,-3.35805801620471,-2.7277880109316,-4.15750210095124,2.07536119715684,16.1099619875547,-6.6036603520692,-3.93550044386797,-5.11728530294538,2026-01-14
-10.5020053310904,10.5051942824765,10.3751059632307,-3.75223203043165,-3.37058847952819,-2.74164681161137,-3.88164803732526,2.43127329017615,16.3027717339374,-6.45602255746259,-3.68707485311774,-5.22312716925353,2026-01-15
-10.5540333731224,10.0350979673947,9.98335359680209,-3.84397776905163,-3.43100981457206,-2.57410446897159,-3.9250208928522,2.54078576195811,16.3448081311031,-6.18926048400532,-3.65048696669926,-4.73615168798346,2026-01-16
-8.30960386099085,7.30452954684047,9.46329526067842,-3.94639707219333,-2.85533350889328,-2.67205569506291,-10.8652528221593,3.72753453878913,18.2982078905209,-6.01460066865111,-2.12436088434991,-2.00596272452818,2026-01-20
-8.66561666188369,7.34633728340117,9.52355731697922,-4.1599439169766,-2.79918573306779,-2.17637749318118,-10.9301856700433,4.23069766361935,18.1610398577715,-5.8809777256976,-2.10349056915041,-2.54585435177062,2026-01-21
-9.779490946133,7.66826766631966,9.26418476482137,-4.73092087381344,-3.254352623517,-2.21601372889294,-8.07126734570961,3.71202997096039,17.6099324289574,-5.86065820596816,-2.29748230324796,-2.04422880377673,2026-01-22
-10.4536999722039,7.37006092081782,9.15154520836097,-4.83268927805986,-3.61296499171067,-2.20472334743143,-4.87257528644132,3.34394179165912,16.9748599682615,-6.38460900516328,-2.63250141370106,-1.84664459438798,2026-01-23
-10.5185666868443,7.10723551329932,8.96780431995508,-4.56696332359182,-3.91462141606208,-2.20411382832581,-4.33801044735836,3.34914543486826,16.9155490483603,-6.2951660388057,-2.61305307892951,-1.88923949656538,2026-01-26
-10.5621629976585,8.2526707365859,9.96221827599919,-5.09500390783674,-3.6691022084221,-2.17974990886512,-6.01016924493564,3.7587889771608,17.5849269287751,-6.17967943634201,-2.23590358962745,-3.62683362483347,2026-01-27
-10.6296712813984,8.23230499457507,9.57288833357774,-5.84083440293097,-4.11813092817711,-2.18916359363741,-5.96802934111814,3.73253303891414,17.5774330928798,-6.04383674834777,-2.19126361256656,-2.13422955177035,2026-01-28
-10.2560994861561,7.58875648017246,8.9144140054505,-6.23953771870417,-4.34679920603512,-2.14705793620098,-7.33230032138291,4.37953836999485,18.0263658791755,-5.39835332899747,-1.56150854865686,-1.62741818865971,2026-01-29
-10.3347138058303,8.89531951929204,9.81276117295786,-6.76089565184971,-5.15045755777581,-2.29817829542196,-7.75876648914715,3.36694911233512,18.3343620674206,-5.38650115893105,-1.02294435546898,-1.69693455758062,2026-01-30
-9.75542339037976,6.81556826892053,9.16315024358812,-6.73240190185728,-4.83719425093825,-1.95124552314063,-7.53758252831401,4.93722723038402,17.7407421216427,-4.42027801485475,-0.00577439069527941,-3.41678786435539,2026-02-02
-9.58045966827472,6.31923559435771,8.60714594247636,-5.68633639116393,-4.06165635430122,-1.91556154906246,-7.11386159549935,4.25076747351481,16.9869771185982,-5.00878610307885,-0.254254673935449,-2.54320979363115,2026-02-03
-9.67949628500927,5.85473113673753,7.85898753329347,-4.87765776684099,-3.59845164834497,-1.74654474860317,-6.99405450784791,4.65743821685646,17.1177563556922,-5.32429187234619,-0.799177271014969,-2.46923914257219,2026-02-04
-8.76299873392108,3.90853746110635,6.42568541970445,-4.35776792105484,-2.96037151410106,-1.79265026472224,-3.97306707284276,4.9749777902674,15.8885974649366,-4.75503398848223,-0.219033553722554,-4.37687508716805,2026-02-05
-9.25935800760637,4.81284604377049,7.39241521422328,-5.78049518091764,-2.67617517714132,-2.43010379927783,-4.48815665316347,7.57119101985054,17.3717642925059,-4.53111147112469,-0.397904020511106,-7.58491226060785,2026-02-06
-9.50402702978153,4.64491086869091,7.10829655750632,-3.59462009655904,-2.80335543808263,-2.29352209717109,-3.68807280772621,6.14006688009611,16.9611151933299,-4.9835033416722,-0.745342316504789,-7.24194637212572,2026-02-09
-9.10360712556128,4.71401219692355,7.27472576561756,-4.54627274369849,-3.48042465605226,-2.23971222979216,-3.78692706540298,6.25877120697434,17.1084853091461,-4.94819322623145,-0.713877863929056,-6.53697956799391,2026-02-10
-9.52409256309138,5.52015087172259,8.08986770696816,-5.10804203227234,-3.76100005300431,-2.27492064481314,-3.98298670123731,5.7290801986063,16.9344283305802,-4.707896733899,-0.503422381370356,-6.41116599818942,2026-02-11
-8.87744603992522,6.38518321940788,8.80116924414932,-5.97402056244306,-5.68034815012392,-0.894611350374591,-4.08609936720331,6.62780772921818,16.8796753728003,-3.89091145126335,-3.161496579988,-6.12890206425427,2026-02-12
-8.74830467367229,6.39733678697225,8.73985227725012,-8.43429573917464,-4.94289377121954,-0.893785861142069,-4.0904056439245,7.26850204293335,17.2482447301283,-3.51896785273628,-2.88737482389574,-6.13790747151899,2026-02-13
-8.518038562274,6.60185399717076,9.00942196349583,-8.43140076718677,-4.83780789952042,-0.90421293808042,-4.11656537833595,7.56327967503417,17.5880354235688,-3.94810622912104,-3.85144102209064,-6.15501826266033,2026-02-17
-8.44258094389473,6.86143064000981,9.30731934526091,-7.65113393633663,-5.126937981561,-0.996207694899899,-4.24882536053767,7.22703591533758,17.4093292364431,-3.82856029864843,-3.89653127456268,-6.61433764661036,2026-02-18
-8.42589465571263,6.81724931250837,9.24410848129199,-7.60248987611643,-5.07708844039498,-1.04791054351039,-4.16814769684109,7.25841423519235,17.4256932459829,-3.76237964860954,-3.83582607046191,-6.8257283433286,2026-02-19
-8.19403176733714,7.02454259289459,9.44906022387448,-7.68620069168406,-5.04239496803367,-1.06135166968728,-4.17111951270047,7.60443996048085,17.7740247989228,-3.44195901430174,-5.36222276390988,-6.89278718851846,2026-02-20
-8.14343574693805,6.83451964380976,9.19390999512974,-7.75411523138595,-5.66625457625245,-1.07621022434174,-3.87693491032318,6.93768161611267,17.4215260554502,-3.37264459903514,-5.62423609374672,-4.87380592847915,2026-02-23
-8.21186051821584,6.75737119449978,9.1142482143278,-7.64084344288568,-5.36898987575673,-1.102073601029,-3.76988668670565,6.534197026276,17.3591727678727,-3.38371669736813,-5.54525901393423,-4.74235936708106,2026-02-24
-7.2188585579888,6.68489640377717,9.05087358680851,-7.74301965420209,-5.49193220866987,-1.60932179096712,-3.57680955494389,6.74447638377558,17.4527881248389,-2.98513655388072,-6.76786291902125,-4.54009325952644,2026-02-25
-6.62521256798269,6.74822893693894,8.78504292998353,-8.11118917090487,-6.19653717328453,-1.14227570981149,-3.75828616740553,6.26393832431407,17.4579782405831,-2.43031760113509,-6.60723159788551,-4.38413844340997,2026-02-26
-6.8740043790478,7.02393049472283,9.15789801409363,-8.79204807183673,-6.11684460323495,-1.20241698163457,-3.79257287252221,6.24979749864997,17.2561449168038,-2.40009650712905,-6.63695536409138,-3.87283214477353,2026-02-27
-6.37139513946637,6.75744308539021,8.85783694869424,-8.4404663897527,-6.98571621073073,-1.14285081602425,-3.72578626911644,6.5917990092569,17.6361608354273,-2.17858800398503,-6.27381088656859,-4.72462616312457,2026-03-02
-7.00116290584211,7.78452059653839,9.79278831506909,-9.79717388622813,-6.78712414096696,-0.814324611538258,-4.35355776929868,6.35157036139096,18.2217282876794,-2.50309036623717,-4.94335158994323,-5.95082229062332,2026-03-03
-6.78814337364179,6.24503150589284,8.68923073767529,-5.39164112606961,-6.9191651911193,-0.570334687646745,-3.64839043954428,6.22028743654633,18.235456981802,-3.32178488063398,-5.34453872830392,-7.40600823495685,2026-03-04
-6.7869229034085,6.13740388335471,8.58438152465136,-5.93069753357082,-6.21259758454429,-0.62891176955527,-3.4984565757873,6.31324705720398,18.3433905797724,-3.20550608976787,-5.49771813082814,-7.61761245752027,2026-03-05
-7.2101262884238,5.99929521505979,8.58707038082865,-6.13359269947521,-6.11401477874917,-0.578828284724749,-3.83883031109296,6.47625410652029,18.2593663667774,-3.55244403518014,-5.35915673405225,-6.5349929374879,2026-03-06
-6.98912671276715,5.37670635075621,7.9838522496901,-6.03494906688167,-5.47181770374353,-0.48984467177211,-3.68107854557293,6.7179597638319,18.4715782015287,-3.41980887844718,-6.35110626170579,-6.11236472491657,2026-03-09
-7.18750393262482,5.52211796285805,8.19646849550922,-6.62982099828567,-5.45998048758654,-0.491923012125722,-3.46413148683578,6.90779298948175,18.5721769022393,-3.58347610576664,-6.01799057924515,-6.36372974761803,2026-03-10
-7.341076514323,5.56382958548865,8.25549451737315,-6.90181692135118,-5.32437116513541,-0.50548985842766,-3.29249226206113,7.06770979750063,18.6213629483525,-3.56642343156307,-6.10053241664992,-6.47619427920355,2026-03-11
-7.2383219647267,5.65285152051479,8.13454302405536,-6.83305437437169,-4.71881876214617,-0.534932669038278,-3.44953196634413,6.93724753570622,18.4202632495468,-3.51970659697594,-6.228735512306,-6.62180348391428,2026-03-12
-7.35965249901992,6.23475955359683,8.78502202728407,-7.8280422113838,-4.93072662982673,-0.481816533240356,-3.5422622141561,6.88995009200404,18.3687713383121,-3.66623909701269,-6.24049435414106,-6.22926947241636,2026-03-13
-7.45064237213895,6.26135989327619,8.69081745446007,-7.72544601136628,-3.90906161377696,-0.503779212902215,-3.46914474793849,6.92727094591856,17.3286059338856,-3.88932411746919,-5.93144458336681,-6.32921156858153,2026-03-16
-7.37215762970503,6.4594529326753,8.85013429243057,-8.59163280425075,-4.05414692406036,-0.593372682789108,-3.23845491861192,6.96167115714299,17.6396541433549,-3.79491044443604,-5.91134065460047,-6.35489646715011,2026-03-17
-7.25089587271201,6.15649649794152,8.78762289904815,-8.62339776587678,-4.01866329915836,-0.71399179395398,-3.2093601988037,7.38589656053489,17.9134764465709,-3.53768378804061,-5.90739940158561,-6.98210028396436,2026-03-18
-7.51735770291752,5.47684680433375,8.15745463717536,-6.69560440362161,-3.91722167065649,-0.577528543087269,-3.13306279095501,7.51089690571325,17.8575288688935,-3.77369313213178,-5.70011842029403,-7.68814055245211,2026-03-19
-7.71406195455364,5.86865120342804,8.47156294515713,-6.7277661200154,-5.54569337934919,-0.620870528600102,-3.12084569063692,7.08652485989624,17.7114473294984,-3.88221737621683,-5.63161018593406,-5.89512110267372,2026-03-20
-8.25070927016273,5.98404989462206,8.48619805129574,-6.54061708967889,-5.37372413784199,-0.580538734172247,-3.17502980469994,7.19544470591546,17.7969040978727,-3.74809131961108,-5.53357277895842,-6.26031361458072,2026-03-23
-9.19022477470836,6.17506683490862,8.86562694992116,-6.7312788715704,-5.74878609917246,-0.594036602736558,-3.2115912531268,7.39885021946154,18.0491659888321,-3.57596772794451,-5.36088609568207,-6.0759385681823,2026-03-24
-9.12882535794014,6.44767217404228,9.08679998962283,-7.21406590153582,-5.86331490364552,-0.457729879960399,-3.07512680770617,7.42717724620262,17.7250500739767,-3.4365388924297,-5.45668113231142,-6.05441660831527,2026-03-25
-7.52196699884547,8.29812475028351,10.9507225352575,-9.07442827881741,-5.0374590072466,-0.513246025701265,-5.19612355242447,7.66950684811773,17.4472059207394,-3.75799107791795,-4.71169582937633,-8.5526492840686,2026-03-26
-6.75851684739266,7.7158532290922,10.6129122904041,-10.8804797104665,-6.21150250506921,-0.431431116824758,-3.65827545417074,7.61914480797233,17.1960517177502,-4.10850098752183,-4.51999789653224,-6.57525752724086,2026-03-27
-6.36129680684,6.93220628136881,10.2369531058824,-11.0785149893813,-7.6796251163336,-0.183770442959323,-2.03622664232507,7.70137267717308,16.8660403298146,-4.40045371809853,-3.96342389055952,-6.03326078774154,2026-03-30
-5.24202422027525,6.77740569945701,9.76978829383256,-10.8048167472145,-7.76706617822643,-0.479341663898182,1.02735245750421,7.03281394970701,16.6263056277263,-5.11237384699211,-5.07068473771781,-6.75735863390288,2026-03-31
-5.0833746696356,7.31137531021308,10.1676912354264,-10.1861022585326,-7.61258849979758,-0.738201382987591,-0.236065150816129,6.90315364259814,16.8316991070009,-4.92878745938105,-5.43050400809421,-6.99829586599371,2026-04-01
-5.51647172227818,6.49892084685708,9.68890955787188,-8.98550448825866,-7.60118739688034,-1.00336873699519,0.270589413716722,7.09345211875392,17.2293885335553,-5.14046850480463,-5.06383109496264,-7.4704285265753,2026-04-02
-5.31192544893377,6.67878346112578,9.73127246933032,-8.30445754344611,-7.21191108221707,-0.850544106060561,0.856941433997269,6.52082514315828,16.8964673738672,-5.62539101482386,-5.27942026591138,-8.10064042008612,2026-04-06
-5.49175635445385,6.76534157577079,9.80752915590992,-8.07770821231495,-7.45604062471297,-0.891253369360919,-0.0519958524470496,6.94124500366259,17.1879632607528,-5.07464513405787,-5.10692911757192,-8.55175033117654,2026-04-07
-4.55237917081704,6.91357413914469,10.130810268128,-9.2067633330805,-7.78688842605466,-0.966826634188435,0.00280588712449159,7.21528478710032,17.160374503134,-5.22828884396397,-5.37390943989886,-8.30779373662808,2026-04-08
-4.57396315490124,6.2842088009611,9.59866764327471,-8.32746772802293,-7.69731050442331,-1.05885322366441,0.340107256874516,7.40853674480149,17.2190425043404,-5.06023584211486,-5.75895025325989,-8.37378224386563,2026-04-09
-4.69418715127578,5.84312436306969,9.22452899030741,-7.45120394207291,-7.6699277755355,-0.998503201155603,0.304636038149601,7.41008849691289,17.2171386725863,-5.0405318502719,-5.70300046521118,-8.44216217550307,2026-04-10
-4.54610918921046,6.1226649643974,9.39586030109915,-7.743400295743,-7.87757795210244,-1.24318841787401,0.219824312800059,7.36076990432085,17.3806701861585,-5.14859226599328,-5.60874180185387,-8.31217974599888,2026-04-13
-4.60697027747725,6.61726657388219,9.97557321307012,-8.54094299308247,-7.86715677144545,-1.30748863239615,0.477725232062459,7.33832898850098,17.0934083023288,-5.28285686938175,-5.42051070314444,-8.47637606291699,2026-04-14
-4.01313233359573,6.49727830653225,9.93967104342968,-9.42623015459631,-8.19689027683301,-1.22958879569538,0.937523086356007,7.23064237510697,16.9947066154552,-5.3298225961145,-5.26113783099993,-8.14301943904525,2026-04-15
-3.86005710933576,6.64938817279997,9.9984618364321,-9.65689914009125,-8.20277554916441,-1.28756692352284,1.65355442925354,7.27655084053437,16.6014029810227,-5.18459905479666,-5.67096099634055,-8.31649948679126,2026-04-16
-4.32440930371876,6.48917694965564,10.012035436864,-9.26996751827676,-8.38040113698656,-1.32972176610652,1.97943765466292,7.65459924876144,16.8856413124294,-5.41599789281094,-5.75366870058834,-8.54672428388548,2026-04-17
-3.70820795081762,5.98164008367515,10.0592508066884,-9.9301836756525,-8.39098115325003,-1.37890606533142,2.631066557416,7.70124540619051,17.1749710440323,-4.976451303846,-6.49678054120837,-8.66666320789643,2026-04-20
-3.96886417371546,5.66049861827952,9.9267581256984,-9.75189065040113,-8.89375892854978,-1.3621459402075,2.98314446969369,7.55148684147643,17.109195848156,-4.88551104289212,-6.15301792316711,-8.21589524437094,2026-04-21
-3.53054020724117,5.89394234338789,10.2302546074005,-10.1020594446744,-9.19895685860475,-1.27781824100401,2.98986460213841,7.80567787593959,16.8540534932807,-4.9610489999239,-6.21429602326982,-8.48907314742906,2026-04-22
-4.14992480718962,5.51878418952913,10.4867388738083,-10.497092588802,-9.14422907668663,-1.28736446804382,2.9864794192616,7.97237940960122,17.1527682019039,-4.7503363624602,-6.03101149681216,-8.25719129410967,2026-04-23
-3.18607557866517,5.20821219436891,9.41792239872441,-10.5065166528663,-9.54209240813002,-0.11998985215164,3.07402742981935,7.41314870423362,16.9246861107339,-4.77564230619377,-5.79370016844159,-8.11397987143171,2026-04-24
-3.02246863322655,5.10154259703195,9.69814584450974,-10.788134897406,-9.86553143161293,0.00881751613559434,3.20132298693539,7.42306476054881,16.976636883789,-4.66108401745003,-6.03644599231824,-8.03586561693667,2026-04-27
-2.70315951874117,5.23427135343634,9.95273947716215,-10.834645838253,-9.97223094218926,0.100567245393898,3.1153055883287,7.67580407459967,16.7688083733441,-4.73720387760658,-6.11339662380936,-8.48685931166556,2026-04-28
-3.294739312838,3.75558897799888,8.71364379528323,-8.58512675492243,-9.44689279292418,0.048814358546287,3.17036946824911,7.68073311784313,16.8632185359603,-4.6745424357201,-6.0207718536233,-8.21029510385297,2026-04-29
-3.3278294887328,3.81897628598526,8.83325104865848,-8.68963514955995,-9.15434215250732,0.0295521163968226,3.10043432360191,7.7646319183655,16.807798327498,-4.68046094449983,-6.19178202541544,-8.31059425979061,2026-04-30
-3.25005102138858,3.64803215778934,8.68567987609129,-8.35237206427981,-9.23150830779975,0.054661528224031,3.2336257832291,7.76434470687087,16.9038274973077,-4.62059977356397,-6.39955120442525,-8.43608917805498,2026-05-01
-3.22606434440776,3.75719389098808,8.81446668856343,-8.20654757781887,-9.32404642360644,0.0993029747148091,3.23357092649391,7.44397274714845,16.6052295142061,-4.65256689463672,-6.35100576377438,-8.19350573787065,2026-05-04
-3.29585685657852,3.86958404869766,8.96750588015071,-7.62459673872988,-9.58730331176243,-0.0235355024642629,3.01661731512373,7.64323288611357,16.4424916388597,-4.34605473698129,-6.35735186359762,-8.7047327588314,2026-05-05
-2.81274120322662,5.07813493477393,10.2175147955083,-8.98791026589092,-9.84030827318253,-0.181403139927369,2.52945845419706,7.51660482640364,15.6426848330816,-3.80614247494741,-6.50957763146019,-8.84631485532946,2026-05-06
-2.71800089697576,5.20240339169398,10.4948482268942,-9.27426970677407,-9.71544601522534,-0.540415380774227,2.94694587164931,7.61133155803795,15.7116206950372,-4.00238648779693,-6.48544822629192,-9.23118302947441,2026-05-07
-1.5440060001573,6.3095442026024,11.3985124528209,-11.0502827322669,-9.65596270547844,-0.736669593150807,2.61135237951416,7.02780671150919,14.7800618219157,-3.23869013223219,-6.46091957796017,-9.44074682711657,2026-05-08
-0.995639376343739,6.53564904681782,11.9504955113293,-12.245953470265,-9.44210792025356,-0.88368176542888,2.56189739131756,7.09227125080041,14.5218077844627,-3.33993422374879,-6.45179700332507,-9.3030072253628,2026-05-11
-1.44168167502485,7.85537044242443,13.3374205753802,-14.9375500237568,-9.48229718444688,-1.45047966949063,4.24644501230384,7.02383956136686,14.4676364222598,-3.08009810416851,-6.09797256332124,-10.4406327935261,2026-05-12
-1.98892686129453,7.61733232660944,12.8478920144885,-8.59181734379453,-8.35889896162633,-2.26277775895532,-2.10492379332357,6.64598621756636,14.1478487600561,-3.05232862599315,-5.24758131198143,-9.65180466175154,2026-05-13
-1.76294457370319,7.82399672735734,12.9928715474107,-9.10712593376633,-8.73189822238032,-2.26410308691058,-1.41612957130628,6.43736996740041,14.0783387899285,-3.30497192373332,-5.28615087223939,-9.45925284805746,2026-05-14
-1.09346280572198,8.34700022668198,13.368824243029,-8.67672611828202,-10.3441775129134,0.167617042846009,-1.62262962708748,6.23454886088686,13.3521582916739,-3.92192679535405,-5.29661310081481,-10.5146127049441,2026-05-15
-1.71911908286488,8.45178369782522,13.1397391069176,-7.86396448245067,-9.96187549186647,-1.01775236480937,-1.5300268618189,6.47915411993868,13.624490984712,-4.19446176178039,-5.01007462732398,-10.3978932364788,2026-05-18
-1.89071179114664,7.70355556664512,12.7881066941757,-7.71710680633948,-9.65431005304595,-1.13317796923931,-1.27079088769544,6.36378275071898,13.6780668719959,-3.94865501197733,-4.70368921152914,-10.2150701525624,2026-05-19
-1.23684720687514,8.48164184982956,13.4794242430653,-7.89113593021284,-9.63332412378571,-1.50648981378168,-1.56287221902334,6.17725813372127,13.3162415891368,-3.65022189824104,-5.13558930068405,-10.838085323149,2026-05-20
-1.21608510751541,8.64205864610886,13.5879004442248,-8.32964420612591,-9.49397915259797,-1.7870789013306,-1.58462383347748,6.18019231437817,13.3610498455182,-3.51144135416111,-5.13849409783088,-10.7098545971907,2026-05-21
-1.04557956753428,8.0144873463791,13.3661798614722,-8.25753275770773,-9.34907725376468,-1.73882593903535,-1.50683159965078,6.22257760115953,13.4782785481344,-3.49835032501417,-5.04877122965686,-10.6365546847813,2026-05-22
-0.560190967477453,8.50260895120498,13.9052046327876,-8.4310613496474,-9.38441015773385,-1.86339733645943,-1.68824825050688,6.11899515036269,13.5894802713555,-4.72689145430991,-4.99153094307508,-10.4705585465008,2026-05-26
-1.29587685627508,8.50720718647622,13.8882153789108,-7.93187138807196,-9.17503993569769,-1.95780472209678,-1.63627301496424,6.23728598993711,13.5367165024024,-4.61661175381649,-4.88156950547298,-10.6743778813313,2026-05-27
-1.17024642028153,8.51946186536217,13.9107783055838,-7.58476410228948,-8.94094582531575,-1.87754216345767,-1.62395296125613,6.03761420749677,13.4689714169944,-4.8014028957634,-5.13247315695402,-10.8054982701192,2026-05-28
-1.46924086454248,8.39010229478498,13.7223470287948,-7.2737666128713,-8.91355876035574,-1.75940859666812,-1.65943856438733,6.06935584108027,13.6092432441511,-4.84710143923046,-5.05417618310299,-10.8143573876527,2026-05-29
-1.49056356935797,8.47072097888299,13.2655564885276,-7.35239645272497,-8.8552832792107,-1.73128113122488,-1.648451421104,5.89694119671475,13.6257272523298,-4.62812491981476,-4.82838544469805,-10.7244596983198,2026-06-01
-0.865322897149717,7.11713949385916,12.7294352389185,-6.93731829852644,-8.12503407632,-1.99236616185349,-1.46821329329419,4.75371807670453,13.3283525656485,-4.07933875896944,-4.51894772715566,-9.94210416186174,2026-06-02
-0.643687510073498,6.72031719098909,12.9404711954492,-7.60269021936996,-8.46676812211273,-1.97514474746503,-1.3190022685253,4.55736028327691,13.9318308398822,-4.03964794341065,-4.09325421745964,-10.0097844811806,2026-06-03
-0.79429101741394,6.78937946144224,12.8412217631376,-7.54923060941277,-8.39829039873897,-1.96552586943611,-0.993499782071245,3.91428382869746,14.022912272257,-3.77849826730515,-4.0240582180566,-10.0644031630995,2026-06-04
1.4630666258615,8.20572009370916,14.1909819134312,-8.9169001495511,-10.2949946664699,-2.31746468361055,-1.82770584685177,3.38420091700081,15.5215273478009,-4.55598528906967,-2.31978186913797,-12.5326643931127,2026-06-05
0.993332278618212,7.4296147155497,13.221848251359,-6.85354399581818,-10.2501611254774,-1.87944538123851,-2.10036509984218,3.58296696550785,15.7056222408364,-5.01179435477771,-2.75415764966195,-12.0839168450553,2026-06-08
1.10154975145487,7.496233741258,13.1602853417342,-7.31541525252595,-10.4352258114844,-1.36246154924104,-2.10653072741676,3.76775633262848,16.1023087532599,-5.2510886686722,-2.80264848208546,-12.3547634289096,2026-06-09
1.64035983083751,7.64239783176313,13.2816503345715,-7.22265657037641,-10.5063543090097,-1.11889260641861,-2.0529732692473,3.41196501479003,15.5713890591642,-4.94844109123833,-3.12723433723055,-12.5712098876055,2026-06-10
3.10643274976448,8.35764415534011,14.4204379315014,-7.14701026374473,-11.6150652443797,-1.29111575506658,-2.29564878891402,3.3911186946563,14.4384110791389,-5.16363718245675,-3.06132619588564,-13.1402411799538,2026-06-11
2.23369661034855,7.56117934315661,13.4471089992265,-4.93473335938907,-11.8128018511457,-1.15839923574171,-1.81921288395813,3.51525556334805,14.5197952129888,-5.20043275061525,-2.93360703096357,-13.4178486172552,2026-06-12
3.63477891577452,7.9820532875509,12.9280322140893,-5.14196939680754,-12.4088698378735,-1.47909167365858,-2.08624186695878,2.56052902698974,13.8756746402483,-4.00777866323308,-1.71282461042107,-14.1442920357002,2026-06-15
3.36722199482942,6.88534640199802,12.1024805277262,-4.9355107430585,-12.0697365128364,-1.66915267866745,-1.30458005338615,3.49047900565699,15.0920764097394,-7.25221373929901,-0.37386297481126,-13.3325476378913,2026-06-16
2.89474307506991,5.1064028477545,10.1315491873414,-4.80672824502421,-10.4700063421307,-1.74787141200946,-1.00065001969917,3.84386833408212,15.29338863667,-6.30236659941761,-0.417354521032209,-12.5249749416046,2026-06-17
3.50108592852033,4.66525722421659,9.60833168082139,-5.18114341702006,-9.43564241406711,-1.59761150747268,-0.997890256374165,2.53668107894121,14.7775394022966,-5.63393263475595,0.145760206616458,-12.3884352917227,2026-06-18
3.66586176115328,3.90567046333608,9.52783189783402,-6.18776930948309,-9.16342495222236,-1.61837665316324,-1.06585583253842,2.26503488905058,15.1156772734671,-5.15729565091803,0.564903510101971,-11.8522573966179,2026-06-22
3.67821900031667,3.99870472271041,9.26490449353028,-5.25636182953066,-9.8145689722148,-1.50989957770329,-0.343238652310957,2.68403017246581,15.2446571097863,-6.35438994069778,0.26490788149323,-11.8569644078453,2026-06-23
4.46764391372062,4.19338248331118,9.80652968447988,-4.5522885599018,-10.4085640474017,-1.52237878492827,0.0958448090037516,3.01005997954969,15.7773951867764,-5.59362896468473,-2.46877062207032,-12.8052250778548,2026-06-24
4.34142428468935,4.18765336442834,9.94195149283343,-4.61284815329421,-10.267716026985,-1.40494962703222,0.0321331928212016,2.69380491105973,15.5138577193456,-5.29782214536503,-2.55031461151458,-12.5771744009866,2026-06-25
4.74925668182817,2.86647420807054,9.25609853704896,-4.50483010103245,-9.71170727988842,-1.53565832103598,0.156944392216975,3.35556450212657,16.2735325051629,-4.48644204875553,-4.39040209880756,-12.0288309769342,2026-06-26
4.67164817466359,2.84166396465237,9.26263094321729,-4.58021532938124,-9.74015093409595,-1.50014026299392,0.156509926576732,3.59080956504671,16.3726339946087,-4.45528824657573,-4.64694799176439,-11.9731538039542,2026-06-29
4.95120900970277,2.32906236806872,8.51230579832453,-4.79494641319316,-9.89173792731187,-1.4470121438494,0.300189163326261,3.74047316855949,16.480008802822,-4.16661844965132,-4.33133294808319,-11.6816004287149,2026-06-30
3.98106729310035,2.36829423241461,8.51530446585299,-4.63506140093093,-10.0064085573809,-1.45584956662269,0.320740536044313,3.40725384197681,16.5955720109168,-3.79496314616636,-3.87765579782038,-11.4182939113846,2026-07-01
3.65228707212351,1.67497685708005,7.79709155015553,-5.92051571735392,-9.88009686713214,-1.29199816606907,0.24319364877252,4.0501578433264,16.6734586430504,-3.01340957960594,-3.37162949773069,-10.6135157866166,2026-07-02
3.65534340935505,1.84978978292699,7.87838404725568,-5.44577616320086,-9.77531065053176,-1.21738342821597,0.237801568611403,4.51409265890457,16.8242622846151,-4.93028452447485,-2.83260238772138,-10.758316597524,2026-07-06
3.23554643472986,2.60808351432371,8.56907885490106,-6.71564240662669,-9.34107456564397,-1.31670473392547,0.288506832680199,4.57050178835188,16.8146869295352,-5.61917701442294,-2.60465086971193,-10.4891547641909,2026-07-07
3.2755732703575,2.41494785740427,8.20054015101077,-6.29412982409367,-9.39255609689241,-1.30890918445387,0.274076862344917,4.59703813422117,16.8487451907904,-5.74308941632868,-2.49373074339437,-10.3785062009661,2026-07-08
3.5029131241669,2.55362391165463,8.17658795151628,-6.4643894795613,-9.26868305242031,-1.37917891113793,0.153703406342852,4.75609874514316,16.2415289233329,-5.54058552711791,-2.34032531044464,-10.3912937814747,2026-07-09
3.43374602790272,2.16577174847561,8.01260298834438,-5.94047590397481,-9.48777193113383,-0.766021287836025,0.129414548489365,4.77590959271599,16.1328463608708,-5.60753258215483,-2.23839549499079,-10.6100940667086,2026-07-10
3.20024725620328,2.92236391588871,8.53531682877127,-6.41561517314995,-9.45644621865043,-1.43919532270365,-0.320998000037683,6.22355136437415,16.2074494180805,-6.55604968153879,-2.38045709030472,-10.5201672969327,2026-07-13
3.90707275238145,3.06082192085127,8.90756773079843,-6.85271460290748,-9.61133513668453,-2.69997350739991,-0.365543428338494,6.89832177998225,16.5071471822463,-7.11652822876375,-2.43433501689942,-10.2005014452661,2026-07-14
3.58922678180289,2.67676897394172,8.52048109253805,-6.55329570980122,-9.3322322428998,-2.58902898372221,-0.189408724266169,6.9732376065939,16.5784450355939,-7.08024754176225,-2.48484076199206,-10.1091055260267,2026-07-15
3.94045659370563,2.35007889687174,8.27974174101699,-7.42939302634275,-9.38307755874569,-1.43732536800519,-0.1851221078549,6.58367886305889,16.620391240118,-7.21182948978553,-1.99002165058896,-10.1375781334482,2026-07-16
3.45847078712787,2.73776580516969,8.4974769039746,-8.13628792954875,-9.46470062213114,-1.31757230019352,-0.0837446903257595,6.57124524169382,16.7589539541326,-7.07766293897639,-1.93260909143517,-10.0113351194878,2026-07-17
2.97781973453333,2.72565235083336,8.40235672178807,-7.76576875986613,-9.01474351669156,-1.30890918313218,-0.0763047768982172,6.40111783538129,16.434049151559,-7.00219415984729,-1.90894649156363,-9.86412890609596,2026-07-20
2.8236992489018,2.80923836346598,8.38702023113252,-6.46795618570925,-8.97830575942175,-1.31274729396828,-0.180130867779192,6.5666816997566,16.0985118952119,-7.22114485253043,-2.06872399083009,-10.4561424882298,2026-07-21
2.65434961506128,2.99342118825234,8.63478436025119,-6.86953209998701,-9.09986751893431,-1.34323484755356,0.15681906358498,6.58119298781745,16.1508156803046,-7.11004958673677,-2.0762979557677,-10.6724008862925,2026-07-22
2.93823046102351,2.56519533685402,8.49011738451082,-7.40885290258685,-9.43535133863089,-1.41931951641037,0.255872272274805,6.78863265592869,16.4824610277646,-7.33754974596114,-1.86947141294415,-10.0499642218231,2026-07-23
2.99677045348385,2.56962461276783,8.54495130990128,-7.41449218267909,-9.45567521391076,-1.38893863612862,0.166730826628769,6.9572841849384,16.3716930714106,-7.43523720230524,-1.83089053251233,-10.0818206915947,2026-07-24
3.08401066136516,2.41627813915053,8.22422261912261,-7.2844252491479,-9.6785316140163,-1.29928540661598,0.249516720138453,7.04953209121409,16.6063184251883,-7.39012326031435,-2.10661694693385,-9.87089617915078,2026-07-27
3.10465042200318,2.48264774483251,8.41257290704498,-7.15249221306258,-9.70237254062061,-1.29270993040154,0.143690463326786,7.07307157517771,16.4295125534215,-7.38277489352706,-2.15780470382379,-9.95799138437111,2026-07-28
3.37321145517133,2.7926511770369,8.50575079854045,-7.19129924532018,-9.94676653744447,-1.16487766381144,0.146377908837478,7.05648776480186,16.4045697794747,-7.96764031505663,-1.89493423182213,-10.1135308904079,2026-07-29
4.14401973979051,3.14319052344972,8.84547545467568,-6.95611795510288,-10.3351134358188,-1.06835913022615,0.0360854371278796,6.88108402917935,14.7969049224065,-7.52816859342349,-1.80730588570187,-10.1516951063565,2026-07-30
2.57695252007947,3.11380666864883,8.73232712197542,-5.23826794048081,-10.1630822074883,-1.22795570088229,0.363021769920631,6.91539912862827,14.8964078481222,-7.73711865472105,-1.90392816833065,-10.3275623854717,2026-07-31
1.56430072047588,3.33277100502194,9.04412091632527,-5.06693136721973,-9.79357849005739,-1.21497913169605,0.376103508956988,7.08299589394875,15.3793568519367,-9.28506656886948,-1.46174820874714,-9.95734513007571,2026-08-03
2.7049869628809,4.4764676758808,9.89100361886167,-5.23291183468298,-9.82891041392325,-1.90407117734782,-0.348742194180602,7.15479645780263,15.2818549634791,-9.3228596783673,-2.45171241044425,-10.4199019699589,2026-08-04
2.18717267591601,5.1894224490991,10.4531814377864,-5.87175737237502,-9.33835277962663,-1.55122664564556,-1.88991494551043,7.22118931900016,15.2664286807915,-9.50758268169466,-2.88191629044597,-9.27664384729495,2026-08-05
2.02579202396466,5.08021007024048,10.3644664643639,-5.40279493840611,-8.67961159229503,-1.54131244027745,-3.25401147631017,7.29664611559357,15.3082829672489,-9.26078611332411,-2.82830618992002,-9.10857489087866,2026-08-06
2.40591990702411,5.04016941100929,10.3582774211667,-5.82561711957015,-8.4777735588246,-1.53807153264747,-3.32853337318431,7.45201535171898,15.2524360028554,-9.59576148738679,-2.91768456423111,-8.82537645793005,2026-08-07
2.52281441484136,5.21716392766072,10.5902935131583,-5.91263162347449,-9.0640128974682,-1.44273922970397,-3.21007179804562,7.55863369688275,15.334027968712,-9.68402950021176,-2.92966500513415,-8.9797834672169,2026-08-10
2.59345927990519,5.04476404521408,10.4609434270824,-5.66838548997044,-9.35443596549628,-1.43266658164164,-3.25070303684872,7.69540446456938,15.0477671293243,-9.55663237673527,-2.74615661383165,-8.83335828157133,2026-08-11
2.45662871072495,5.0689080758815,10.4451863371889,-5.7074030541753,-9.3021227825009,-1.38213231833224,-3.23383085972166,7.77514838507922,15.1238477322713,-9.77884602552284,-2.66571814320086,-8.79966605769204,2026-08-12
2.25599851848479,5.12702523225502,10.4597751875574,-5.6583593670333,-9.22423161751513,-1.38242927335331,-3.24426381439685,7.86679959161343,15.2257771212381,-9.67072341369288,-2.61013744454188,-9.1452307206154,2026-08-13
2.38181968529219,5.15041899451369,10.5102875886594,-5.26849554333476,-9.66609498305489,-1.37286742350829,-3.31536720099897,8.00444483380579,15.003386493658,-9.86147252041625,-2.54034998852027,-9.02570993609564,2026-08-14
