date,R_FANG,R_FNGS,R_SOXX,R_SMH,R_SHV,R_SGOV,R_BIL,R_IEF,R_TLT,R_BTC,R_ETH,R_UNI,R_AAVE,R_GLD,VIX_chg,Y3M_chg,Y10_chg,SLOPE_chg,FEDTARU,R_BUIDL_nav,R_BUIDL_mkt,LIQ_BUIDL,R_OUSG_nav,R_OUSG_mkt,LIQ_OUSG,R_sUSDS_nav,R_sUSDS_mkt,LIQ_sUSDS
2023-01-03,,,,,,,,,,,,,,,,,,,4.5,0.012410958904109589,,,0.012410958904109589,,,,,
2023-01-04,0.5812134880081161,0.670476848642398,2.541511097845485,2.510673423694366,0.009071349669710122,-0.009968407473326215,-0.010892987963239297,0.7636937067214208,1.3606862467329597,1.0934153962035356,3.3789247030115392,2.6500477351609595,6.826898276969833,0.9367889939565922,-3.9639987964763956,0.019999999999999574,-0.10000000000000009,-0.06000000000000005,4.5,0.012465753424657533,,,0.012465753424657533,,,,,
2023-01-05,-2.4911137957325793,-2.4040249339973108,-1.7005793066940729,-1.8080108958813024,0.01818090049760774,0.03999003747472531,0.03276354345136131,-0.14401864452560262,0.4172399290825348,-0.15728177184386805,-0.4856888032440565,-2.836084515637991,-2.4959913937608262,-1.252963086748756,2.023900261036192,0.11000000000000032,0.020000000000000018,-0.06999999999999995,4.5,0.012767123287671234,,,0.012767123287671234,,,,,
2023-01-06,2.4883960440607025,2.1688225531596848,4.548218250942806,4.280809365403559,0.01817759564701345,0.019921937737778235,-0.01093754200162813,1.2787030215779807,1.8229489896641378,0.6820792235553175,1.5033458138128266,2.7451792640674735,1.9104157049195558,1.853466381119925,-6.104211663738497,0.009999999999999787,-0.16000000000000014,0.050000000000000044,4.5,0.012794520547945205,,,0.012794520547945205,,,,,
2023-01-09,2.5283663102093454,2.214950250657314,1.8255758637279482,2.154546493792361,0.00910788806352331,0.0,0.021868165214427113,0.2537761175777506,0.530990135736848,1.4325077364631151,4.026909465356243,4.8959823781683625,8.175561232647238,0.22426010679794786,3.898406323239964,0.03000000000000025,-0.020000000000000018,0.029999999999999916,4.5,0.012876712328767123,,,0.012876712328767123,,,,,
2023-01-10,1.6675162708529594,1.9563731791529988,1.2849971622885517,1.2908688514137128,-0.009107888063522859,0.0,-0.01092858824781511,-0.6305901965251727,-1.6688350347601788,1.4418133870887373,1.132172480256873,-0.1816735933942179,0.9383207151480034,0.3669304474491391,-6.535812844402532,0.03000000000000025,0.08000000000000007,0.030000000000000027,4.5,0.012958904109589041,,,0.012958904109589041,,,,,
2023-01-11,2.0375672288489626,2.1843627286293223,1.281876946861259,1.1662100787531737,0.0272805249928282,0.0,0.0,0.6407369780155686,1.612066886836537,2.762115049773119,3.7696755891364577,2.311416926066047,3.707449052754172,-0.06870298860052755,2.447927502705114,-0.010000000000000675,-0.06999999999999984,-0.030000000000000027,4.5,0.012931506849315069,,,0.012931506849315069,,,,,
2023-01-12,1.2519470370946493,1.2541336302002488,1.2084558424176441,1.4866790260204519,0.05455498484351841,0.05983860825951208,0.06556867122481225,0.8881701332573612,1.949104607295865,5.080318049018759,2.1388637532641703,4.144343569729868,5.578982989108666,1.1501603213231941,-11.33476631084279,-0.05999999999999961,-0.10999999999999988,-0.029999999999999916,4.5,0.012767123287671234,,,0.012767123287671234,,,,,
2023-01-13,0.7518270348036579,0.700708180886455,0.4125414302527102,0.3593833214338324,0.0,0.009974871554988708,0.0109300199466695,-0.5339944418202058,-0.9416879962724269,5.36492128036686,2.3472599213271415,1.9844021474652034,4.861147027196347,1.1930333702592915,-2.5821743328217783,0.009999999999999787,0.06000000000000005,-0.040000000000000036,4.5,0.012794520547945205,,,0.012794520547945205,,,,,
2023-01-17,0.9312917800998032,0.8821612899001994,0.113859998364734,0.5917292812498115,0.027193223619546895,-0.009968407473326215,0.0,-0.31363392168079485,-0.648447466243716,6.098368335642061,7.702610813446411,0.9374672737932257,18.052079111284545,-0.6566591290624395,5.357951808573396,0.040000000000000036,0.03999999999999959,0.07999999999999996,4.5,0.012904109589041098,,,0.012904109589041098,,,,,
2023-01-18,-1.410931599263033,-1.3794016334619499,-0.5264014286174501,-0.627150430169733,0.009122332145546554,0.029912694390224835,0.010919041870793789,1.3487980603726226,2.3942580357555285,-2.2592831153300663,-3.395273830849871,-4.775648569343024,-3.8527431243815933,-0.28758838411488397,4.938028474742281,-0.019999999999999574,-0.1599999999999997,-0.039999999999999925,4.5,0.012849315068493152,,,0.012849315068493152,,,,,
2023-01-19,-1.443266367816623,-1.5263735816639266,-2.8454717595401395,-2.476024904875102,0.02720771318901568,0.019942782507762397,0.04367402812179077,-0.190135553493346,-0.6279700319658297,1.9055334102897954,2.4152930294644377,1.7156389388704296,-1.1331592703768911,1.5743931377470841,0.8810644488462888,0.019999999999999574,0.020000000000000018,-0.010000000000000009,4.5,0.012904109589041098,,,0.012904109589041098,,,,,
2023-01-20,4.5891343397964,4.656465434953771,3.081778526894424,3.199989039403408,0.018172253033409625,0.019903077083192236,0.010913082782646731,-0.6633377157882931,-1.634380895691729,7.26845526110478,6.676655019692047,7.979155816456153,7.6121625399060795,-0.33409804213138156,-3.3196016259922025,0.009999999999999787,0.08999999999999986,0.039999999999999925,4.5,0.012931506849315069,,,0.012931506849315069,,,,,
2023-01-23,3.9496684148975723,4.107716735872953,4.899651204210603,4.607403686710695,0.0,0.0,0.0,-0.32319665176135465,-0.47193605726001414,1.1307874962590485,-1.9162996049507126,0.6680715317602716,-1.3172475042022291,0.1894637802989778,-0.2017192599349769,0.010000000000000675,0.040000000000000036,-0.029999999999999916,4.5,0.012958904109589041,,,0.012958904109589041,,,,,
2023-01-24,-0.5748359398257733,-0.668479069570469,-0.758613691387406,-0.7124038774313544,0.009068651524953335,0.029900767720459367,0.010931446251971167,0.5749711335808158,1.427809112987691,-1.3077079200906103,-4.499980858207428,-6.54047452205095,-7.996579024985165,0.3611984087940912,-3.1276514981302976,-0.010000000000000675,-0.06000000000000005,0.029999999999999916,4.5,0.012931506849315069,,,0.012931506849315069,,,,,
2023-01-25,-0.25695960462454237,-0.3040938896773112,0.27087986405659265,0.10147253755067687,0.036290730624872765,0.009973864821503885,0.010871594938211224,0.11057644353002359,0.24216065142754523,2.1043184701323545,3.478969998133842,4.6772746290030724,7.06029306204625,0.45933937952083076,-0.6269656748659141,0.0,0.0,0.010000000000000009,4.5,0.012931506849315069,,,0.012931506849315069,,,,,
2023-01-26,2.9735621871491773,3.0486469565439207,1.6711571163657846,1.7760376610792494,0.027256058748727007,0.029853144889830395,0.054535668264200324,-0.3623509253494709,-0.46625327662324667,-0.3687148593844675,-0.5353413924201912,2.463422024789047,3.6537379516924617,-0.909651500360829,-1.8514170005640935,-0.009999999999999787,0.03000000000000025,-0.030000000000000027,4.5,0.012904109589041098,,,0.012904109589041098,,,,,
2023-01-27,2.6260908040705266,2.5810428862494375,-0.6390914443287784,-0.6581409568290211,0.009053956475642324,0.009987743823837963,0.010913335280956444,-0.15137302016905674,-0.2527100506965235,0.19930464741650442,-0.3092196850388313,1.3646862865979204,-2.0929217813200207,-0.1393961575623706,-1.1815353065151442,0.020000000000000462,0.029999999999999805,0.010000000000000009,4.5,0.012958904109589041,,,0.012958904109589041,,,,,
2023-01-30,-3.4660838144434223,-3.2446136256672977,-2.6912430776770955,-2.4238196635883793,0.009053136808557561,0.02983233278527735,0.0,-0.31352993659252043,-0.3661466493296825,-1.039189359400102,-1.9479447907758056,-5.181228742207544,-7.252199357185243,-0.25700149312909554,7.441665236620897,-0.010000000000000675,0.029999999999999805,-0.029999999999999916,4.5,0.012931506849315069,,,0.012931506849315069,,,,,
2023-01-31,2.061735718261852,1.9776467579424468,1.847602820536427,1.508579225543948,0.009052317289911665,0.0,0.010912144402051746,0.5052455396107358,0.7962677437771323,1.3012288539514132,1.2181319413260567,0.903976071039825,2.4076441818127,0.3629616507269129,-2.7454744911028,-0.019999999999999574,-0.029999999999999805,0.010000000000000009,4.5,0.012876712328767123,,,0.012876712328767123,,,,,
2023-02-01,4.108351874761111,3.841700088010427,5.083131232438405,4.607510967261513,0.02733043026026818,0.014043012861375423,0.00653499354962395,0.7166018240258398,1.1949433486042327,2.4945734590003954,3.4236124265502514,3.658190964079308,6.132766515157522,1.2518134528387543,-8.214967027130218,-0.040000000000000036,-0.1299999999999999,-0.010000000000000009,4.5,0.012767123287671234,,,0.012767123287671234,,,,,
2023-02-02,4.6108006004453745,4.75070661580386,2.2903461981191,2.1161618776477735,0.036361409457522795,0.04992861774249735,0.043770515075597254,-0.04009776427085936,0.12934123832298697,-1.067474987736826,0.08820928489129534,4.16935509030671,-0.08283696482449408,-2.09702840085377,4.700311588127256,0.0,0.009999999999999787,0.010000000000000009,4.75,0.012767123287671234,,,0.012767123287671234,,,,,
2023-02-03,-2.6037073294701356,-2.2685002396435014,-1.9706372032323682,-1.8547062538281807,-0.018198770237971958,0.00996846737423832,0.021868313594035977,-1.0793597556202712,-1.5068371832238172,-0.0961136247671562,1.3001459829638558,-0.4371348421505769,2.797410558996406,-2.5274496401227435,-2.158743432649611,0.040000000000000036,0.1299999999999999,-0.08000000000000007,4.75,0.012876712328767123,,,0.012876712328767123,,,,,
2023-02-06,-0.99512491158151,-1.129502476351954,-1.6374027670058924,-1.677100281912249,0.0,0.0,0.010971405736019143,-0.8658231738646345,-0.7431654870057356,-2.983217839542564,-2.9565483793367187,-6.112622052183157,-7.506640080740039,0.20732591842408057,5.827922140640191,0.009999999999999787,0.10000000000000009,-0.040000000000000036,4.75,0.012904109589041098,,,0.012904109589041098,15.6878783980182,15.672944151442856,,,
2023-02-07,2.434245197604511,2.4682762986955313,3.13055384232968,2.9583845436264165,0.009120342191853037,0.019987438826032995,0.010892126672136227,-0.24583998309841973,-0.8058118418290721,2.191019571493288,3.3915793451235845,4.870560451295622,5.430130874848346,0.09200023760844002,-4.043609185384475,0.0,0.040000000000000036,0.010000000000000009,4.75,0.012904109589041098,,,0.012904109589041098,0.0,-0.012904109589041098,,,
2023-02-08,-1.570216132950547,-1.5274831922546896,-2.17374209580597,-1.978674719919508,0.01818145346800667,0.010001134718193472,0.0,0.3685513447425683,0.474804738615121,-1.406372248400599,-1.2813015981606406,-2.6812298947075184,-2.171164750169586,0.2468544755507998,5.067677829384996,0.009999999999999787,-0.040000000000000036,-0.019999999999999907,4.75,0.012931506849315069,,,0.012931506849315069,15.6878783980182,15.672944151442856,,,
2023-02-09,-0.8154145096757014,-0.7786491090051126,0.2548877284084315,0.3956525462869165,0.036336788618350976,0.03990544298850539,0.03279609469968761,-0.45063544769385255,-0.951849406391716,-5.007294792111713,-6.525524381958801,-7.362214584532597,-11.161563408939665,-0.7943887464013586,5.35576656646979,0.04999999999999982,0.040000000000000036,0.009999999999999898,4.75,0.01306849315068493,,,0.01306849315068493,4.918882808420535,4.90581431526985,,,
2023-02-10,-2.429318808107425,-2.4684561046966884,-1.6037141299417534,-1.694513674210487,0.0,0.009978327437474104,0.010887369394018576,-0.4834905213624871,-1.1252888080512975,-0.7722817724904627,-2.0625312701673706,0.6862142500978317,1.3332738663774868,0.19053779351280686,-0.872936672367463,0.020000000000000462,0.07000000000000028,0.050000000000000044,4.75,0.013123287671232877,,,0.013123287671232877,0.0,-0.013123287671232877,,,
2023-02-13,1.9372845425498424,1.8183122321824599,1.4598159921403535,1.492839740219894,0.027276329107388024,0.019953668361048366,0.02191747907238793,0.23689533751071026,0.8379523358485965,0.7221409653118934,-0.5098063832677688,-1.688513927357723,4.473619886340248,-0.5089097798950408,-0.9297866354522386,0.019999999999999574,-0.020000000000000018,-0.040000000000000036,4.75,0.013178082191780821,,,0.013178082191780821,15.6878783980182,15.672944151442856,,,
2023-02-14,2.285929615093981,2.4165431897352994,1.7988378231612936,2.1291449495367196,0.0,-0.009968407473326215,0.0,-0.4537241863793688,-0.230461729357378,1.8747466050136214,3.244968986860499,5.094352238635087,0.8101371814675737,0.0753454984742333,-7.289852352107458,-0.009999999999999787,0.04999999999999982,-0.029999999999999916,4.75,0.01315068493150685,,,0.01315068493150685,15.566835175310143,15.553684490378636,,,
2023-02-15,0.5597479352554159,0.3535355074786549,0.40716086153720493,-0.003949146728048141,0.009128253055129763,0.029952739824145556,0.021795665479416228,-0.30022707320381,-0.9368441093511896,8.977000786319627,7.2383525815335155,5.193544724281718,7.2752802377780394,-1.0014646847400324,-3.662231102109,-0.009999999999999787,0.040000000000000036,0.019999999999999907,4.75,0.013123287671232877,,,0.013123287671232877,0.0,-0.013123287671232877,,,
2023-02-16,-3.65330127994447,-3.3670461816075226,-2.482544463101674,-2.7529709950923253,0.04538590424135445,0.039878527277345095,0.05459020923716018,-0.33226295119181876,-1.4269374522107563,-2.855810148156573,-2.0326734323949927,-6.504842963940313,-6.114125642730471,-0.08195726363130795,10.112779216855392,0.04999999999999982,0.04999999999999982,0.050000000000000044,4.75,0.01326027397260274,,,0.01326027397260274,2.1084324900297347,2.095172216057132,,,
2023-02-17,-1.2125242558677984,-1.329336739259639,-1.5696250421493487,-1.3745243799750098,0.009066614690945076,0.009969372671239547,0.010904722120919585,0.2804198620157361,0.7745768042998811,3.9106249426100637,3.2817423985105267,3.582865358087993,2.904378784002395,0.2982339072148569,-0.7464558996273437,0.0,-0.040000000000000036,-0.020000000000000018,4.75,0.01326027397260274,,,0.01326027397260274,0.0,-0.01326027397260274,,,
2023-02-21,-2.675732213093271,-2.7897837964406094,-3.2922138062485042,-3.0870861410175308,0.0,0.019917966169172734,0.0,-1.0950233594617214,-1.9628580961607682,-0.5275232239033175,-2.1920904184408805,4.333388251402443,1.2150195981924186,-0.3744004660554526,13.309424797811642,0.020000000000000462,0.13000000000000034,0.06000000000000005,4.75,0.013315068493150686,,,0.013315068493150686,0.41958656878592304,0.40627150029277237,,,
2023-02-22,0.14105545926012178,0.12812594831747695,-0.48072524667238137,-0.4897422134023148,0.027235376015924417,0.019922896942314278,0.03278496410574022,0.17807852413148606,0.9122510769803126,-1.0180396881003118,-0.896915151985511,-1.3960923231110192,-2.886379437661988,-0.56423768979153,-2.568785625927578,-0.020000000000000462,-0.020000000000000018,-0.010000000000000009,4.75,0.01326027397260274,,,0.01326027397260274,0.0072966208869405256,-0.005963653085662214,,,
2023-02-23,1.9251320431402235,1.9023987835918073,3.2353312085740633,3.4820345366077206,0.036329265556439366,0.03985167756694108,0.03273526651278076,0.38658100504561577,0.9724725416957862,-1.0027916762018152,0.476105072802483,0.14484054404766505,0.5455680780370475,-0.05305918526508475,-5.297123690102267,0.0,-0.050000000000000266,-0.050000000000000044,4.75,0.01326027397260274,,,0.01326027397260274,0.9555700304298018,0.942309756457199,,,
2023-02-24,-2.0433752558290026,-1.8170725953604285,-1.8074293841389588,-1.801388624559273,0.009035765336889694,0.009969331197309009,0.010906128914431134,-0.6066501647417515,-1.3085994226316002,-3.179206740644356,-2.6202681869558178,-5.498787725519927,-4.853064734907251,-0.7220682249925513,2.476186749877466,0.020000000000000462,0.07000000000000028,-0.04999999999999993,4.75,0.013315068493150686,,,0.013315068493150686,-2.627944938056558,-2.6412600065497087,,,
2023-02-27,1.4947882439382043,1.4815021194129676,0.5277607924560676,0.44816770750243046,0.018190393944986307,0.009977229338809962,0.010885467561056962,0.3037760841510997,0.2769235682657538,1.390164525901003,1.600752741861792,-1.949968593800765,-1.5095308283124762,0.39126704061281053,-3.37901362836813,0.02999999999999936,-0.03000000000000025,-0.030000000000000027,4.75,0.013397260273972603,,,0.013397260273972603,2.708646907851411,2.6952496475774383,,,
2023-02-28,0.08308848509469542,0.1679299976498738,0.34220491866299746,0.050140692573897756,0.0,0.019907022092171597,0.010884282755988758,0.15675736985559108,0.4532264883029952,-1.6092730875103014,-1.7549419753221152,0.6945469821148933,-3.4406054571577025,0.45456218517804947,-1.200494565700265,-0.009999999999999787,0.0,-0.030000000000000027,4.75,0.013369863013698628,,,0.013369863013698628,0.2719941995201738,0.25862433650647515,,,
2023-03-01,-1.2315062769103806,-1.4194241500920106,0.026843284276292248,0.06680656422729131,0.018170913625233754,0.007947476253765082,0.005509838177647433,-0.8026737928548824,-1.0800886131796983,2.133680493916368,3.5202647729229692,5.304045895357783,6.575613796884476,0.5755555600934512,-0.5814010429586494,0.020000000000000462,0.08999999999999986,0.010000000000000009,4.75,0.013424657534246575,,,0.013424657534246575,4.225438323836293,4.212013666302047,,,
2023-03-02,-0.8563536185980972,-0.8245219579313288,0.7969403982256799,0.8810567384254188,0.04544113202277203,0.049946184470015385,0.03275098733595165,-0.41221450626096984,-0.8906354156307077,-0.7261350209481708,-0.9734647607413407,-3.1456800733128296,-3.6880456015835614,-0.058573515389613896,-4.93004869531947,0.009999999999999787,0.07000000000000028,0.06999999999999995,4.75,0.01345205479452055,,,0.01345205479452055,2.488119903781939,2.4746678489874183,,,
2023-03-03,3.0110923326189396,3.000305642982984,1.529792774434598,1.3480431615609623,0.009108377535544547,0.009959591696949597,0.021873436569488047,0.8017401530017174,2.393676505753858,-4.856242572977136,-4.860403256495922,-5.641004082976009,-3.8070462698804937,1.0666001055863708,-5.778920672516875,0.0,-0.10999999999999988,-0.07999999999999996,4.75,0.01345205479452055,,,0.01345205479452055,1.1892230840590217,1.1757710292645012,,,
2023-03-06,-0.3001425839868585,-0.2918358389364545,-1.169841627193026,-0.893923237773605,0.009075224526116263,-0.009959591696961482,0.010896012167611345,-0.1787855428512443,-0.778338788076358,0.29950669750121595,-0.11279347705165631,1.0946619879296113,-0.186776546933821,-0.5056593695140266,0.6469070430775006,0.019999999999999574,0.009999999999999787,-0.020000000000000018,4.75,0.013506849315068493,,,0.013506849315068493,11.290976088752808,11.27746923943774,,,
2023-03-07,-0.8330485876437255,-0.7585784927734628,-1.0593465308963288,-1.1225120046778252,-0.018183602061659185,0.029929093856483038,0.0,0.010535782637514703,0.6113572172208221,-0.9406138966041635,-0.34931302279607335,1.3598776411348672,-1.983782186717873,-1.7635068390636166,5.132013629439375,0.11000000000000032,-0.009999999999999787,-0.12,4.75,0.013808219178082191,,,0.013808219178082191,5.703470653458936,5.689662434280854,,,
2023-03-08,0.819805122643167,0.7544055082288224,2.6240229421596957,2.582276997189881,0.009108377535544547,0.009947730016142301,0.021885722571533567,-0.03156533195220531,0.09826885857394214,-2.283731506113209,-1.7987989214627065,-5.014399525180368,-4.887919041805937,-0.04745630282821619,-2.480744955448161,0.019999999999999574,0.009999999999999787,-0.040000000000000036,4.75,0.013863013698630137,,,0.013863013698630137,0.006442518425745377,-0.00742049527288476,,,
2023-03-09,-2.6272685477843245,-2.7944232506294115,-2.0069351164698745,-1.9345644645016264,0.054527846485194334,0.02993492085359645,0.021812867178789507,0.6192367170694268,0.24522041766601613,-6.442451332853332,-6.422357742676012,-6.363429684707783,-4.1718955709857095,0.980112770009771,16.81805230936015,-0.009999999999999787,-0.04999999999999982,0.10000000000000009,4.75,0.013835616438356162,,,0.013835616438356162,-0.01570513490496838,-0.029540751343324543,,,
2023-03-10,-1.5819128119403885,-1.5490842760432142,-1.951698008862611,-1.631419116849907,0.04539967782996396,0.019948677720512523,0.021856718602131432,1.3895665857346462,2.454153141605302,-0.866965688311379,-0.6627141274041085,-1.7760362727458303,-0.48960611141441984,2.1333667247723986,9.245130912260862,-0.040000000000000036,-0.22999999999999998,0.06999999999999995,4.75,0.013726027397260273,,,0.013726027397260273,0.0036522432421365403,-0.010073784155123732,,,
2023-03-13,1.0196783818507493,1.0756570631376672,0.029635508927770827,-0.06732383590884468,0.07255133096767709,0.02991111981929375,0.02189082068893495,1.2050925253118898,0.2270450452318703,11.098363118801933,13.234872810177096,8.236145711607062,10.803531863544027,2.268886194655878,6.705556017148671,-0.13999999999999968,-0.15000000000000036,0.42000000000000004,4.75,0.013342465753424657,,,0.013342465753424657,-1.1832879149440942,-1.196630380697519,,,
2023-03-14,3.7821177184861847,3.9336866431282203,2.8813703510150726,2.949014315355597,-0.018198770237971958,0.01991211699711674,0.010856147167918917,-0.9485404662433625,-1.657821695952608,2.241616479750579,1.3711433059796017,3.5807996543214893,4.104478370867734,-0.5807897981361377,-11.115913142156774,0.009999999999999787,0.0900000000000003,-0.08000000000000007,4.75,0.013369863013698628,,,0.013369863013698628,0.8712345787872444,0.8578647157735458,,,
2023-03-15,1.211163592691557,0.9905147686340706,-1.172689768172486,-1.1303306487833025,0.07255133096767709,0.039865557618079514,0.05460302667516247,1.3895665857346462,1.912634772848466,-1.5069419825617956,-2.817504134257235,-6.823962180247592,-6.943986936544309,0.7773838437142397,9.672663368957533,-0.1299999999999999,-0.13000000000000034,0.14000000000000007,4.75,0.013013698630136985,,,0.013013698630136985,-2.006164031742592,-2.019177730372729,,,
2023-03-16,3.590872785995769,3.8114396572913067,3.8310421031517325,3.923346041712693,-0.009052187965538536,0.019935687962548534,0.043612420005020844,-0.9031499921542783,-0.7853722989170028,2.738772196965048,1.2620877536401303,0.11450162157427951,1.4092879789240955,0.20180543660701533,-12.840735602736547,-0.009999999999999787,0.050000000000000266,-0.15999999999999998,4.75,0.012986301369863014,,,0.012986301369863014,3.8131442346618227,3.8001579332919597,,,
2023-03-17,-0.9111173455838805,-0.9373333610855559,-0.6209667992849578,-0.51003622238006,0.07252345424099192,0.009948620967079986,0.021842760172950244,1.1755321209895764,1.4897783841616337,9.043081735478726,6.646803468576684,7.968756897692753,7.185922398671278,2.8704276731304437,10.401121230658243,-0.22000000000000064,-0.16999999999999993,0.15999999999999998,4.75,0.012383561643835615,,,0.012383561643835615,4.055314100539153,4.042930538895318,,,
2023-03-20,-0.0005167118373051174,-0.10779359307548644,1.0521688031206795,1.0016663904835772,-0.018133989933889146,0.009956496855147696,0.010880768097834595,-0.40379803287425725,-0.8836518904213408,1.2440797804941606,-3.2410407914024537,-3.6523036163449136,-5.732639129710774,0.038079522406509365,-5.478617682322602,0.29000000000000004,0.08000000000000007,-0.030000000000000027,4.75,0.013178082191780821,,,0.013178082191780821,3.4263493039189594,3.4131712217271786,,,
2023-03-21,2.272417275657966,2.212390046631372,0.19750108963882623,0.3159136716212146,-0.018198770237971958,0.029881269820841407,0.0,-0.8737145453126843,-0.8629345578595781,1.4607259457310753,4.034301947849054,3.9811080698288364,3.71001976736914,-1.9055524569337896,-12.182849795903463,-0.02999999999999936,0.11999999999999966,-0.12999999999999995,4.75,0.013095890410958903,,,0.013095890410958903,-0.4955420514370544,-0.5086379418480133,,,
2023-03-22,-1.4397248287656932,-1.2305296252056424,-0.9984966409324894,-0.6447220314333643,0.03621815033010122,-0.009968407473326215,0.021806503422333555,1.3077083773477434,1.32453190694142,-3.1304934786025287,-3.896339040133464,-5.6798351414263735,-4.8272154367203575,1.6877382247649346,4.0335489785902485,0.009999999999999787,-0.10999999999999988,0.09999999999999998,4.75,0.013123287671232877,,,0.013123287671232877,0.16894935088592272,0.15582606321468984,,,
2023-03-23,2.497732325540594,2.53870148795227,2.68828930293037,2.6239002809934373,0.06338040688168554,0.03987904826294047,0.043559948587581714,0.572460372284786,0.0,3.690243092144147,4.428714992096054,2.645987170789441,2.5531663339085546,1.246022406367601,1.560095715503785,-0.05999999999999961,-0.10000000000000009,0.09999999999999998,5.0,0.012958904109589041,,,0.012958904109589041,1.8361016465760598,1.8231427424664708,,,
2023-03-24,-0.3295913968680891,-0.618956889208273,-1.7496847665648727,-1.5935520949186526,0.009064865721822126,0.0397657273308063,0.02177286085032252,0.030040267379865735,0.4220545413394968,-3.011973318555565,-3.60757934168494,-5.860998965040608,-5.557853516914947,-1.1316136891165252,-3.923844211971962,0.009999999999999787,0.0,0.0,5.0,0.012986301369863014,,,0.012986301369863014,0.03525623088669985,0.022269929516836838,,,
2023-03-27,-1.0230685393739614,-0.9239272212922435,-1.1805331892657274,-1.1733036739834133,0.0,-0.009968407473326215,-0.010871290285941713,-1.142879654557242,-2.3771197253187637,-1.2937246316294546,-2.110182128318438,-4.241017074361418,-4.642756091243962,-0.9299831745516749,-5.386277685143687,0.16999999999999993,0.1499999999999999,-0.02999999999999997,5.0,0.01345205479452055,,,0.01345205479452055,0.0638143373807179,0.05036228258619735,,,
2023-03-28,-0.9572045478124543,-1.0274732073861743,-0.7520948719753845,-0.6978350189205897,0.009080142892912226,0.029813202704381554,0.02178018392015813,-0.0608564019967867,0.181923640839114,0.47141000939140926,3.28703783446537,3.0012552786376423,1.2934864894797053,0.8155744573006157,-3.105998126961119,-0.11000000000000032,0.020000000000000018,-0.06,5.0,0.01315068493150685,,,0.01315068493150685,14.599841947919412,14.586691262987905,,,
2023-03-29,2.0305932723002753,2.1064954897712185,3.1638227719482215,3.065757043875624,0.009047123769383256,0.009944614350880366,0.0,-0.17257827390379732,-0.20108170251379023,3.885339931269162,1.133909593298425,2.186575025270981,3.0043372125115915,-0.49731154716589265,-4.349616152765742,0.0,0.020000000000000018,-0.040000000000000036,5.0,0.01315068493150685,,,0.01315068493150685,0.9508685183402696,0.9377178334087628,,,
2023-03-30,1.3879490145093847,1.46156858726471,1.633452315682278,1.421847313596718,0.01810788683895221,0.019868555933018592,0.021814217798608516,0.15232535170836564,0.459034563712909,-1.116959874133313,-0.014761165660493559,-0.8887795578705775,-2.106887218315995,0.8998964139577773,-0.5243870331479797,0.16999999999999993,-0.020000000000000018,-0.040000000000000036,5.0,0.013616438356164383,,,0.013616438356164383,7.3804517433461685,7.366835304990004,,,
2023-03-31,2.6853223632546475,2.563277494921741,0.6180852008277826,0.6939320972971241,0.009028574478731304,0.009968207093409152,-0.01093754200162813,0.5462720416888482,1.4870025678301866,1.5746414888453637,1.620332120801775,2.7854670369479986,3.963766818052333,-0.5225877277023685,-1.6967516525293274,-0.1200000000000001,-0.06999999999999984,-0.029999999999999916,5.0,0.01328767123287671,,,0.01328767123287671,0.012039054390157016,-0.0012486168427196936,,,
2023-04-03,-0.8462130458888553,-0.7321153668958443,-0.867309444432617,-0.5715486025497205,-0.008167525528764222,0.011967618047567553,0.02406323542876652,0.46995497930255803,0.4692077452264323,-2.4464682416771044,-0.6455939370673991,-2.1341027832571635,-0.6679206925578395,0.717858251921089,-0.8053816734809512,0.05000000000000071,-0.04999999999999982,0.039999999999999925,5.0,0.013424657534246575,,,0.013424657534246575,-0.2719702953639738,-0.2853949528982204,,,
2023-04-04,0.15807307751015026,0.13486926537520502,-1.8822968290305941,-1.5481023800866311,0.036326291594952625,0.01993104855065028,0.010943850931048648,0.6418853208399737,0.49593620942657457,1.3505585874637829,3.298480148175826,3.70589028741414,3.5912994531928684,1.8469345695108275,2.3969231241808684,-0.020000000000000462,-0.08000000000000007,0.050000000000000044,5.0,0.013369863013698628,,,0.013369863013698628,0.008213726279331209,-0.00515613673436742,,,
2023-04-05,-2.308656590412131,-2.2719586758094983,-1.7488653184149252,-1.7657952404393804,0.05446872680463925,0.039903259457832754,0.054652858813310355,0.41898479092611024,1.040032604515836,0.035120570470588655,2.0163479742369996,1.1627492750055153,2.467414312347781,-0.07982432900846041,0.4201682855065258,-0.019999999999999574,-0.050000000000000266,0.0,5.0,0.013315068493150686,,,0.013315068493150686,-0.21643762693390295,-0.22975269542705362,,,
2023-04-06,0.8833515967970763,0.6489813657274904,-0.5164475261072577,-0.30066563510736266,0.0,0.029912577134926822,0.010917301836996745,0.029864696035504183,0.2583288055631756,-0.4761257346579407,-1.9139164759578153,-2.471538432431915,2.6933801711481187,-0.7159660374899594,-3.629001813861621,0.04999999999999982,0.0,-0.030000000000000027,5.0,0.01345205479452055,,,0.01345205479452055,0.0,-0.01345205479452055,,,
2023-04-10,0.13834256917637516,0.18247582817914978,1.7508447165282375,1.5021382245457908,-0.00908544175168525,0.0099747659726753,0.010916110092304256,-0.9901798450865905,-1.6256070376812228,5.578292232966071,2.023514898537532,-0.9510279049736791,-2.574969881236594,-0.7427401530065851,3.0508103867642995,0.16999999999999993,0.11000000000000032,-0.06999999999999995,5.0,0.01391780821917808,,,0.01391780821917808,3.8762005431337716,3.8622827349145936,,,
2023-04-11,-1.4592882399872418,-1.4076121457222641,-0.526510453082139,-0.5322051285841389,0.018178097243850114,0.0,0.010924603010978568,-0.0401891054042509,0.20581802263575166,1.9439489564332186,-1.0000523048081018,-1.2499098600158227,0.9228518079567917,0.630066529229023,0.682960727428847,-0.040000000000000036,0.020000000000000018,-0.010000000000000009,5.0,0.013808219178082191,,,0.013808219178082191,-0.14184910812137638,-0.15565732729945858,,,
2023-04-12,-1.2485172231810626,-1.2715286873697522,-1.845801411645515,-1.7934337899242994,0.009035560079862549,0.019937706889371458,0.021826261688632314,0.29113072074061014,-0.10284787573735586,-0.31803678161343174,1.4945669987220005,0.024589615799265857,-0.26870945148326886,0.48732452945133,-0.05237092940851026,-0.020000000000000462,-0.020000000000000018,0.05999999999999994,5.0,0.013753424657534244,,,0.013753424657534244,0.6749925220645431,0.6612390974070088,,,
2023-04-13,2.406802829239481,2.686740091526838,0.8198520996052774,0.8036995407427672,0.05443724329682292,0.059780445638610076,0.054602883480867156,-0.33137057641319173,-0.788949117081098,0.8590133768281546,4.6764233285983225,4.217051831505766,2.840614713041527,1.3425150587981827,-6.996623129446442,0.08000000000000007,0.040000000000000036,0.030000000000000027,5.0,0.013972602739726026,,,0.013972602739726026,0.6402972042823395,0.6263246015426135,,,
2023-04-14,-0.09706243607188447,-0.30810566095809044,-0.15584706158779318,-0.10705907060911547,-0.01815049075788281,0.009939320237319079,0.0,-0.4941482274744474,-0.9188846123617745,0.28457979620181123,4.3271218506791085,1.7989439055908656,1.785550600137643,-1.7869017219899002,-4.187589550782404,0.040000000000000036,0.06999999999999984,-0.050000000000000044,5.0,0.014082191780821917,,,0.014082191780821917,0.008600230292258313,-0.005481961488563603,,,
2023-04-17,-0.25624426073771744,-0.2976004570545898,0.0,-0.07143234924625558,0.00907967455215136,0.0,0.0218289380401472,-0.6388776921543373,-1.1966921987563608,-3.4732053566728904,-1.2155878301136909,-3.0023115552739927,-1.9906983077871032,-0.4463702764476622,-0.7054640090812043,0.07000000000000028,0.08000000000000007,-0.019999999999999907,5.0,0.014273972602739726,,,0.014273972602739726,15.6878783980182,15.672944151442856,,,
2023-04-18,0.0071263196881072854,0.08403203590068915,0.4315618986829642,0.44758866738114816,0.018132776400698273,0.01990217552893315,0.010873987044169213,0.16261525420519274,0.35571327017651677,3.183646099781629,1.353568651708703,3.2673140499229723,1.0566599213860737,0.3873269800428422,-0.7104875168132019,-0.009999999999999787,-0.020000000000000018,-0.030000000000000027,5.0,0.014246575342465755,,,0.014246575342465755,0.15859301375804774,0.14434643841558198,,,
2023-04-19,-0.35536298197904315,-0.3940124792335588,-1.1003289034514852,-0.9530231058607591,0.00910933443124905,0.029867913746034154,0.010901823096457729,-0.21350703599230703,-0.09602400733060286,-5.319953662867234,-8.326330162021343,-7.987615009431498,-10.080290061323288,-0.4789973842757965,-2.2229864041926453,-0.040000000000000036,0.020000000000000018,-0.030000000000000027,5.0,0.014136986301369864,,,0.014136986301369864,0.20423464852890727,0.1900976622275374,,,
2023-04-20,-1.4844021857576408,-1.5839614291604762,-0.09282574790351128,0.11164798114595244,0.05434957315826679,0.03985120386778133,0.06556867122481225,0.578507862441938,0.8513161609530923,-2.021112661928106,0.34510728781589467,-1.0722332595820663,-2.2178810576775336,0.39305245569869424,4.223053972525203,-0.040000000000000036,-0.06000000000000005,0.040000000000000036,5.0,0.014027397260273973,,,0.014027397260273973,0.17001122483289405,0.15598382757262008,,,
2023-04-21,0.38760427654981255,0.5436882893587568,-0.7362214511714934,-1.0295559545948396,0.00907144599231482,0.009920604282377257,-0.010893501534488878,-0.2431538161874756,-0.5635286948104674,-3.4910877271712444,-4.909785657670008,-5.558910947882583,-4.665695979983187,-0.9936876904451981,-2.3572076221130267,0.019999999999999574,0.029999999999999805,0.0,5.0,0.014082191780821917,,,0.014082191780821917,0.6418314390183674,0.6277492472375454,,,
2023-04-24,-0.5500682431826978,-0.5826375743985582,-0.44965651629928616,-0.5369906056725515,0.009054569682137427,0.00993726988890417,0.01089350153449325,0.48574386684108367,0.9627764008529929,0.9066466769448266,-0.3922511170276198,-2.000662556531482,1.0836020021173687,0.30347260178608365,0.7130091551149501,0.0600000000000005,-0.04999999999999982,0.0,5.0,0.014246575342465755,,,0.014246575342465755,-0.14083351115360201,-0.15508008649606778,,,
2023-04-25,-2.6745848588604235,-2.925108807838111,-3.4172582027871803,-3.2212457115758673,0.027158790971546318,0.0,-0.010893501534488878,0.9845791075221804,1.4597255051428792,2.802320777395386,1.293785075247709,1.7123624551136807,1.9166585948518877,0.5073426510561734,10.500526109575482,-0.08000000000000007,-0.1200000000000001,0.13999999999999996,5.0,0.014027397260273973,,,0.014027397260273973,1.939402191606919,1.925374794346645,,,
2023-04-26,1.9471078137450786,2.299863134918647,0.532237498224488,0.6957967958228314,0.009035243796065061,0.0,0.02177615216458041,-0.3906570488707608,-1.0715059411985517,0.40579258685806124,-0.010149316597420684,-1.8776867012314593,-2.5509916411067675,-0.5452222698836942,0.4255321468758906,0.040000000000000036,0.03000000000000025,-0.009999999999999953,5.0,0.014136986301369864,,,0.014136986301369864,0.5794058663208762,0.5652688800195064,,,
2023-04-27,3.71574067855512,3.731917265569977,0.4208213139792377,0.9627547181444325,0.018148262690619685,0.02984117493666209,0.03269881493033309,-0.654488367629441,-0.9972380892333285,3.631313286229464,2.23682158443065,3.7939850157491164,2.8308643063556986,0.005409892927961462,-10.100574225300608,0.019999999999999574,0.09999999999999964,-0.07000000000000006,5.0,0.01419178082191781,,,0.01419178082191781,0.026583572123100106,0.012391791301182297,,,
2023-04-28,0.4853974052674072,0.4897394144862448,1.7871146955521549,1.6598082739040465,0.009040809796377289,0.0,0.0,0.74476626113759,1.600190528995361,-0.4540602889751968,-0.8562156334883395,-0.5943822672300563,0.9942509625629361,0.02706158931134578,-7.623323649860547,-0.08000000000000007,-0.08999999999999986,-0.05999999999999994,5.0,0.013972602739726026,,,0.013972602739726026,0.00861571270467641,-0.0053568900350496156,,,
2023-05-01,-0.17141127843435613,-0.27470976119883483,0.9009400658386238,0.7615054582664749,-0.010885973450033339,0.011979847053381397,0.0032847509017011806,-1.142879654557242,-2.6718506186697044,-4.349121994990149,-3.2521867022563047,-3.611590867199864,-4.5455685457537305,-0.45014682483947516,1.8832960510421672,0.16999999999999993,0.1499999999999999,0.04999999999999993,5.0,0.01443835616438356,,,0.01443835616438356,0.017607348906312284,0.003168992741928724,,,
2023-05-02,-0.9445845964826132,-0.9731790570060718,-0.7167356146570953,-0.8707615140808114,0.027248803521407416,0.01995146385267982,-0.01093754200162813,1.2934733173634319,2.454153141605302,2.0749270291120427,2.0976818915212614,-0.05362481599359221,0.38463100796181227,1.9112821699645541,10.049800969856827,-0.02999999999999936,-0.1499999999999999,0.020000000000000018,5.0,0.014356164383561644,,,0.014356164383561644,0.14405092004423833,0.1296947556606767,,,
2023-05-03,-1.1600144881139407,-1.0711681722990807,-1.154598646697099,-1.0378486765677506,0.01818045562726412,0.0,0.01089925418488318,0.6505047443771673,0.5566154528754861,1.1294600825028724,1.7938807917938802,1.1278954668685468,3.5737012564801502,0.8443330394001111,3.1010206443528907,0.019999999999999574,-0.06000000000000005,0.020000000000000018,5.0,0.014410958904109589,,,0.014410958904109589,4.455784729531761,4.441373770627651,,,
2023-05-04,0.9476047778626802,0.8425914126218128,-0.5626394811828714,-0.33603290938532143,0.054489485507088514,0.04987006641219814,0.032854835779130634,-0.01995229764768996,-0.9927493239133351,-0.5482697825375376,-1.424943087374444,-2.3391664353580492,-1.2241305505318731,0.700833757945989,9.113771127378989,0.0,-0.009999999999999787,0.13,5.25,0.014410958904109589,,,0.014410958904109589,1.253831828197523,1.2394208692934134,,,
2023-05-05,2.054128506252626,2.150626558303608,2.2004711783736877,2.0920006666172175,-0.009104900887498197,0.010022151431101094,0.021855383027738484,-0.5402481689045144,-0.3331575240495526,2.352452363535224,6.062477478209235,5.338381952896164,3.6782118431930697,-1.5771672012865212,-15.589433595937743,0.0,0.06999999999999984,-0.09999999999999998,5.25,0.014410958904109589,,,0.014410958904109589,0.0,-0.014410958904109589,,,
2023-05-08,1.6162363412960807,1.40847085155416,0.4209162064761527,0.5532154207449014,0.009104900887493024,0.009968267689469608,0.010950039538277296,-0.6137391873901901,-1.4113532243326097,-6.4329513141728825,-7.600652373918859,-10.978856711710197,-12.857338674391688,0.12261535425393925,-1.2291696538472012,0.04999999999999982,0.08000000000000007,0.0,5.25,0.01454794520547945,,,0.01454794520547945,4.202640086251523,4.188092141046043,,,
2023-05-09,-0.21318922483610409,0.03679937046734189,-1.7163428006746584,-1.555165085937291,0.0,0.009958461766070919,0.010910222493434995,-0.12121475543766028,-0.35839457141405257,-0.12826051136456093,-0.023775948933960428,-0.3697994149876827,-0.20768272534641982,0.7061173494320532,4.209324617502903,-0.019999999999999574,0.009999999999999787,0.0,5.25,0.014493150684931507,,,0.014493150684931507,0.0858013622138913,0.07130821152895979,,,
2023-05-10,1.9034328813283443,1.8589936518940302,1.013048406608504,0.8088015833413502,0.03627511868356162,0.019931570104471046,0.01091868577759786,0.7450104377125533,0.9657057346414182,-0.13393336115541374,-0.3360421673415626,3.44505379897615,0.4100924017429254,-0.14294640409970905,-4.445167934890709,-0.04999999999999982,-0.09999999999999964,0.010000000000000009,5.25,0.014356164383561644,,,0.014356164383561644,1.4891901762063053,1.4748340118227437,,,
2023-05-11,0.8952180930882712,0.934587042779773,-0.657179795290577,-0.8900370401915834,0.0362939994127616,0.05980610669115464,0.06555462091080261,0.3704212462827164,1.0516262652692294,-2.27376278728039,-2.5234782361342902,-1.1638933957405388,-3.7527217614383352,-0.8619799546280106,-0.05905065795475104,-0.040000000000000036,-0.040000000000000036,-0.030000000000000027,5.25,0.014246575342465755,,,0.014246575342465755,0.0,-0.014246575342465755,,,
2023-05-12,-1.0578076257102877,-1.1515118336356567,-0.09252660828367887,-0.11384691277331119,0.0,0.01992448863146399,0.021829133916199183,-0.6013905770207238,-0.8404177643544444,-0.7278017155925187,0.6397104138644187,2.4620310707063093,1.3062825449940492,-0.17115440993108683,0.5889320823571811,0.04999999999999982,0.06999999999999984,-0.020000000000000018,5.25,0.014383561643835615,,,0.014383561643835615,0.0,-0.014383561643835615,,,
2023-05-15,0.7369910858757293,0.9724566593237265,2.679094943962203,2.586273595211971,0.00909746792308657,-0.00993973694146949,0.010936890296150279,-0.22141922379546433,-1.0411818025368045,1.4360237763413684,0.5257200440074893,-1.3493564790936965,-0.5795439522206898,0.21389727993926497,0.5270884739881481,-0.040000000000000036,0.040000000000000036,0.030000000000000027,5.25,0.014273972602739726,,,0.014273972602739726,0.0,-0.014273972602739726,,,
2023-05-16,0.9610840584073667,0.7854421632609268,-0.18747130696557687,-0.023787967454280655,0.0,0.029860256511255345,-0.010936890296148258,-0.322942041922164,-0.30086509594143085,-0.5754943306692564,0.36090792596990723,0.387948962962426,0.03874659725617035,-1.257816833072297,4.956861550547875,0.020000000000000462,0.040000000000000036,-0.030000000000000027,5.25,0.014328767123287673,,,0.014328767123287673,0.0,-0.014328767123287673,,,
2023-05-17,1.803094783250659,1.8672333058744786,2.44027290025527,2.668487767971348,0.018136407694989937,0.009989575204488132,0.021872584567413797,-0.3239883373867871,-0.29203241704949107,1.3305949198470446,-0.12407311290976841,3.4338458428613974,3.0991107545458494,-0.34678951337034375,-6.427908893475077,0.02999999999999936,0.029999999999999805,-0.030000000000000027,5.25,0.014410958904109589,,,0.014410958904109589,0.0,-0.014410958904109589,,,
2023-05-18,3.394754283630889,3.3971349989804183,3.1106177106038406,3.445734131208235,0.027202447779640232,0.02984836139522799,0.054573801042977654,-0.6205168626451181,-0.7436464616224963,-2.0896322938492333,-1.1111257616523267,-0.4820889969504618,0.4594537918160119,-1.3057794413406498,-4.982814426410975,0.04999999999999982,0.08000000000000007,-0.039999999999999925,5.25,0.01454794520547945,,,0.01454794520547945,9.493265541699655,9.478717596494176,,,
2023-05-19,-1.0135216298204142,-1.119604333393083,-0.5159157450004312,-0.5535864184649057,0.0,0.009941609329517353,0.0,-0.37826030749559425,-0.7096275203721867,0.21562704301694635,0.6009982865914986,0.2871614046442635,0.3479358653989885,0.9850156652287685,4.6265113609435415,-0.019999999999999574,0.050000000000000266,0.010000000000000009,5.25,0.014493150684931507,,,0.014493150684931507,1.357928000180566,1.3434348494956345,,,
2023-05-22,0.8460978047665808,0.8154981531715599,0.3450007541937884,-0.08255448548043774,0.0,0.009984603924985954,0.010870713306813171,-0.18453264753243404,-0.3567327848637628,-0.14458709579600248,0.2724598495668974,-4.573968284876714,-1.5387871985482666,-0.23442435084917382,2.3516641375750753,0.11000000000000032,0.020000000000000018,0.010000000000000009,5.25,0.014794520547945209,,,0.014794520547945209,4.945807435800251,4.931012915252306,,,
2023-05-23,-1.3002904145793002,-1.4315175872104764,-1.2434396829286236,-1.452052183437574,0.01812818746420479,0.019922243505774536,0.0,0.16404485166821933,0.2874866240929356,1.3848962643426161,2.0069668217180636,-0.09127812823944145,1.6682141881206758,0.12000108481294142,7.390052032710898,-0.0600000000000005,-0.020000000000000018,0.009999999999999898,5.25,0.014630136986301369,,,0.014630136986301369,-6.105891240881705,-6.120233479877698,,,
2023-05-24,0.275403906584318,0.4452861252915864,-1.8052816589172762,-1.4811605581776717,0.0,0.0,0.0,-0.25645224229384905,-0.4961648891944733,-3.3270400187895968,-2.9708534807232487,-1.9048334089581855,-2.2429064612075282,-0.8101176111367243,7.784010660543,0.03000000000000025,0.029999999999999805,-0.019999999999999907,5.25,0.014712328767123287,,,0.014712328767123287,-6.105891240881705,-6.120233479877698,,,
2023-05-25,2.480729814670794,2.3307946620905398,6.4476340798616265,6.567472052218594,0.045310095889165104,0.05966382172972252,0.06548838547395743,-0.6284909706345227,-0.24900433129447264,0.5354526205137629,0.32466321229346956,-0.6096444253235158,-0.7635456230644012,-0.9664579046816341,-4.5450829822568855,0.009999999999999787,0.10000000000000009,-0.09000000000000008,5.25,0.014739726027397261,,,0.014739726027397261,0.0,-0.014739726027397261,,,
2023-05-26,3.182587699016747,3.4780390458032384,6.330986516217493,4.795577232292736,0.0181166919416177,0.029827353978557083,0.02178142188143086,0.1858488108637027,0.8045062774265163,0.9139332662057487,1.2510860496010852,0.6063694767264992,1.7934563230193439,0.3987606250000357,-6.4190196698133795,-0.040000000000000036,-0.03000000000000025,-0.06999999999999995,5.25,0.014630136986301369,,,0.014630136986301369,0.0,-0.014630136986301369,,,
2023-05-30,1.5306772719772521,1.4089266911993559,-0.08376653321500302,0.48066836904481647,0.009053116769558346,0.019900459985948245,0.010898559263610637,0.7810116333587298,0.9941756881971612,3.6131418569082365,3.8794364031949704,3.108104714903001,3.137560559184269,0.6171471778321201,-2.7677659462124122,0.20999999999999996,-0.10999999999999988,-0.030000000000000027,5.25,0.015205479452054796,,,0.015205479452054796,0.48022673966073276,0.46502126020867796,,,
2023-05-31,-0.945691689331157,-1.183448436056893,-2.600677567740161,-2.558293867407425,0.01811976642774485,0.0,0.02179355581653815,0.37801970810624386,0.8679050464092403,-1.757779272326509,-1.4249247118842006,-2.2661721037480342,-4.356066042621864,0.1537018842589403,2.7120388423994,-0.03000000000000025,-0.04999999999999982,0.010000000000000009,5.25,0.015123287671232877,,,0.015123287671232877,-0.5561204852656394,-0.5712437729368722,,,
2023-06-01,2.012772652581996,2.1643120540855616,1.705545400194415,1.4923115619299536,0.06548684804089579,0.05983860825951208,0.055790648151935934,0.27766967955493727,0.39156551093787817,-1.4792581991188054,-0.638547001263108,-0.6531184513278168,-1.81569892669556,0.7867103377943474,-13.65619937886482,-0.019999999999999574,-0.03000000000000025,0.040000000000000036,5.25,0.015068493150684932,,,0.015068493150684932,-2.9692509343188087,-2.9843194274694937,,,
2023-06-02,0.6818510962649347,0.5964561117170729,-0.2353975798051919,-0.24602887389535083,0.009076691175160169,0.0,0.010917776695573143,-0.7983127356796108,-1.1018747661340094,1.589161106579633,2.3906525289625598,1.5537293311882328,1.60643950553213,-1.4857275420164815,-6.944933776874544,0.0,0.08000000000000007,-0.09000000000000008,5.25,0.015068493150684932,,,0.015068493150684932,0.0991657795314268,0.08409728638074188,,,
2023-06-05,0.6328471140477548,0.5929136616250293,-1.5603671641154793,-1.2601397734937347,0.0,0.019917317304165877,0.0,-0.030802207820076404,-0.18645347422863975,-5.621177715801117,-5.132938604361191,-6.819177827529431,-6.062644379337635,0.6002365721136127,0.8864644555220936,-0.040000000000000036,0.0,0.040000000000000036,5.25,0.014958904109589041,,,0.014958904109589041,0.0,-0.014958904109589041,,,
2023-06-06,0.5566997618634542,0.713069362211695,1.200063609145753,0.704338335612586,0.018174875828754943,0.029951897722270374,0.021870444345716278,0.06166524304064305,0.5876721698099682,5.581511856233619,3.9323329013335178,0.9880470695308858,3.0762266890381635,0.10974372841259582,-5.3690099330757315,-0.019999999999999574,0.010000000000000231,-0.040000000000000036,5.25,0.014904109589041096,,,0.014904109589041096,5.19227964093667,5.177375531347629,,,
2023-06-07,-2.9564430057151982,-3.1061314380406717,-0.14741197805214046,-0.572746727817368,0.018211507054924938,0.009958576279278548,0.010933428748084732,-0.7320036429291885,-1.495508605631716,-3.332542412080894,-2.8035415163873996,-5.098393376481087,-4.550555553732244,-1.2083252758880945,-0.14337248360685254,-0.020000000000000462,0.08999999999999986,0.040000000000000036,5.25,0.014849315068493149,,,0.014849315068493149,0.28691459534334485,0.2720652802748517,,,
2023-06-08,2.017132019472464,2.206211951540331,1.0183963136875778,1.1490675343771541,0.06357848042354441,0.039894551896566315,0.054649219945960906,0.6703383998885436,1.1629074242830744,0.6138366063704449,0.7560256641487848,2.0150283750043787,1.2324868205345538,1.3124733073092816,-2.1022881546280905,-0.040000000000000036,-0.06000000000000005,-0.020000000000000018,5.25,0.014739726027397261,,,0.014739726027397261,3.409235971144193,3.3944962451167955,,,
2023-06-09,0.8951516101581137,0.7143982263919932,0.26324813889897264,0.4573267456666934,0.0,0.009962382368162432,0.010907042649798238,-0.36038551448320705,-0.13724798818994072,-0.10508601377400861,-0.3296688452608854,-1.0302041185572615,0.2723403825353805,-0.2688130119841765,1.3100646475644697,-0.009999999999999787,0.020000000000000018,-0.04999999999999993,5.25,0.014712328767123287,,,0.014712328767123287,-5.636601071084025,-5.651313399851148,,,
2023-06-12,1.8284648637212044,1.9007283315685175,3.169885562508812,2.9127577940929643,0.018132777311182496,0.019930555277496365,0.010915461300542956,0.1648962465853253,0.29388346729462217,-2.2064403456182706,-5.455063978445616,-6.48958467344887,-11.059980377994059,-0.08792504640156504,8.187652073388115,0.03000000000000025,-0.020000000000000018,0.020000000000000018,5.25,0.014794520547945209,,,0.014794520547945209,0.4392376535916543,0.42444313304370906,,,
2023-06-13,0.8915886191511421,0.9068962935206392,1.3303050291274952,1.3729959830832983,0.01817736275410249,0.009959404912757838,0.02184656094920017,-0.7131263772274876,-0.9929891501239302,0.06263269559741463,-0.20054709589315947,-0.3097105773138199,2.4519364067933607,-0.739483312084137,-2.7010458630547705,-0.040000000000000036,0.10999999999999988,-0.010000000000000009,5.25,0.014684931506849316,,,0.014684931506849316,15.6878783980182,15.672944151442856,,,
2023-06-14,1.4239434593487708,1.5231058274022213,1.409701890787839,1.5087592595522468,0.009071486310225536,0.019942129321857766,0.02184178926938627,0.1347250780726121,0.7971543030975241,-3.1115354032620144,-5.224189755336002,2.7587507697563582,-5.536069083439941,0.05537743402144653,-5.125723893976474,0.0,-0.009999999999999787,-0.08000000000000007,5.25,0.014684931506849316,,,0.014684931506849316,2.3717628930532286,2.3570779615463793,,,
2023-06-15,1.0847812337153375,0.7970422802037339,-0.8301794005942075,-0.7224046102771521,0.07255133096767709,0.04977222737160689,0.04364047253011995,0.7738905670527828,0.9560139521400786,1.7819375410116443,0.9047294268028925,0.533133159537516,-3.806697693344955,0.7005982383036087,4.369968610284749,-0.03000000000000025,-0.10999999999999988,0.010000000000000009,5.25,0.014602739726027398,,,0.014602739726027398,0.0,-0.014602739726027398,,,
2023-06-16,-1.2801047449175096,-1.2723843489421955,-0.927688144495567,-0.7146017123383698,0.009087997169516842,0.0,0.010923940777383297,-0.4326099005921257,-0.3890961279953371,2.89427732653721,3.0248430137366595,2.6150059338614944,1.043401115196576,-0.1540401760914932,-6.850038475975376,0.009999999999999787,0.04999999999999982,-0.030000000000000027,5.25,0.014630136986301369,,,0.014630136986301369,3.60739830234404,3.5927681653577386,,,
2023-06-20,0.4789255744481585,0.4160463157288536,-0.8131674600970291,-0.3527026953213393,0.0,0.02984269192189429,0.0218059157280218,0.2988976990891301,0.6896245881772554,7.322003984177456,4.301359160751316,0.5477410620353858,4.65554578119908,-1.0404681043488588,2.4800698656906404,0.04999999999999982,-0.029999999999999805,-0.009999999999999898,5.25,0.01476712328767123,,,0.01476712328767123,-0.6772084411500645,-0.6919755644377358,,,
2023-06-21,-2.434496436372334,-2.0977716979608054,-2.4676695976322387,-2.3165988819414447,0.00906325880253311,0.009983532434270193,0.0,0.09257210570412527,0.24170875296669947,5.827421320682117,5.371032444261605,4.415857804928258,3.6982310145791897,-0.14474699268161662,-5.0232148180967116,0.010000000000000675,-0.020000000000000018,-0.020000000000000018,5.25,0.014794520547945209,,,0.014794520547945209,-1.0105247990807913,-1.0253193196287365,,,
2023-06-22,1.4448932265160286,1.1442493312444668,0.46519007572985577,0.49428498264164356,0.03626872703653194,0.03980161582662302,0.043626349029857465,-0.5671184353826767,-1.2143862557256608,-0.38377235796951736,-0.9598611426714871,-1.0244867996720415,0.8266958437509553,-0.9966480697039254,-2.221462210351947,0.0,0.07999999999999963,-0.010000000000000009,5.25,0.014794520547945209,,,0.014794520547945209,-6.105891240881705,-6.120233479877698,,,
2023-06-23,-0.6929958818957207,-0.4200522367897549,-1.7768915275161081,-1.7136888370385714,0.009051184133711072,0.01992987613618483,0.010934786097709858,0.4127692632836453,0.9920091020364767,2.584590576815378,1.0579014510562093,2.8082179192305317,2.6966937211195834,0.27534519339434177,4.02331108343277,0.009999999999999787,-0.05999999999999961,0.0,5.25,0.01482191780821918,,,0.01482191780821918,-0.4911505670724314,-0.5059724848806506,,,
2023-06-26,-3.0250376897670512,-3.269962065107586,0.3233769420299145,-0.4619866103035027,0.018139739858006942,0.009897816646880582,0.010885638798491793,0.2468532409726804,0.1064295254097883,-1.3920564563099078,-1.7818473433147284,7.961494401376358,10.504055840415669,0.17380933759117798,5.852160284113717,0.08999999999999986,-0.020000000000000018,0.039999999999999925,5.25,0.015068493150684932,,,0.015068493150684932,-0.0775648912288578,-0.09263338437954274,,,
2023-06-27,2.151990760955775,2.2181492244765124,3.4341540378440185,3.12399775038921,0.018120521269056385,0.009949337578782722,0.021796488109183203,-0.3498705006018269,-0.26136420733399296,1.3682563415242945,1.614834124419357,0.12655632105665526,2.4131093801060843,-0.460411859047838,-3.6445636578523053,-0.05999999999999961,0.04999999999999982,-0.039999999999999925,5.25,0.014904109589041096,,,0.014904109589041096,0.03876998614345439,0.02386587655441329,,,
2023-06-28,0.9000848673484952,1.111928437978301,-0.7739311410581162,-0.9083545219659147,0.009063011268948302,0.029815832340244354,0.01089166913029827,0.4012520317374822,0.42555499821531095,-1.980891791303767,-3.321315592616908,-8.688448791479875,-8.76222139144957,-0.2310076023493695,-2.282023687755198,0.0,-0.06000000000000005,-0.030000000000000027,5.25,0.014904109589041096,,,0.014904109589041096,0.0,-0.014904109589041096,,,
2023-06-29,-0.7507810879322502,-0.7843126918019505,0.028039592761595997,-0.14663700953700046,0.01811559658680141,0.03980182748265547,0.032715811897225555,-1.0321212744202426,-1.8213295479630371,1.1865197537731036,1.3182144849619148,1.8364918538999224,5.92237337099453,-0.10723394318449203,0.8157231408190428,0.019999999999999574,0.14000000000000012,-0.020000000000000018,5.25,0.014958904109589041,,,0.014958904109589041,0.1524952413333104,0.13753633722372138,,,
2023-06-30,1.8738401830978961,1.830510515775748,1.5335910945424251,1.5422143278081841,0.05432710758911962,0.0,0.03267636931563301,0.21763822749363684,1.1725811802373582,0.10472432791648364,4.278209460658563,6.908822538204447,10.974059224425115,0.6641221688667137,0.36859747242309054,-0.03000000000000025,-0.040000000000000036,-0.040000000000000036,5.25,0.01487671232876712,,,0.01487671232876712,0.0,-0.01487671232876712,,,
2023-07-03,0.7667560428929819,0.799650188461703,0.8851467438262791,0.8827928905417927,-0.007265784591923183,0.04686555751040066,0.025156403797714146,-0.4347014363066926,-0.5685091205559586,2.204038015018257,1.1418279791798018,4.6070950429018005,3.448377977276608,0.1121247777740352,-0.14727880332320512,0.010000000000000675,0.04999999999999982,-0.020000000000000018,5.25,0.014904109589041096,,,0.014904109589041096,0.9467643880356477,0.9318602784466066,,,
2023-07-05,0.20007498389119824,0.17682750865742491,-2.2347449743235623,-1.9060750962546638,0.018175407212182026,0.009962984026826372,0.010909359278479788,-0.48056810329139704,-0.9547741696795463,-2.082991257173679,-2.3178177801927986,-1.8929091627753396,2.472907144472933,-0.35362776439635507,4.39710912677715,0.0,0.0900000000000003,0.09000000000000008,5.25,0.014904109589041096,,,0.014904109589041096,0.0,-0.014904109589041096,,,
2023-07-06,-0.7558050632562606,-0.7685474486686241,-1.2688506041504806,-1.194901719079258,0.05453821990737144,0.03990316175190507,0.03276881059102634,-0.8202001326182641,-1.424398314511356,-2.0020299639946315,-3.296272813878403,-2.4282243561813575,-5.432985297311445,-0.29846497640260694,8.512897479383703,0.019999999999999574,0.09999999999999964,0.050000000000000044,5.25,0.014958904109589041,,,0.014958904109589041,-0.4586024501337792,-0.47356135424336826,,,
2023-07-07,-0.2915013370563551,-0.23767637872326472,0.04249844025341496,0.09398627192581879,0.0,0.009958017356499198,0.010933315498600844,-0.12677554394609503,-0.6037418288251916,1.4370909980298059,1.1812265778836621,3.438647777755667,5.523188959768379,0.7473004815488796,-4.030936641410969,0.0,0.009999999999999787,0.05999999999999994,5.25,0.014958904109589041,,,0.014958904109589041,0.8992231254515226,0.8842642213419336,,,
2023-07-10,-0.8033870786655788,-1.0464992420798385,2.0601044130379322,1.4057012843262364,0.018186050824341188,0.009974493429340136,0.021863045528908668,0.5166536124705974,0.13108774310759888,0.2376859472120276,0.5307096263128834,-4.505632859316186,-7.514326267268499,0.07833887164984092,1.6053841382581882,0.020000000000000462,-0.04999999999999982,0.040000000000000036,5.25,0.015013698630136985,,,0.015013698630136985,0.08391156590821354,0.06889786727807655,,,
2023-07-11,0.3129371425052219,0.3001156965596605,0.003960495354837577,0.10578442523501363,0.0,0.009956032770199791,0.01094887088948072,0.21017884770230558,0.512769592448315,0.6765948365584515,-0.11813783970974621,0.462708254162716,5.618771680315788,0.3740607755698653,-1.5379744366417325,0.009999999999999787,-0.019999999999999574,-0.050000000000000044,5.25,0.01504109589041096,,,0.01504109589041096,-0.35256492804140666,-0.3676060239318176,,,
2023-07-12,1.7094788019924059,1.958519188639769,1.8454467761275894,2.0797300304219943,0.027197360664208158,0.01993528591928236,0.021817601493899715,0.9713479843568299,1.1069803253130357,-0.7516669538967959,-0.33181597043778793,0.1932967504993535,3.086748574174308,1.3450555215707776,-9.167798335466223,-0.020000000000000462,-0.13000000000000034,0.030000000000000027,5.25,0.014986301369863014,,,0.014986301369863014,0.7493366474569954,0.7343503460871323,,,
2023-07-13,2.6617257981231877,2.6962071958049445,2.044831516739714,2.3729270047779707,0.05448376648112683,0.03984119791387051,0.043668747469314005,0.8280634505640295,1.0457716977918212,3.5059117999465745,6.932947889636883,10.430457114596202,4.434473232606128,0.07144446386035078,0.5156526770827636,0.0,-0.10000000000000009,0.030000000000000027,5.25,0.014986301369863014,,,0.014986301369863014,4.317958357250427,4.302972055880565,,,
2023-07-14,-0.3312008390385751,-0.5449565414233329,-1.258125174575136,-0.8314735549840475,0.009072446430322451,0.009984000298733838,0.010921380037192271,-0.4960554663229707,-0.5906164961007251,-3.6955452769762047,-3.4046287285088237,0.3033386481578918,2.7522582762378525,-0.31917364290748446,-2.0037739511752393,0.020000000000000462,0.07000000000000028,-0.08000000000000007,5.25,0.01504109589041096,,,0.01504109589041096,0.0,-0.01504109589041096,,,
2023-07-17,1.20116325401698,1.3710570073029689,2.3650230118400053,1.8439547890966639,0.009063680143918907,0.019903935002085295,0.010910625587931433,0.16562244227884615,0.049362198913715995,-0.6222897766458014,-1.4386629285538879,0.79987539939687,-7.951779688476767,0.07163001287564502,1.044001959958077,0.0,-0.020000000000000018,-0.020000000000000018,5.25,0.01504109589041096,,,0.01504109589041096,-1.9258917346597282,-1.9409328305501392,,,
2023-07-18,1.3512946632206047,1.3525129965295117,0.18454524345616813,0.274921110556586,0.009078743811508794,0.009946119957010403,0.0,0.11370761959741053,0.4528783522914971,-0.9643886494910275,-0.737518187401691,-0.2484662250391329,-4.194275503166281,1.1391151915954767,-1.3443021956755858,0.0,-0.010000000000000231,-0.009999999999999898,5.25,0.01504109589041096,,,0.01504109589041096,0.0,-0.01504109589041096,,,
2023-07-19,-0.22236198667601564,-0.28026496278538976,-1.194281841031733,-1.0538211343105717,0.01814707418353871,0.019906717640790973,0.021817680572641135,0.34033157003214765,1.123307485988905,0.19193869502834365,-0.45377420643504884,-0.3192208201920676,-0.30712091164902994,0.01633431137892952,3.400179957037673,0.0,-0.04999999999999982,-0.050000000000000044,5.25,0.01504109589041096,,,0.01504109589041096,12.796421210329346,12.781380114438935,,,
2023-07-20,-4.71003924916683,-4.854550381483668,-3.7044761219959152,-3.6017385145855556,0.045325501824626746,0.03982770797447384,0.05456160308874983,-0.7959487361551474,-1.2215501010959873,-0.40836263076462487,0.10376686367424054,1.967434248550376,0.8830270951155152,-0.5076251540707413,1.657692317794938,0.0,0.10000000000000009,0.040000000000000036,5.25,0.01504109589041096,,,0.01504109589041096,-3.2834385082468596,-3.2984796041372704,,,
2023-07-21,-0.9728602006075291,-0.7692408999811547,0.8989087346472762,0.534612553755629,0.009072159750517447,0.009939192204693104,0.0,0.08301817570665804,0.029447939247461526,0.3910458253167224,0.05873367693250364,3.4390501797455855,2.600961163147646,-0.30692385170081177,-2.82729515257504,0.009999999999999787,-0.010000000000000231,-0.030000000000000027,5.25,0.015068493150684932,,,0.015068493150684932,0.0725058835944557,0.05743739044377077,,,
2023-07-24,0.36844079022519544,0.2965669162208476,-0.003923106921943935,0.08450408240567792,0.00907133678436497,0.019927719803057322,0.0108915529140414,-0.23873905570096166,-0.36435246783904907,-2.4773034600599027,-2.249003350760664,-7.087376976883773,-5.623903813171525,-0.42906650791518325,2.2538174174446612,0.009999999999999787,0.020000000000000018,0.030000000000000027,5.25,0.015095890410958903,,,0.015095890410958903,0.1990861981000324,0.18399030768907348,,,
2023-07-25,0.92131144261318,1.0310843365999458,1.668194201692047,1.5919888836616318,0.009054643270492957,0.00995365537047913,0.010899919216698474,-0.18729948066489907,-0.18762959354559067,0.17284554802405463,0.41749804559229103,0.10858567904227642,-0.20865109469674145,0.55524167407638,-0.3601025974701848,0.0,0.050000000000000266,0.010000000000000009,5.25,0.015095890410958903,,,0.015095890410958903,0.14241784517045705,0.12732195475949815,,,
2023-07-26,-0.6392711221207926,-0.6468631921230265,-1.3904913455428587,-1.099446649478712,0.01815443077833867,0.019843342238184975,0.01090828265454823,0.34302036065919894,0.09882562105245676,0.43556533334645975,0.7731056269678713,0.8187767309294252,2.6397748720905287,0.48672507195617953,-4.954803407501752,0.0,-0.050000000000000266,-0.020000000000000018,5.25,0.015095890410958903,,,0.015095890410958903,1.3410233807433647,1.3259274903324059,,,
2023-07-27,-0.24234431558598463,-0.32501315767585776,1.863131700675277,1.7813180980625924,0.0362196667228639,0.039779399970634906,0.05449493325788829,-1.0956298070919166,-1.964503735843021,-0.49272385842934363,-0.6324297212905574,0.4812836410811353,0.4972435626960447,-1.5836715414990759,8.846346450642487,0.0,0.1499999999999999,0.05999999999999994,5.5,0.015095890410958903,,,0.015095890410958903,-0.020679661358773267,-0.03577555176973217,,,
2023-07-28,2.8033801999659724,2.7726881307241857,2.1597724740775948,1.9122453454644361,0.027168036853025965,0.019901184804556542,0.010901151008158494,0.3247659059826571,0.5122885648903266,0.37094442045335474,0.7704082126493943,2.3909785736213216,0.6845561966057758,0.7949707574281264,-7.790527095526222,0.009999999999999787,-0.04999999999999982,-0.010000000000000009,5.5,0.015123287671232877,,,0.015123287671232877,5.145572688885495,5.130449401214262,,,
2023-07-31,0.42735503067565284,0.545425842745804,0.4136838351081958,0.07473297615126334,0.01814756208656984,0.0,0.010909506892039157,0.12539295101631318,0.24015656714826633,-0.3044775840808669,-0.9961476963152938,8.28284127576283,-10.923589175789154,0.2690787072191872,2.225612563755285,0.03000000000000025,0.010000000000000231,0.0,5.5,0.015205479452054796,,,0.015205479452054796,1.3074521757426176,1.2922466962905628,,,
2023-08-01,-0.24492186013779157,-0.22929741331769002,0.0635068000740395,-0.05604931291757979,0.01540976054425551,0.021925910017465033,0.02622376135907766,-0.5860267932443887,-1.6522535342308742,1.5130233826088442,0.8385216320091818,2.1919727726426137,0.20473836049500668,-1.0418766955581722,2.177155559482961,-0.009999999999999787,0.07999999999999963,0.040000000000000036,5.5,0.015178082191780821,,,0.015178082191780821,0.037451584377413485,0.022273502185632663,,,
2023-08-02,-3.512936200501579,-3.801625274502592,-3.902353866452183,-3.7381084103145175,0.01818109773187888,0.029946612552452092,0.010981781274082541,-0.20030717941181006,-1.0756552787513434,-1.7807507516909338,-1.7625589083037378,-8.055339766512644,-1.279026003308933,-0.4776993918500052,14.415316078816772,-0.009999999999999787,0.03000000000000025,0.06999999999999995,5.5,0.01515068493150685,,,0.01515068493150685,-0.02942721984732612,-0.04457790477883297,,,
2023-08-03,0.31058575625897833,0.5350794824829045,-0.25656696152991454,-0.2914064660336903,0.03638396949148175,0.02991154273220166,0.04369573246354154,-0.7415507102742641,-2.3341727859059462,0.09161807791750279,-0.21518809047709075,-0.9206277957695675,-2.5068478108111862,-0.03342029183236771,-1.0621785279120752,0.009999999999999787,0.1200000000000001,0.10000000000000009,5.5,0.015178082191780821,,,0.015178082191780821,-0.006231192431049278,-0.0214092746228301,,,
2023-08-04,0.6166183771680075,0.4437265808128402,-0.15778313422486662,0.03890262553526692,0.027239693669191548,0.01995925846932183,0.021883612737087697,1.0576901674080406,1.7557242551764223,-0.3590833546296193,-0.4053453150028359,-0.684124764371856,1.7160591780781658,0.3613876354074006,7.150230060821507,0.0,-0.15000000000000036,-0.030000000000000027,5.5,0.015178082191780821,,,0.015178082191780821,0.39815488159998536,0.38297679940820456,,,
2023-08-07,0.9491035313727192,0.8523111230305678,1.047110263818686,1.0704173713869505,0.0,0.009934641031396529,0.0,-0.2423038931181887,-0.9890163671432686,0.36558939179262434,-0.04235959645966552,-3.2252962623740133,1.1256314923347719,-0.22779889325187438,-8.096905581433864,0.019999999999999574,0.040000000000000036,0.05999999999999994,5.5,0.015232876712328767,,,0.015232876712328767,0.21953204362695988,0.20429916691463113,,,
2023-08-08,-1.5398544514610144,-1.3256843205768125,-1.6041988514372039,-1.6621280820157076,0.01816623216041989,0.009985842380201162,0.02182163155812696,0.5049653157521041,1.1546214160745945,1.9846386979053392,1.5678040193483727,3.6633554000883,2.2091971268811945,-0.6361270240024671,1.3854082529355418,0.010000000000000675,-0.07000000000000028,-0.04999999999999993,5.5,0.01526027397260274,,,0.01526027397260274,-0.26802554429026965,-0.28328581826287236,,,
2023-08-09,-2.1360374372051294,-2.2796492070465577,-1.8517684973986477,-2.002424821271602,0.009105631427614225,0.02991676378589611,0.010932858297064287,0.06295514357139098,0.5157863623180216,-0.6877101417061734,-0.08138668400405227,2.7462371683560036,1.5660248985438965,-0.47695633496728496,-0.18779181199778247,-0.020000000000000462,-0.019999999999999574,-0.07000000000000006,5.5,0.015205479452054796,,,0.015205479452054796,-2.6382579637946355,-2.6534634432466904,,,
2023-08-10,0.23322305574238542,0.42385590196067485,-0.40415130374232305,-0.2198120178025492,0.04538910069850462,0.02989912350202964,0.05459873969669706,-0.7685353679526732,-1.6599668492527406,-0.4471948989328098,-0.19131669226014547,-0.9959311726453571,-0.4774763045256763,-0.10691758408616783,-0.6916070021043794,-0.009999999999999787,0.08999999999999986,0.06000000000000005,5.5,0.015178082191780821,,,0.015178082191780821,-0.06112299338190512,-0.07630107557368594,,,
2023-08-11,-1.2175077082845776,-1.399472488754586,-2.453766919103589,-2.5391256876876978,0.01816095094306972,0.009961490935713973,0.010906646688003173,-0.5297399900061326,-0.2304155064588541,-0.10837469218066252,-0.19627633330060104,-0.12174116163190976,-1.6617076730272882,0.0,-6.584327636934291,0.0,0.07000000000000028,0.0,5.5,0.015178082191780821,,,0.015178082191780821,3.777774400756683,3.7625963185649023,,,
2023-08-14,1.7153444168525964,1.6107286360418822,2.8439579947390365,2.998154860157604,0.01814183111275726,0.029895899052867398,0.010953076744480355,-0.159471670959552,-0.22040495710256633,0.03648772874082008,-0.15921714024394945,1.2121876264809957,-0.635190763515814,-0.3045220530389694,-0.1348648745654453,0.019999999999999574,0.03000000000000025,-0.040000000000000036,5.5,0.015232876712328767,,,0.015232876712328767,-0.4745755774147816,-0.4898084541271104,,,
2023-08-15,-1.1654570795388115,-0.9389666573404615,-1.6836753689349246,-1.2086450427242177,0.01813063076936723,0.009974898541041319,0.010904262915718062,-0.19170775113763508,-0.6114079720768495,-0.8129120118753778,-0.9399412543856542,-4.850162382548002,-3.045111700906712,-0.26580037072091345,10.49555403517941,0.0,0.019999999999999574,0.06000000000000005,5.5,0.015232876712328767,,,0.015232876712328767,-0.6752474312449507,-0.6904803079572794,,,
2023-08-16,-1.7029832372558789,-1.626048280968751,-1.954481758532365,-1.5913705532969729,0.009079900760069419,0.019886005213388423,0.02183352172188638,-0.3845398169259582,-0.7854990391600132,-1.6193584838703763,-1.1712807846728535,-9.030904688381797,-5.2035920331684915,-0.5792775189194925,1.92546023319537,0.0,0.07000000000000028,0.020000000000000018,5.5,0.015232876712328767,,,0.015232876712328767,-0.3072234230582894,-0.3224562997706182,,,
2023-08-17,-1.5755943632696612,-1.5586409476654357,-0.9823635203132536,-0.6780705392367552,0.045347614352016515,0.039812250678805866,0.043624197700333094,-0.12851228554825977,-0.4271353349276655,-7.362412009606191,-6.919957367312144,-8.680372656772303,-8.226659098469757,-0.15390561619561793,6.4054121444184275,0.0,0.019999999999999574,0.04999999999999993,5.5,0.015232876712328767,,,0.015232876712328767,-0.12448930984920135,-0.13972218656153013,,,
2023-08-18,-0.3340253111575426,-0.3461863777519091,0.5360661920779036,0.42520446810698154,0.00908286502328065,0.00997663393280586,0.010924486590923092,0.2995933679060863,0.3525327700392058,-2.3334248653811245,-1.4339321685126798,-1.6822243664026393,0.49725735303673246,0.01711135895520659,-3.3535406000528947,-0.009999999999999787,-0.040000000000000036,-0.020000000000000018,5.5,0.015205479452054796,,,0.015205479452054796,-0.7618391699856404,-0.7770446494376951,,,
2023-08-21,2.7978862245522587,2.490792363642066,2.83246119812706,3.3048001013370047,0.009058328289345503,0.009966957114476236,0.010932807820919765,-0.621566458295493,-1.3419637402438418,0.285906650629039,0.3800225591617669,-2.79693329600544,-0.3357940393260155,0.273392964256731,-0.98751940591841,0.020000000000000462,0.08000000000000007,0.030000000000000027,5.5,0.01526027397260274,,,0.01526027397260274,-4.067788401387326,-4.083048675359929,,,
2023-08-22,-0.2557894629409884,0.06148311703518121,-0.8856133072836695,-1.0047701336224557,0.01812209786142608,0.00994860236847587,0.010893558668561492,0.042981759768665355,0.7644313111491736,-0.354646951925222,-2.0221731633509594,-2.2232665936330154,-1.3838514038783836,0.16481975934526547,-0.9384224560183918,0.0,0.0,-0.050000000000000044,5.5,0.01526027397260274,,,0.01526027397260274,0.008471739039522877,-0.006788534933079862,,,
2023-08-23,2.2825496090981163,2.1584637175527965,2.023716432299675,2.143655738555561,0.01812671543032322,0.029831191869704732,0.021793069329006008,1.0794719415786513,2.4475563212996465,1.5248455549160829,2.7396551114522154,1.9475395159754814,3.975768779688196,1.0113328144583607,-6.010912709172667,0.0,-0.14999999999999947,-0.07999999999999996,5.5,0.01526027397260274,,,0.01526027397260274,-1.2164979021228413,-1.231758176095444,,,
2023-08-24,-3.089382776554625,-2.991674685256755,-3.3607754493610518,-2.6195885743962055,0.04531031600496449,0.039772650892490935,0.03272348895255737,-0.3727591494436069,-0.6616130057484386,-1.0239565761125091,-1.1577587413650496,-2.3276024326875047,0.45565693685981573,-0.022484559331952272,7.357151648426023,0.009999999999999787,0.040000000000000036,0.010000000000000009,5.5,0.015287671232876714,,,0.015287671232876714,1.198623213895312,1.1833355426624352,,,
2023-08-25,0.8968809000086927,0.8946563062285682,0.42913095332775075,0.18124444737972076,0.0,0.009958039190502165,0.021800205529260024,-0.031982558148554566,0.3261042381779463,-0.43939924369393174,-0.4231685246031956,-2.23081448717955,-0.8261855101454804,-0.12941233726573687,-9.252339379134868,0.03000000000000025,0.019999999999999574,-0.030000000000000027,5.5,0.015369863013698632,,,0.015369863013698632,-0.009700429253546358,-0.02507029226724499,,,
2023-08-28,0.440528416657682,0.4596230249492278,1.2582161705011474,1.2266037820071591,0.009073814300925643,0.019878415627385636,0.02178594989750539,0.2771087630354514,0.10497256904547017,0.22426908796686457,-0.028901931766829776,2.7116426732419425,2.3904172817879505,0.2867238875764686,-3.901667686447267,-0.03000000000000025,-0.04999999999999982,0.0,5.5,0.015287671232876714,,,0.015287671232876714,0.6119787769489553,0.5966911057160786,,,
2023-08-29,3.0573280054688645,2.7737743951890317,2.592872950160816,2.531783616532641,0.027177030728497052,0.019883135269139977,-0.010901886878387286,0.710596634509516,1.0332486323728276,6.024989257085102,4.569933390242303,2.685349361512125,2.1405328920764557,0.972069237763269,-4.267495616173335,-0.020000000000000462,-0.08000000000000007,0.030000000000000027,5.5,0.015232876712328767,,,0.015232876712328767,0.7298384605034693,0.7146055837911406,,,
2023-08-30,0.5859444472948205,0.5929479404827407,0.470393436479709,0.5090359266967518,0.009070525711856502,0.0,0.021802585374958217,-0.010537321045698303,-0.10391095813428546,-1.5634289371322936,-1.433194082734474,-3.3146849749810268,-2.999776383253263,0.2498750315822613,-4.02454380351153,0.0,0.0,-0.030000000000000027,5.5,0.015232876712328767,,,0.015232876712328767,0.8917946559959927,0.876561779283664,,,
2023-08-31,0.3232103311445317,0.5894415723640659,0.6896987876198044,0.4040881721445795,0.054279649321510234,0.049694881994897966,0.06531277092050429,0.2005942622754038,0.44598318762022376,-5.132914544958933,-3.550204886755331,-6.17752132384951,-3.968205043269147,-0.1665111347163996,-2.258751196590744,0.0,-0.03000000000000025,0.020000000000000018,5.5,0.015232876712328767,,,0.015232876712328767,-0.13693918099013877,-0.15217205770246753,,,
2023-09-01,-0.15936538564116176,-0.35325010036749066,0.26012679072074335,-0.006396017441729256,0.028146261982805815,0.030898404714949562,0.01639986657774854,-0.6131321283709276,-1.5701263484575851,-0.5054814300673318,-1.047490726975087,-2.371611258999597,-1.7854756226253048,0.04997991755412262,-3.6012859779136495,-0.02999999999999936,0.08999999999999986,0.07000000000000006,5.5,0.01515068493150685,,,0.01515068493150685,0.008478908463478116,-0.006671776468028735,,,
2023-09-05,1.1091252897426502,1.2309709168710694,-0.03323272475115177,0.2365781721527699,0.0,0.009971059247042635,0.021874963593356278,-0.6083411031332272,-1.41216765473295,-0.08042615082999958,0.31502132903034114,2.527198093251453,1.6609385424516991,-0.8195174622491511,6.792278510731134,0.019999999999999574,0.08999999999999986,0.019999999999999907,5.5,0.015205479452054796,,,0.015205479452054796,0.9510095153999594,0.9358040359479046,,,
2023-09-06,-1.4759390544956124,-1.4080706525847986,-0.7255186382887732,-1.1691674913686023,0.018194614042210375,0.01994779712298381,0.0,-0.2573077049725365,0.24567215398235875,-0.1038013801593385,-0.08433099527620387,1.8530461240934055,-0.594247660564213,-0.45445560630184567,3.092302467284776,0.0,0.03000000000000025,-0.039999999999999925,5.5,0.015205479452054796,,,0.015205479452054796,0.030509606174968586,0.01530412672291379,,,
2023-09-07,-0.4828148004269592,-0.5331775490016577,-2.3153798767338007,-2.241258450633542,0.05449305277487957,0.04983910626904272,0.054619042561617856,0.34291185554907966,0.27695599421829886,1.8732105501950571,0.9357779476783407,0.3586529127486153,1.959044811905301,0.10678794784509471,-0.34662212677953474,-0.019999999999999574,-0.03000000000000025,0.039999999999999925,5.5,0.01515068493150685,,,0.01515068493150685,3.581930459546496,3.566779774614989,,,
2023-09-08,0.2731320276148983,0.08906812068656444,-0.5189802541939839,-0.6297359336778308,0.009063527214189356,0.00996311009996246,0.010948690783753288,0.02137142911468108,0.3822149095365813,-1.2831149860508746,-0.6980156417867569,-2.370299407111747,0.4417527150896141,0.03369702787594387,-3.9665218876341175,0.019999999999999574,-0.009999999999999787,-0.04999999999999993,5.5,0.015205479452054796,,,0.015205479452054796,-0.23827985737262308,-0.2534853368246779,,,
2023-09-11,2.044549951062593,2.2011159608481745,-0.056676972901464666,0.07312110102854004,0.018156108540194595,0.009953462809272909,0.0,-0.1712541090931041,-0.723212741330213,-2.9100334535416694,-5.302752431971985,-6.162310966583318,-8.009311373627485,0.18513951035425602,-0.28943552301342274,0.0,0.03000000000000025,0.039999999999999925,5.5,0.015205479452054796,,,0.015205479452054796,-1.1171461083882914,-1.1323515878403463,,,
2023-09-12,-1.5530743865352572,-1.5209431815535803,-0.8524005542814146,-0.7537156206061417,0.009061060602528308,0.00996977997816423,0.03275352602772821,0.13916345640329653,0.5747222224796541,2.6305127952917498,2.5949851133000577,2.2036620599960934,1.7843924185120623,-0.5169992663578624,3.0683773948318858,0.009999999999999787,-0.020000000000000462,-0.029999999999999916,5.5,0.015232876712328767,,,0.015232876712328767,1.078433167347329,1.0632002906350002,,,
2023-09-13,0.4196759331875993,0.32367428103913215,0.5114916177737422,0.8068675775242516,0.018159045478135637,0.029868772308351374,0.010915458457483321,0.11760331581654275,-0.021240102400539293,1.5173852958685845,0.9723232880359703,1.3914228486233127,1.1583784244461472,-0.23126820451930719,-5.41453084074137,-0.009999999999999787,-0.019999999999999574,0.0,5.5,0.015205479452054796,,,0.015205479452054796,-0.03558723936890282,-0.050792718820957615,,,
2023-09-14,0.22951538343461136,0.234736071800499,0.7129257526324903,0.5431108026640032,0.045355633950693024,0.02987715098352583,0.03274870819307912,-0.22464962576731032,-0.7244088510516283,1.1800835130971608,1.1738037483995223,0.36564816969239206,1.1974150929710086,0.050809507312215424,-5.020064383757028,0.0,0.040000000000000036,0.0,5.5,0.015205479452054796,,,0.015205479452054796,-0.0914997664656463,-0.10670524591770109,,,
2023-09-15,-2.070705776971565,-1.9533023121978756,-2.9284926380125222,-3.0720101727387252,0.009078106483315739,0.019916025007132805,0.02186758574216822,-0.311008159051273,-0.6112718600054197,0.25972414093191215,0.8973901904285443,1.7851983132323144,2.779473415168807,0.658210689497754,7.293726135107188,0.009999999999999787,0.040000000000000036,0.020000000000000018,5.5,0.015232876712328767,,,0.015232876712328767,0.11576814956206066,0.10053527284973189,,,
2023-09-18,-0.22404978039527657,-0.47932941215290015,0.3402445524615447,0.3332215231697519,0.018137997619512854,0.009960848340490224,0.010879877913490484,0.0966258401885718,0.5685060266514612,0.5456526848982933,-0.2618697088857775,0.3237345566026763,8.134773348866007,0.587038313631886,1.5113640576325997,-0.009999999999999787,-0.009999999999999787,-0.040000000000000036,5.5,0.015205479452054796,,,0.015205479452054796,-0.05514177587427147,-0.07034725532632627,,,
2023-09-19,-0.16605879810236726,0.0,-0.8465246968056351,-0.8659298113822994,0.0,0.009942565696783518,0.010888170023513881,-0.3655665891301994,-0.7407947421320153,1.6931102662432373,0.37780211782601403,1.0449627408622435,2.096785369468404,-0.09480950413542692,0.7826411917588859,-0.009999999999999787,0.04999999999999982,0.020000000000000018,5.5,0.015178082191780821,,,0.015178082191780821,15.6878783980182,15.672944151442856,,,
2023-09-20,-2.102358964618283,-2.0325230735926887,-1.6553762260602018,-1.657149940568926,0.01811896783826742,0.029856337990151055,0.010924883289666266,-0.07544711924570714,0.31200696862763566,-0.29114788993918345,-1.2646402630916957,-0.9383754209309335,5.7170725967341784,0.07251297423292755,7.045652915299091,0.019999999999999574,-0.020000000000000462,-0.06000000000000005,5.5,0.015232876712328767,,,0.015232876712328767,-0.022885376224123344,-0.03811825293645211,,,
2023-09-21,-2.444887414128063,-2.4508777570860776,-1.8626163463360217,-2.018434392002649,0.04531452856660163,0.029838786521619913,0.05454023419841466,-0.7465230526363814,-2.6009274948483028,-2.1020467716698095,-2.4061803567986475,-2.8743582126265794,-4.674378839918666,-0.7274811145923208,14.71437684547391,0.010000000000000675,0.14000000000000057,0.14,5.5,0.01526027397260274,,,0.01526027397260274,0.3396265460606836,0.3243662720880809,,,
2023-09-22,-0.03667861658492623,-0.03141268714335351,0.8294803217209976,0.8489054149972626,0.01813107482004824,0.01988757908887683,0.010917734032783864,0.39018791202419567,0.801611088173,0.044915054085552054,0.5640355663340096,0.3692161572936252,2.9469244973190234,0.31961900557462813,-1.9574610964226118,-0.010000000000000675,-0.04999999999999982,-0.030000000000000027,5.5,0.015232876712328767,,,0.015232876712328767,0.03925768378298006,0.024024807070651293,,,
2023-09-25,0.7964076053956495,0.8135220979681671,0.7290284541321097,0.7019574929196895,0.00905250797363774,0.019892261401535175,0.010888139900825477,-0.7383136218097919,-2.491670911101776,-1.0631653191114123,-0.3108783161207237,0.2439595807927049,-3.3228801204520075,-0.5163898932470834,-1.7595828819496955,0.020000000000000462,0.10999999999999943,0.12,5.5,0.015287671232876714,,,0.015287671232876714,0.050258944004432045,0.03497127277155533,,,
2023-09-26,-1.8009151462608235,-1.9509770619498588,-1.8323912019675488,-1.593494639264174,0.009075280083584202,0.0,0.010915353714911553,-0.03272128212572089,-0.34822507514046486,-0.30935695955251363,0.32022506710494814,-0.362991139326235,-1.9328395977481851,-0.8023084937964609,11.39625165984174,0.0,0.009999999999999787,0.06000000000000005,5.5,0.015287671232876714,,,0.015287671232876714,-0.11800575605403134,-0.13329342728690804,,,
2023-09-27,0.022035966727234138,0.0,0.8778816770475742,0.9126715358658961,0.018100915246493477,0.029818023493237675,0.032653744529374355,-0.44797276185475615,-0.5189261143040345,0.5153782852789497,0.2553490261682757,-0.1738228808744266,-0.7590933053825675,-1.2443751217319037,-3.875626180982192,0.0,0.05000000000000071,-0.010000000000000009,5.5,0.015287671232876714,,,0.015287671232876714,0.47176486852227445,0.45647719728939773,,,
2023-09-28,1.1688337978788224,1.1688676511250522,1.8347526388058675,1.6068441905549644,0.04527725319888591,0.0297832403880642,0.03269038642702515,0.27342040280356256,0.3049292594069526,2.506320623495958,3.408644314956767,3.9039440660308644,8.104928212256471,-0.5009715204337903,-4.950387399329105,-0.020000000000000462,-0.020000000000000462,0.03999999999999998,5.5,0.015232876712328767,,,0.015232876712328767,0.830601646293006,0.8153687695806773,,,
2023-09-29,0.3049446090268419,0.4387327323231575,0.3616681048968297,0.47706658089581083,0.0,0.029852033299186693,0.010888114980541978,0.021810216522258764,0.011278001433337853,-0.4072674570297436,0.9070790251801168,-0.32518848589672555,0.552657772102714,-1.0328505518099336,1.032713148414973,-0.009999999999999787,0.0,0.010000000000000009,5.5,0.015205479452054796,,,0.015205479452054796,0.33571346607309394,0.32050798662103913,,,
2023-10-02,1.3684954963502782,1.2121341849332925,0.5033091667140872,0.8584882545533014,0.02271736911364611,0.01194176973615279,0.01532270615229276,-0.8144442215608635,-1.6881824726939227,2.274293318855194,-0.25911415737511184,1.4123848429334573,4.591604827902695,-1.05542058560987,0.5123845531178813,0.07000000000000028,0.10000000000000053,0.010000000000000009,5.5,0.015397260273972601,,,0.015397260273972601,0.6593282300475801,0.6439309697736075,,,
2023-10-03,-2.013866232332919,-1.8709572250978201,-2.090832316797277,-2.2475879923385067,0.009043078490058375,0.009964763998846823,0.021854439590362925,-0.831179409311301,-2.1746487511671893,-0.36683170659445613,-0.41814757585094464,-2.3365684039629286,-6.044030023595765,-0.2892421000056923,11.620440374120896,0.0,0.11999999999999922,0.08999999999999997,5.5,0.015397260273972601,,,0.015397260273972601,-0.07522485791078536,-0.09062211818475796,,,
2023-10-04,1.8059264182584578,1.7473185683634378,1.3190471227994924,1.5476210576416143,0.036391890233741536,0.019961051000953148,0.010939610947475175,0.6323491101027052,1.400919929299035,1.3377719302482878,-0.5354814095119953,-1.1721611547620374,2.21421054297493,-0.011826350756014561,-6.258563162924435,-0.009999999999999787,-0.07999999999999918,0.020000000000000018,5.5,0.015369863013698632,,,0.015369863013698632,0.1263025785044598,0.11093271549076117,,,
2023-10-05,-0.13878189465063148,-0.21676277060237759,-0.4859637243793302,0.0,0.05449629709627893,0.05979029599013574,0.06556867122481225,0.1877805134622342,-0.49972590334338324,-1.3890662255842758,-2.2313404954047225,-0.1791407019965222,0.3332179418814007,-0.18344684108627424,-0.48556962591008573,0.0,-0.010000000000000675,0.010000000000000009,5.5,0.015369863013698632,,,0.015369863013698632,0.7351210930809476,0.7197512300672491,,,
2023-10-06,2.4475041691334853,2.510090484009473,2.1257553891735337,2.139339914100636,0.009057592085344728,0.010007544455626231,0.0,-0.5867251003186486,-1.219110167519415,1.9171883788155935,2.109495122828737,2.0800198156123337,3.143605690925539,0.5139851922273756,-5.789034065045728,0.019999999999999574,0.0600000000000005,0.010000000000000009,5.5,0.015397260273972601,,,0.015397260273972601,0.0794051499044266,0.06398049237018003,,,
2023-10-09,0.5574197823820374,0.6328153580698245,-0.25021223060635406,-0.25649227814762093,0.00908816295655468,0.00992897679606586,0.010902900985531054,1.2687055322277676,2.3198409702402616,-1.307125119080631,-4.09432935434374,-5.941502119532863,-8.598012197974873,1.8218478536943454,1.4224990313812624,0.0,0.0,0.0,5.5,0.015397260273972601,,,0.015397260273972601,0.047945723260344145,0.03252106572609757,,,
2023-10-10,0.16186694787832542,0.12008681682756064,1.2737227921085255,1.2291613337645497,0.009055948740422141,0.0,0.0,-0.19752734830793175,-0.13835256929779738,-0.7009006012591489,-0.7684582639813547,-0.5528317602081972,1.1843174515172386,-0.16795054754092334,-3.858814768935068,-0.019999999999999574,-0.1200000000000001,0.0,5.5,0.015369863013698632,,,0.015369863013698632,0.6442430449043945,0.628873181890696,,,
2023-10-11,0.9858654334856011,1.0149231533821892,0.7495688113608395,1.0756399981606324,0.009102206961927381,0.019932547395127828,0.021868353825670237,0.5477142375047,2.0670753015385688,-1.9081220842271782,-0.0930610755302761,0.14555826852696538,-1.2723077633653965,0.7276507826110017,-5.677856450666494,0.0,-0.08000000000000007,-0.10999999999999999,5.5,0.015369863013698632,,,0.015369863013698632,0.6180553206912793,0.6026854576775807,,,
2023-10-12,-0.2771408300001661,-0.29743768893887396,0.2553963840393603,0.5072193164444201,0.05444685026600358,0.04978384961950818,0.043675160062546736,-0.9659429701066256,-2.6718506186697044,-0.434538164717781,-1.7156552988921718,-2.973678069529825,-0.44820685415218764,-0.30543103873241245,3.6611799184711287,0.019999999999999574,0.1200000000000001,0.04999999999999999,5.5,0.015397260273972601,,,0.015397260273972601,0.05645500658179382,0.04103034904754724,,,
2023-10-13,-2.029544666488472,-1.9856243582486197,-2.7600184446346216,-2.535304228282162,0.018129296592965673,0.0,0.021816270181199766,0.6376671210607506,1.7733802545013038,0.39380057832304977,0.8071359338065555,0.6493694333198055,1.1951382851002548,3.164231938177581,14.633104331612188,-0.009999999999999787,-0.07000000000000028,-0.04999999999999999,5.5,0.015397260273972601,,,0.015397260273972601,-1.0428332087298036,-1.0582304690037763,,,
2023-10-16,1.5972048370463714,1.4180391913619403,1.4060880814755587,1.1458403102174057,0.009055575957471172,0.02986358357982844,0.01093938397823784,-0.5935885989306662,-1.6224628643232462,5.986029097890797,3.073543894661116,2.4954159527893345,1.8418884724870483,-0.4876800474351656,-11.56502559624825,-0.009999999999999787,0.08000000000000007,0.02999999999999997,5.5,0.015369863013698632,,,0.015369863013698632,0.06023163850261613,0.0448617754889175,,,
2023-10-17,-1.0037926939606887,-0.8725823687527428,-0.7328703354929716,-1.186292685083606,0.009078273776406206,0.009943937295098872,0.01091931322285765,-0.9860889832499957,-1.1082085621242244,-0.36433994327744557,-2.2170848827160934,-6.05302588614455,-3.4814624586526017,0.18525567250013086,3.819216578233453,0.009999999999999787,0.1200000000000001,0.020000000000000018,5.5,0.015397260273972601,,,0.015397260273972601,-1.357444945309639,-1.3728422055836118,,,
2023-10-18,-2.202474980368927,-2.1999091603739958,-1.8188557575657582,-2.0227424061012043,0.00908528824761042,0.0199279452645368,0.0108898128456415,-0.4687680219391517,-0.8836504775040551,-0.3080719749687549,-0.10799585356926883,1.2290942390619253,-0.9125377759686635,1.4367113783494705,7.226864500819685,-0.009999999999999787,0.08000000000000007,0.07999999999999996,5.5,0.015369863013698632,,,0.015369863013698632,0.13894200700511006,0.12357214399141142,,,
2023-10-19,0.17095866665053244,0.0926434952230498,-1.55253637472076,-0.6834536989348114,0.04532004409580278,0.039766545689476865,0.04366057987927035,-0.4934269125251754,-2.0685765931150923,1.3724231161473082,0.23678761320827202,-0.15793851818259483,2.9397428056643173,1.2199301049654077,10.743953638554474,-0.010000000000000675,0.07000000000000028,0.12000000000000002,5.5,0.015342465753424656,,,0.015342465753424656,-0.7687557251643531,-0.7840981909177778,,,
2023-10-20,-1.8923155116425152,-1.7435104124795073,-1.456690585445059,-1.5779076104736378,0.027183737555254682,0.01988164534518803,0.021775994141561554,0.5829108854470645,0.5662204401187926,3.298576898255148,2.3461596611029707,1.7462229425438043,3.0149329206712094,0.27271753020748096,1.4382037517315394,-0.019999999999999574,-0.05000000000000071,0.01999999999999999,5.5,0.015287671232876714,,,0.015287671232876714,0.03230013308297537,0.017012461850098658,,,
2023-10-23,1.138008050831201,1.1243110475618598,-0.5701857693695538,0.3512434483947261,0.018107945333404377,0.019860492363792,0.010919220129587237,0.4683308721657264,1.194176270893911,10.854453540047478,9.545131117646743,8.834615836381827,18.052079111284545,-0.3382778876821057,-6.370967028123974,0.0,-0.0699999999999994,-0.04999999999999999,5.5,0.015287671232876714,,,0.015287671232876714,-0.319543698883161,-0.3348313701160377,,,
2023-10-24,1.231628587085549,1.1732183131564757,1.347852526956107,1.1643104790051297,0.009084066147040762,0.009967465564281606,0.010918027966098394,0.17783730666530218,1.3090888561918952,2.4342751787773462,1.0735750862524152,-3.594084633026135,-1.6807067953566266,-0.010933686369138149,-7.120452368766059,0.0,-0.03000000000000025,0.0,5.5,0.015287671232876714,,,0.015287671232876714,-0.7423479115891212,-0.7576355828219978,,,
2023-10-25,-3.4297744455341665,-3.339369634273149,-4.12642687127457,-3.951755380249484,0.0,0.0,0.010897982451084753,-0.8811681822469781,-2.2513461732948885,1.7581001125127034,0.16574582065942417,-1.1128645288242507,2.854635026915625,0.4199991317574014,6.232871102580391,0.009999999999999787,0.1200000000000001,0.06,5.5,0.015315068493150685,,,0.015315068493150685,-4.038023260830529,-4.0533383293236795,,,
2023-10-26,-2.6969094227493464,-2.799863808066712,-0.5964984587505413,-0.8836072332931596,0.06336189788521722,0.05964642690741953,0.04356121168297158,0.7589284201337194,1.5222531889758655,-1.0083818433932463,0.9267512281385482,-1.4631362709345312,-5.921300798211774,0.15772080037928718,2.3979605620941093,0.0,-0.08999999999999986,-0.03,5.5,0.015315068493150685,,,0.015315068493150685,0.007856600228946254,-0.00745846826420443,,,
2023-10-27,1.3305955166029604,1.168087953284591,1.0702583937124073,0.6164520940220133,0.018122854220697076,0.0,0.03268200947605941,0.15554084953083125,-0.42578211422751205,-0.7253169256571986,-1.3389403281273107,-1.9104272443279164,-2.9775324014738964,1.1562693424814756,2.813058633643229,0.0,-0.020000000000000462,0.010000000000000009,5.5,0.015315068493150685,,,0.015315068493150685,0.028053501075981997,0.012738432582831312,,,
2023-10-30,1.3042987424746286,1.3139104207469066,-1.3481695571148442,-0.25336260756635526,0.009036724668387572,0.019851324814564964,0.01089790906750079,-0.33362417364378383,-0.45143380212109097,1.732374140301685,1.6737000363167145,3.668098013701413,6.613605861461407,-0.5656514976963795,-7.414415938657903,0.009999999999999787,0.040000000000000036,0.0,5.5,0.015342465753424656,,,0.015342465753424656,0.04932042588921228,0.033977960135787626,,,
2023-10-31,0.15909230767999677,0.3495970820022071,0.910578902351477,0.7150238508888258,0.0,0.01987315810912229,0.0,-0.21183527275770694,-0.48935440031830063,0.4782938801692802,0.35131858560219814,-0.781585103639899,-2.8425489722705,-0.5471503988170933,-8.50340803068641,-0.009999999999999787,0.0,-0.04000000000000001,5.5,0.015315068493150685,,,0.015315068493150685,15.6878783980182,15.672944151442856,,,
2023-11-01,2.145807697110247,2.0101160053479896,2.3258747036465524,2.4596252626025836,0.034535452940916186,0.016965956924742034,0.03062458353030059,1.1451962784007068,2.1450689554063596,2.1952875620689456,1.6722284071564633,14.00995618892945,8.85032566376967,-0.31556165767174377,-7.258246473530162,-0.019999999999999574,-0.11000000000000032,0.010000000000000009,5.5,0.01526027397260274,,,0.01526027397260274,-6.105891240881705,-6.120233479877698,,,
2023-11-02,1.4193192568303985,1.5733729999884452,2.2470837046464305,2.5580896456698152,0.04542157598221948,0.03987369803653163,0.03279896036741648,0.617770151807388,2.2540585282044625,-1.4181643038139047,-2.5479687340772705,-1.5938875136202117,3.2765367293261605,0.3318560440596095,-7.442726548610695,-0.03000000000000025,-0.09999999999999964,-0.13,5.5,0.015178082191780821,,,0.015178082191780821,-6.105891240881705,-6.120233479877698,,,
2023-11-03,1.541457852893057,1.3982078985923923,2.5940602513488105,2.307190615434106,0.02722428926773415,0.00995091640475734,0.010946282611484691,0.7668658193557789,0.6755618419534096,-0.5911206955145198,1.7710624992429473,-0.7236524820456893,-2.0229107619646145,0.36323164276059106,-4.907756227614069,-0.009999999999999787,-0.09999999999999964,0.04999999999999999,5.5,0.01515068493150685,,,0.01515068493150685,15.6878783980182,15.672944151442856,,,
2023-11-06,0.29148028220386396,0.4817830536579767,-0.18534008026803453,0.2938721161280944,-0.00907393960088355,0.019967531795267675,0.010916852836508463,-0.5800883720445148,-0.9746976789958263,0.874445036418133,3.592609012894564,9.289520792209869,9.771070376955139,-0.782308105070582,-0.13422487895297924,0.02999999999999936,0.09999999999999964,0.0,5.5,0.015232876712328767,,,0.015232876712328767,-0.08438097852611891,-0.09961385523844768,,,
2023-11-07,1.9192452084473468,1.8157980309075272,0.6345906818081083,0.6249146011718333,0.027219349084804684,0.0,0.021858356525881615,0.5691919656077188,1.4642169159578808,1.1526405303600253,-0.6184419547505903,-3.546076699523979,-1.8046583024760845,-0.4153745714031754,-0.5387213140145019,-0.009999999999999787,-0.08999999999999986,-0.07,5.5,0.015205479452054796,,,0.015205479452054796,-0.006796771296386276,-0.02200225074844107,,,
2023-11-08,0.470291863134448,0.5002163317977646,0.1005304700781928,0.3572424514953207,0.009087096466037201,0.019877726300760155,0.010932090560594214,0.4029843923314362,1.6890273894256451,0.5955525293475274,0.06343545080602957,5.008702060067389,2.35665560350054,-1.0017653470627337,-2.4608255254246005,-0.009999999999999787,-0.08999999999999986,-0.10999999999999999,5.5,0.015178082191780821,,,0.015178082191780821,0.05329173513011495,0.03811365293833413,,,
2023-11-09,-0.8280927143354209,-1.0029587213409985,-0.48036700690461,-0.17845146606361328,0.036293268754825615,0.04980570088652154,0.0546237287090576,-0.9941249853501959,-2.3270201740492458,2.869223982446583,11.546245314063244,-0.8354130592032726,0.7944742267428685,0.39750574137909994,5.650461608727745,0.0,0.1299999999999999,0.030000000000000027,5.5,0.015178082191780821,,,0.015178082191780821,0.27439011758390225,0.25921203539212145,,,
2023-11-10,2.669818441307601,2.771788510157621,3.95369732418999,3.968869662319624,0.02720740595495773,0.0,0.010924926678947478,0.10972278536106918,0.5584513140473453,1.6778346050334039,-2.0135351367736307,2.677439129001751,-0.47733653904309703,-1.0969699953245509,-7.60719583592971,-0.009999999999999787,-0.009999999999999787,-0.020000000000000018,5.5,0.01515068493150685,,,0.01515068493150685,-0.5922899177128453,-0.6074406026443522,,,
2023-11-13,-0.16074905320666216,-0.05192407186850814,-0.9789806571232116,-0.6122416972063325,0.009080503038007101,0.00997531774421754,0.01091433297892276,-0.05484634381925455,-0.22751990931865756,-2.1990961965519196,-1.114036281526771,-0.7765000641673612,-7.194524619694999,0.5555261386916067,4.079377559244869,0.019999999999999574,0.019999999999999574,0.03999999999999998,5.5,0.015205479452054796,,,0.015205479452054796,0.07918797207168296,0.06398249261962817,,,
2023-11-14,2.31463502872171,2.2226605498948744,3.631585774761787,3.005803069548087,0.03625913636273437,0.0398055894120733,0.010913141882294563,1.3895665857346462,2.2414643443644655,-2.678435783979465,-3.7786727149761994,-3.7504323090008764,-2.8194911247336805,0.8879636186604513,-4.149975718963312,-0.03000000000000025,-0.1899999999999995,0.030000000000000027,5.5,0.015123287671232877,,,0.015123287671232877,-0.7516407233544278,-0.7667640110256606,,,
2023-11-15,0.0015889254049984594,0.14381285684926362,0.723656692607753,0.07446896102434902,0.0090841910243068,0.0,0.021822711514322836,-0.7814252863375007,-1.4133944792221849,6.384619927627836,4.028598695417038,6.335073758114546,5.115226885908357,-0.2639080786094615,0.14114651359527655,0.010000000000000675,0.08999999999999986,-0.010000000000000009,5.5,0.01515068493150685,,,0.01515068493150685,-0.12347435490756625,-0.1386250398390731,,,
2023-11-16,0.0794857210876125,-0.1127739452780608,0.04883423365851169,0.3714865498266416,0.05437862762199358,0.04975613809887561,0.04362174818569223,0.748985238266042,1.2350131635604222,-4.662975619066543,-4.951007466964237,-3.3356639721905017,-4.565351103855983,1.122286457935357,0.9824597595796143,-0.020000000000000462,-0.08000000000000007,-0.010000000000000009,5.5,0.015095890410958903,,,0.015095890410958903,0.04525086711956792,0.030154976708609015,,,
2023-11-17,0.10470621089709328,0.08458700396579877,0.7006735286803194,0.4685815971069175,0.009039433109683088,0.019878390584156375,0.02184600024956129,0.0648513190778571,0.4675549623581627,1.214874696667944,0.020354584398841087,-2.154250937889092,-2.8849245058875597,-0.010890827769753537,-3.698853423681578,-0.009999999999999787,-0.009999999999999787,-0.06,5.5,0.015068493150684932,,,0.015068493150684932,-0.11564846721553582,-0.13071696036622074,,,
2023-11-20,1.541767990005697,1.7323678531361741,1.4632061276682893,1.4230602246871187,0.009077607467092335,0.009929147105130473,0.0,0.14043392689846476,0.6089409361222643,2.376864083083559,3.060767084657294,1.73561548244482,1.8540841859118078,-0.16347162383040548,-2.8667920069603205,0.040000000000000036,-0.020000000000000462,-0.02999999999999997,5.5,0.015178082191780821,,,0.015178082191780821,0.040262871008441836,0.025084788816661013,,,
2023-11-21,-0.4083250784204243,-0.6670337873333232,-1.8869342339489887,-1.484586638374865,0.03623982821691241,0.029850039534180327,0.03272250262726881,0.12937667163646913,-0.04415749350335224,-4.539262192194837,-4.3030524607727045,-6.030639595617948,-6.029884467472496,1.0740019593541819,-0.4484272494152975,-0.009999999999999787,-0.009999999999999787,0.019999999999999962,5.5,0.01515068493150685,,,0.01515068493150685,-0.1222099742270805,-0.13736065915858736,,,
2023-11-22,0.19623425116017326,0.36186835305834986,0.31892192512332346,-0.2156648968231522,0.036195529202938566,0.0397205660441175,0.04363524962001381,-0.03230571210928703,0.35276235515352844,4.420138946783627,6.3677023255911,22.51907593441648,11.357484281873832,-0.42713618891719385,-3.8172572393181072,0.009999999999999787,0.009999999999999787,-0.019999999999999962,5.5,0.015178082191780821,,,0.015178082191780821,-0.06808227272098447,-0.08326035491276529,,,
2023-11-24,-0.2195464528803348,-0.3618683530583476,0.07182398961692492,-0.2222980314309153,0.00905462754036793,0.029837841057291495,0.010865960783999344,-0.5189016999853641,-1.184463230479791,0.7662881508198476,0.8069755225219192,0.8988259308894426,3.871591146902432,0.5188115339681599,-3.082032460672672,0.0,0.04999999999999982,0.019999999999999962,5.5,0.015178082191780821,,,0.015178082191780821,-0.11004930673102237,-0.1252273889228032,,,
2023-11-27,-0.2971431338164068,-0.19539348389181976,-0.1397940555825282,-0.06184416310185444,0.018106795863364937,0.0,0.010921071345439624,0.7557984107384781,1.656588454777472,-1.2434083649412868,-2.615888858282911,1.9597298469697872,-2.8604226859901423,0.6715220224108336,1.8290732238712026,-0.04999999999999982,-0.08000000000000007,0.0,5.5,0.01504109589041096,,,0.01504109589041096,-0.9963940618256623,-1.0114351577160732,,,
2023-11-28,0.5965453307054653,0.5016741285763715,-0.5864884932701675,-0.5769341800167688,0.02714625957770884,0.00993541170240323,0.02179166622326676,0.44001959290648096,0.19698674624873888,1.5367313611233842,1.075413409883308,-2.176995466841829,0.8330894194988839,1.3243765854618508,0.0,-0.020000000000000462,-0.04999999999999982,0.06,5.5,0.014986301369863014,,,0.014986301369863014,1.309380677457956,1.294394376088093,,,
2023-11-29,-0.48324831185439354,-0.38997092234170877,1.0787564784819368,0.9165856737822666,0.018098604580010613,0.029791759077194627,0.01088936318982531,0.523385693729821,1.2492617777305162,0.07241750284948421,-0.9515964716186758,-2.2193709481590873,-0.5640148661651854,0.1478346564492718,2.2595427349522588,-0.019999999999999574,-0.07000000000000028,0.020000000000000018,5.5,0.014931506849315067,,,0.014931506849315067,-1.2739193438087644,-1.2888508506580794,,,
2023-11-30,-0.2695509347945396,-0.30747922382981824,-0.7003693498480514,-1.0722598646156867,0.0361562486396801,0.029765782007336622,0.04355497351076528,-0.4912255511376855,-1.1618729267945422,-0.38571889984724805,1.1085004780645595,-1.1596588063353672,1.8900118654785427,-0.4176660491012712,-0.4633171749536714,0.0,0.10000000000000053,0.010000000000000009,5.5,0.014931506849315067,,,0.014931506849315067,0.17365053069957376,0.15871902385025868,,,
2023-12-01,-0.39648747546888713,-0.4770655394293081,0.46810972361331454,0.4042307176128217,0.031793304099935894,0.032928764162782294,0.020772181549315944,0.9390667412370841,1.8659020889390188,2.555073011462817,1.6708736318532358,1.1220031813884506,1.9866806593704915,1.7124037266951417,-2.270155883612137,-0.020000000000000462,-0.15000000000000036,0.019999999999999962,5.5,0.01487671232876712,,,0.01487671232876712,0.015096396836524275,0.00021968450775715527,,,
2023-12-04,-1.316311894815853,-1.2169396434612734,-1.1263532092964312,-1.4691841510814134,0.009096395300909247,0.009967983631343031,0.0,-0.41555205914185966,-0.39872280103521857,8.164678054577372,7.21158140851754,1.2739125057147673,-0.33803870785453716,-2.1850417580745676,3.5009394772744016,0.03000000000000025,0.0600000000000005,-0.019999999999999962,5.5,0.014958904109589041,,,0.014958904109589041,-0.8523151207119257,-0.8672740248215147,,,
2023-12-05,0.635365996432472,0.6810516676904559,-0.5699419204612902,0.0,0.018120292415715084,0.019915893453055666,0.02189235828616277,0.7022694271343195,2.1258363503879707,4.882523455973004,2.2317582058232848,2.6515522479036395,-1.17067300653687,-0.3786606077863042,-1.7740499168593813,-0.009999999999999787,-0.10000000000000053,-0.030000000000000027,5.5,0.014931506849315067,,,0.014931506849315067,0.49142836661220907,0.476496859762894,,,
2023-12-06,-1.0231150522485113,-1.051890068102079,-0.6188040299631616,-0.8094233289093262,0.018155900425798906,0.0,0.010906903406004226,0.41267666560388955,1.3229836244000548,-0.7610515703398493,-2.7481732281027513,-4.3066598613742,-2.5437209169206847,0.36801154063575253,0.9295177888952625,0.0,-0.05999999999999961,-0.08999999999999997,5.5,0.014931506849315067,,,0.014931506849315067,-5.129077679003438,-5.144009185852753,,,
2023-12-07,1.9385918225666408,2.008835580695089,2.645897921466178,2.25999339592969,0.045390883977278924,0.04984072731356629,0.04370001178203187,-0.14795269851397877,-0.5753595678436296,-1.0427160036986542,5.488917505378805,4.741615875540057,2.524442799641989,0.1648967455985853,0.6915137061659103,-0.009999999999999787,0.019999999999999574,0.03999999999999998,5.5,0.014904109589041096,,,0.014904109589041096,-0.005518218140687998,-0.020422327729729094,,,
2023-12-08,0.9694030401132526,0.9478747986780193,0.7868164342107118,0.8529484141828034,0.0,0.0099344153556462,0.02186625548714574,-0.6471848090562632,-0.8216579562213571,1.9985683234800238,0.04886631288898086,3.7683534023414524,0.7103661799996789,-1.343017351466841,-5.589806201597742,0.0,0.09000000000000075,-0.03999999999999998,5.5,0.014904109589041096,,,0.014904109589041096,-0.21774740175145332,-0.23265151134049442,,,
2023-12-11,0.2190176123560535,0.22172408342614108,3.353991788229229,2.3719566060170822,0.0,0.01993418990901649,0.02187083669349465,0.010660622847802425,-0.2117865328278365,-6.846730761514238,-5.855653821782206,-6.759681484536044,-8.20451137736507,-1.1104320560253251,2.241885146121545,0.02999999999999936,0.0,0.0,5.5,0.014986301369863014,,,0.014986301369863014,-1.0907888820370248,-1.1057751834068879,,,
2023-12-12,1.1769428988548964,1.0191597468861526,0.7182503643945523,1.0522517883567217,0.02719199946979963,0.009948526842743647,0.0,0.2126431208129562,0.2963341685088626,0.4991678164292342,-1.0184285922753353,2.095596945658635,1.1744985058453266,-0.054479049090593305,-4.53519355978245,-0.009999999999999787,-0.03000000000000025,-0.050000000000000044,5.5,0.014958904109589041,,,0.014958904109589041,0.4187805793683834,0.40382167525879437,,,
2023-12-13,1.180374902627184,1.4960138048890161,1.5281453597741392,1.1707076063312036,0.03629111951849623,0.009956075442835319,0.010905543448304536,1.3895665857346462,2.3191361811415807,3.416274957103686,2.6268465157370287,0.9883228723762614,2.2290321887790605,2.2311764488914054,0.9892899244538715,-0.019999999999999574,-0.16000000000000014,0.11000000000000004,5.5,0.014904109589041096,,,0.014904109589041096,-1.7446875200102523,-1.7595916295992935,,,
2023-12-14,0.2418820430397243,-0.13507832746463608,2.7344195559235267,1.8289306961310667,0.04914686174423041,0.05497110954292692,0.04366642291838244,0.827799449455629,2.454153141605302,0.3101461159203954,2.443977293318263,1.025573857306332,12.157896103648941,0.5845435089187632,2.351141719134706,-0.010000000000000675,-0.1200000000000001,-0.030000000000000027,5.5,0.01487671232876712,,,0.01487671232876712,-0.22911566698986593,-0.24399237931863305,,,
2023-12-15,0.7443277967286576,0.7809305852614709,0.3712978820592236,0.47216198923918895,0.009108974205707564,0.010009342487996765,0.032760691953346306,-0.08330088893981205,0.1109963895716228,-2.5761678809584643,-4.288288838634243,-5.260082041548895,1.2526941887709535,-0.9208782757507555,-1.6155425287520306,0.010000000000000675,-0.009999999999999787,-0.08000000000000002,5.5,0.014904109589041096,,,0.014904109589041096,-0.02776651548350961,-0.042670625072550705,,,
2023-12-18,1.3854538271106267,1.543820482924647,-0.27791789130775785,0.1749587250779646,0.01817664073741396,0.009991277051784918,0.012055702598082458,-0.21899993857096828,-0.7999334981259888,1.6410875652475942,-0.0930424176089625,-1.5996131289535434,-8.875161570852377,0.4535187656823246,2.2545293475045702,0.019999999999999574,0.040000000000000036,0.050000000000000044,5.5,0.014958904109589041,,,0.014958904109589041,-4.176701223391312,-4.191660127500901,,,
2023-12-19,0.5085761395109135,0.52687360478139,0.53226553287935,0.3340460493731029,0.0,0.029967843014319553,0.0,0.1877398304147802,0.5373388509785877,-0.8316570718615267,-1.7929749988651675,-1.72720628609917,2.156032137717383,0.6790830606181726,-0.23914468522060758,-0.03000000000000025,-0.020000000000000018,0.0,5.5,0.01487671232876712,,,0.01487671232876712,0.16376298439824785,0.14888627206948074,,,
2023-12-20,-1.5211597240405283,-1.642428302065897,-3.0092389401088724,-2.8223447130582433,0.027332503488616024,0.009987285622274225,0.021919136428911686,0.48859350888039876,0.6752560047560591,3.2164737244750543,1.0977281118820084,1.4535022752047628,-1.2722348161846575,-0.5460866362358663,8.70779087201619,0.010000000000000675,-0.07000000000000028,0.0,5.5,0.014904109589041096,,,0.014904109589041096,-1.1894691554502588,-1.2043732650393,,,
2023-12-21,1.2818133801508618,1.2739014169903733,2.7302785094492963,2.4421319791358664,0.06364855228201596,0.05983860825951208,0.06556867122481225,-0.15569289104418002,-0.6347860863617802,0.49565656400486136,1.6945804339104011,4.2400662779550355,1.6033459446455214,0.7045755720440373,-0.146416263251253,-0.020000000000000462,0.03000000000000025,0.03999999999999998,5.5,0.014849315068493149,,,0.014849315068493149,14.921876710446178,14.907027395377684,,,
2023-12-22,-0.30908665822136644,-0.13194153905953776,0.31986142352304003,0.011543669443653065,0.018172322764858265,0.009963259954503818,0.01093187713098337,-0.09350078622501773,-0.45592439192110895,0.2930565787194846,3.8104100810717987,3.769945332679277,-1.4635215416522596,0.44246140313627147,-4.648512304109971,0.020000000000000462,0.009999999999999787,0.030000000000000027,5.5,0.014904109589041096,,,0.014904109589041096,-1.2677330030708425,-1.2826371126598837,,,
2023-12-26,0.5963915364202479,0.5267348669313661,1.7515748816392296,1.3698437555141247,0.018176774924107707,0.00997078900531547,0.021897533457411716,0.06237847594980311,0.28392398824567344,-3.415794288831648,-4.171722678288221,13.781131786288528,2.704169680351935,0.7591842151508473,-0.3074557580709151,0.009999999999999787,-0.009999999999999787,0.03999999999999998,5.5,0.014931506849315067,,,0.014931506849315067,0.15458158954973733,0.13965008270042226,,,
2023-12-27,0.18000352777373435,0.10501685230601841,0.25657335996809805,0.10810379243274344,0.0,0.009995357237326362,0.0,0.7761797520632333,1.7564529948506022,2.146239120434015,6.391246238319338,-1.553130499128165,8.57898271149025,0.45275772625214356,-4.406688298848868,-0.009999999999999787,-0.10000000000000009,-0.03999999999999998,5.5,0.014904109589041096,,,0.014904109589041096,-0.18644417591281887,-0.20134828550185996,,,
2023-12-28,-0.18958004709000395,-0.2364381800932663,-0.18762687793207064,-0.02274115966894303,0.06357720829461648,0.05983860825951208,0.06556867122481225,-0.38217356323213336,-0.7289543144250608,-1.8938483263033619,-1.3191815850142956,7.848735354348106,5.934156166787467,-0.5832413160524755,0.3212851031472005,0.009999999999999787,0.04999999999999982,-0.010000000000000009,5.5,0.014931506849315067,,,0.014931506849315067,0.6782918880424292,0.6633603811931141,,,
2023-12-29,-0.7232517297293176,-0.7391764685477478,-0.7367225066947594,-0.5417973608313857,0.02728038061312211,0.009945802198444164,0.0,-0.24865983559261176,-0.9060473127804441,-1.247437935200907,-2.016974495032379,-3.494358562927776,-5.655456655753626,-0.15680697977631658,-0.16051735149952429,-0.04999999999999982,0.040000000000000036,0.07,5.5,0.014794520547945209,,,0.014794520547945209,0.1894799530915855,0.17468543254364027,,,
2024-01-02,-2.3923410091071795,-2.5222759972046433,-3.66829999604726,-3.4321648413026926,-0.009079720728921149,0.019982281648840982,0.010939780347221751,-0.3742054343760143,-0.5781537561520758,6.569448103967031,2.368646376855812,-5.322108099964175,-1.922770732361278,-0.23566846852945506,5.849620755206713,0.05999999999999961,0.07000000000000028,-0.030000000000000027,5.5,0.014958904109589041,,,0.014958904109589041,-4.1517133185923765,-4.1666722227019655,,,
2024-01-03,-1.1822515426025055,-1.0929007880390391,-2.1715809050631205,-1.7914203207602064,0.009079720728906414,0.009951338473878446,0.03279350072289712,0.2392429863381292,0.41620593281686624,-4.806495357875531,-6.3558598898147745,-10.99183598425304,-7.233148979190712,-0.8371755159892111,6.169358073792997,0.020000000000000462,-0.040000000000000036,-0.03999999999999998,5.5,0.015013698630136985,,,0.015013698630136985,-2.575814379740355,-2.590828078370492,,,
2024-01-04,-0.5245438519587253,-0.4681324290392849,-0.8445386906180604,-0.5922133806839363,0.04540172822962866,0.049843939804312454,0.03283871602143956,-0.6043720058532934,-1.531104170518965,3.0607357718285955,2.6018755301935443,1.630943435769485,1.410178708244627,0.10041086074332736,0.6389808914936812,0.0,0.08000000000000007,0.02999999999999997,5.5,0.015013698630136985,,,0.015013698630136985,-0.9945872876323937,-1.0096009862625306,,,
2024-01-05,0.5812502496405278,0.8246315118683668,0.5533499734918113,0.6584787780527359,0.009051547640783128,0.009987926018018319,0.010912753942208605,-0.36646709873165817,-0.9612141358174701,-0.03900828451526924,-0.017227688370381206,-1.7253755744583952,-1.232583025030538,0.01584428568191123,-5.678379137481131,-0.010000000000000675,0.05999999999999961,0.040000000000000036,5.5,0.014986301369863014,,,0.014986301369863014,0.5426533944838366,0.5276670931139736,,,
2024-01-08,2.7093512719330075,2.353693782865149,3.2055007770298114,3.4792272400028064,0.018170308797755517,0.029864242954370308,0.010958191247252069,0.33513203742610526,0.9817680597574361,6.163948142758775,2.7985301477946756,-3.1192416360587085,-3.7876119935393615,-0.7846978293015706,-2.0432073224587315,0.020000000000000462,-0.040000000000000036,0.0,5.5,0.01504109589041096,,,0.01504109589041096,-0.034567058294231616,-0.049608154184642574,,,
2024-01-09,0.27062913869423516,0.4535106243632582,0.03394397384730726,0.26714303986788396,0.00906456513873374,0.009958435234449513,0.010901043018678789,-0.04184221383518666,-0.6396292581329495,-1.784541710643821,0.5042672902309553,-3.4676977085192253,-2.4137584904213694,0.03193058065587502,-2.476904434209074,-0.020000000000000462,0.009999999999999787,0.009999999999999953,5.5,0.014986301369863014,,,0.014986301369863014,-3.0410972015018007,-3.056083502871664,,,
2024-01-10,1.003872346568641,1.1643387379578918,-0.3364624381640968,0.0927526740018246,0.01813440478089327,0.01992239794712715,0.021835811937032854,-0.15702922043341325,-0.4668235815430021,1.052203275194838,9.639269438375237,8.619020975126826,10.085205980462785,-0.22906686849215974,-0.5501047194517583,-0.009999999999999787,0.020000000000000462,0.010000000000000009,5.5,0.014958904109589041,,,0.014958904109589041,0.05540404635032101,0.040445142240731966,,,
2024-01-11,0.2645816054128815,0.28898119235906633,0.36862803559714524,0.5662416762167325,0.06347160153007812,0.05972639674953222,0.054643218571097496,0.5328490797077453,0.559936165659271,-0.5574241147522552,1.442455815505959,3.9624526286594706,2.698908696135632,0.19713628783626613,-1.9897195079787118,0.0,-0.06000000000000005,0.04999999999999999,5.5,0.014958904109589041,,,0.014958904109589041,-0.898178585005663,-0.913137489115252,,,
2024-01-12,-0.24825678789621958,-0.6051841844192737,-0.4421720445882716,-0.3520817162640683,0.02719751930847387,0.009949516197049639,0.021837751185984144,0.27055701431865514,-0.1966904487802914,-7.86761921252525,-3.70016813266483,-3.3205196635694003,-6.4237391111942,0.9746417465784745,2.068492486626542,-0.009999999999999787,-0.020000000000000018,0.10000000000000003,5.5,0.014931506849315067,,,0.014931506849315067,-0.03684617473207139,-0.05177768158138646,,,
2024-01-16,-0.3146994478345842,-0.2642667333889577,1.4073635612032722,1.5775446857850608,0.0,0.009957021696527565,0.010926401937876248,-0.8138682286976797,-1.7769900018391922,0.7017444532681498,2.4738775232643078,3.3648319429361946,0.5468471576363495,-0.9533481464917285,8.596098276860783,0.0,0.11000000000000032,0.03,5.5,0.014931506849315067,,,0.014931506849315067,0.022786448987359997,0.00785494213804493,,,
2024-01-17,-0.5722515429819984,-0.34460224108232684,-0.9205568039677413,-0.6051187733266824,0.01813014783744154,0.009947535888466995,0.02181197342557783,-0.32527637154024325,-0.15829659446066618,-0.9599712825861542,-2.319145193667963,-0.8923383550952639,-2.2736568876976797,-1.1077075533253302,6.638831292880744,0.019999999999999574,0.02999999999999936,-0.09,5.5,0.014986301369863014,,,0.014986301369863014,0.05631711413714136,0.041330812767278347,,,
2024-01-18,1.3492047882491693,1.161572290605595,3.247819912543106,3.1950804739651235,0.027169738566582252,0.0397802511588598,0.04367483739192644,-0.22101169419914407,-0.9339042835250123,-3.525390600438047,-2.456412536699194,-6.976087449443842,-4.408215000757963,0.8199176794243699,-4.565106934788655,-0.019999999999999574,0.040000000000000036,0.03999999999999998,5.5,0.014931506849315067,,,0.014931506849315067,-0.21868611650171216,-0.23361762335102723,,,
2024-01-19,2.1514732138173858,2.2577908591453943,3.8366351779669516,3.7393116514154596,0.02717008513086574,0.029816318287654256,0.010918056367831353,0.010554828784254122,0.3193426669011834,0.8599127738074015,0.9070841056131802,0.5818442364921895,0.04895883010082676,0.2984268544701107,-6.053615522690582,0.0,0.010000000000000675,-0.03999999999999998,5.5,0.014931506849315067,,,0.014931506849315067,0.0067835718964246,-0.008147934952890467,,,
2024-01-22,0.2663679310614141,0.4097312844109308,0.3271102684378218,0.46371933812363997,0.018132465084891795,0.00994811447976904,0.01092617073983182,0.30496257892568085,0.5934226586741231,-5.205536175226526,-7.4476082285853655,-5.024028700865321,-5.690305064158271,-0.3785111631635069,-0.8305114652697272,0.009999999999999787,-0.040000000000000036,-0.020000000000000018,5.5,0.014958904109589041,,,0.014958904109589041,2.149595982996332,2.134637078886743,,,
2024-01-23,0.9151093156093861,0.6876391512876132,0.6609331381551166,0.5091986553667608,0.0,0.01989326050225429,0.01087845072578788,-0.25231124526050264,-0.7955412654458263,0.8523584257922188,-3.082313173331791,-3.341303062330931,-2.2154844604972306,0.38915513093621984,-4.97382541401881,-0.009999999999999787,0.02999999999999936,0.09,5.5,0.014931506849315067,,,0.014931506849315067,-0.7614172149096116,-0.7763487217589267,,,
2024-01-24,1.787443177075591,1.6862062000208318,1.445379637170412,1.762073821988215,0.00903796432288454,0.009928176018927912,0.010933092971265558,-0.28466306356464255,-0.587462798612601,0.5793705727985713,-0.3184568183573405,0.48087347267280156,0.46940133783708393,-0.8281084265806291,4.5940358408737625,-0.009999999999999787,0.040000000000000036,0.010000000000000009,5.5,0.014904109589041096,,,0.014904109589041096,3.804925779421995,3.790021669832954,,,
2024-01-25,-0.30679890258582,0.0,-0.2779684791494612,0.0,0.054303281447167666,0.04969394806576124,0.054508054542380016,0.4319271285380927,0.651327191343134,-0.3581157289492955,-0.7122292057593543,-2.0021698929799974,-1.2800174766961787,0.3962127078988696,2.3318052682289685,0.0,-0.040000000000000036,0.01999999999999999,5.5,0.014904109589041096,,,0.014904109589041096,-1.0736114148765374,-1.0885155244655786,,,
2024-01-26,-0.2755907798160315,-0.6509745523629517,-2.732607838045395,-2.1543406690296085,0.009055400180187167,0.0,0.0109073446289188,-0.17884446248476574,-0.19175200270410636,4.607657449481696,2.2070236302984543,3.4712452624420034,2.8882438318925754,-0.06949345993062643,-1.4227089848027406,0.0,0.010000000000000675,-0.04999999999999999,5.5,0.014904109589041096,,,0.014904109589041096,-0.7688931434690652,-0.7837972530581063,,,
2024-01-29,1.6304025488331388,1.9403563101697483,1.035148491879155,1.1670004162106717,0.009046861436114812,0.009913778544743134,0.010906155056998997,0.5984606294306708,1.1450890469905732,3.458127257500397,2.175549645351695,3.1322579141173286,2.4824804248136534,0.7033690942251831,2.531781877246082,-0.020000000000000462,-0.07000000000000028,-0.01999999999999999,5.5,0.014849315068493149,,,0.014849315068493149,0.15966871278581665,0.1448193977173235,,,
2024-01-30,-0.900951235001953,-0.9903560318913797,-1.5567884373945378,-0.9971859518979109,0.009030606816606862,0.029820216199210475,0.010858485038191711,0.13596671802397522,0.9024621193755125,-0.7783744989935841,1.176849488962161,1.8750078361774902,-0.711371357757053,0.1379574176667031,-2.155415685780719,0.0,-0.020000000000000462,-0.09,5.5,0.014849315068493149,,,0.014849315068493149,15.069337284284256,15.054487969215762,,,
2024-01-31,-2.887223835122685,-2.74957463248578,-1.4584635174718026,-1.4527856794255083,0.027164088624730295,0.0,0.010894486629002494,0.8328059476482045,0.9772663897719356,-0.8651552809046922,-2.6778651706552608,-4.225830915026192,-7.878723990966385,-0.07426235867569977,7.523430485544266,0.0,-0.0699999999999994,0.019999999999999962,5.5,0.014849315068493149,,,0.014849315068493149,-6.105891240881705,-6.120233479877698,,,
2024-02-01,1.5327463819849139,1.5480594121541873,0.4936159205021059,0.9104644545741105,0.06626638905677384,0.05781756896403152,0.05034834132470918,0.6174838504538519,1.9425992039584525,1.1514890294239741,0.9279857551232404,0.773979405352888,-2.5251433274460453,1.0346957700093573,-3.330100546520483,0.0,-0.1200000000000001,-0.04999999999999999,5.5,0.014849315068493149,,,0.014849315068493149,-0.6125103206759086,-0.6273596357444018,,,
2024-02-02,4.6108006004453745,4.57757238354706,1.268762223945972,1.9272477671861405,-0.018198770237971958,0.009988831410335231,0.02190448649425437,-1.142879654557242,-2.2336551169680425,0.2552374530244358,0.18271922941494476,1.4357445810472418,2.353958284543151,-0.9498266920115209,-0.21637031473935023,0.009999999999999787,0.16000000000000014,0.0,5.5,0.01487671232876712,,,0.01487671232876712,-0.47388386308220243,-0.48876057541096957,,,
2024-02-05,-0.172024816597541,-0.04812429837989127,1.357129817751474,1.9318542474904912,0.009062376109545547,0.019940789306240606,0.0,-0.9779896780669993,-2.0400084080471457,-1.2282624189248628,-0.39719239945582063,-2.221109457517718,-2.1176206022951645,-0.5529246178959207,-1.308160385930721,-0.009999999999999787,0.13999999999999968,0.040000000000000036,5.5,0.014849315068493149,,,0.014849315068493149,-0.25530979774577217,-0.2701591128142653,,,
2024-02-06,-0.5215161669396726,-0.7004035976633975,-1.1728871995797212,-1.1400971298552045,0.027251593681296774,0.009943495712719663,0.021843971164761857,0.5375372877522634,0.972637616111012,0.9936804708699247,3.139267114716761,4.54482738482513,0.5814469447733801,0.5211091769598226,-4.564950033878034,0.020000000000000462,-0.08000000000000007,-0.010000000000000009,5.5,0.014904109589041096,,,0.014904109589041096,-0.036002253842427286,-0.050906363431468385,,,
2024-02-07,1.7659250782928078,1.8490153010547832,1.5179556074646736,1.9981596910703323,0.018117351298979664,0.01991789632951736,0.010929481870324461,-0.17884647324200148,-0.48515423661753265,2.822864621028068,2.1495315634996226,1.8183414278418617,-0.5090346364555874,-0.02652330017039186,-1.7767983297182302,-0.010000000000000675,0.0,-0.020000000000000018,5.5,0.01487671232876712,,,0.01487671232876712,0.006266561018150726,-0.008610151310616394,,,
2024-02-08,0.2737128799419846,0.3799573612681864,1.704505846919346,1.4139478742106626,0.0453791921690278,0.02992019863460443,0.043724548669727706,-0.3269538951550943,-0.5831403279106705,2.1945671282114807,-0.15850123660973583,-1.1573538304423556,1.3597336727519043,-0.09022539588233347,-0.3122560072828968,0.010000000000000675,0.0600000000000005,0.010000000000000009,5.5,0.014904109589041096,,,0.014904109589041096,-0.38405229253237405,-0.39895640212141514,,,
2024-02-09,1.7691733294131287,1.5522415847919688,1.9718560665799374,2.1921258304372024,0.009061040444769783,0.029852011015292692,0.010932790726375605,-0.17975418655580006,-0.20224645358996296,3.9932995408411602,2.7555570800685656,5.127377919125691,2.7488693802115325,-0.38836838223869724,1.0886603777725257,0.0,0.019999999999999574,0.0,5.5,0.014904109589041096,,,0.014904109589041096,-0.15985516940435665,-0.17475927899339774,,,
2024-02-12,-0.828346223082225,-0.5616627598052285,-0.18126528838359424,-0.3882995865530149,0.009060219494619163,0.0,0.021834161511356823,0.09518859625589049,0.11713514523384655,5.79125034852993,6.6333117245600235,2.764608751742092,3.723903367996626,-0.26153866387207836,7.449459331360889,-0.010000000000000675,0.0,0.020000000000000018,5.5,0.01487671232876712,,,0.01487671232876712,0.1352296009909163,0.12035288866214917,,,
2024-02-13,-1.4504481579763642,-1.584898910636888,-2.0761906676303186,-1.86902730663859,-0.0181212599394039,0.019893570731814452,0.0,-1.1056953750169782,-1.7283381093323442,-0.4328588760117502,-0.6011247747516866,-2.205604331516617,-1.4344981392887601,-1.3884637194949294,12.9124714691257,0.020000000000000462,0.13999999999999968,-0.040000000000000036,5.5,0.014931506849315067,,,0.014931506849315067,0.182101639895211,0.16717013304589592,,,
2024-02-14,1.9691598369408105,1.7021716736776236,2.233621110862994,1.9871517472167435,0.03627004676286706,0.019948828529321973,0.021885052721646134,0.3734739862445183,0.5076605315294138,4.104684951040893,5.008974934052922,2.917093029819686,1.6219891931188792,-0.059629009091073326,-9.733116413954026,-0.020000000000000462,-0.040000000000000036,0.040000000000000036,5.5,0.01487671232876712,,,0.01487671232876712,-0.13455211385789578,-0.1494288261866629,,,
2024-02-15,0.24110823552175056,0.5143832205583004,-0.09536668271793444,-0.3350401303478909,0.05439581280217674,0.049761662626594254,0.05457579695682149,0.2765432593758424,0.515781525768723,0.21560092291083846,1.6592393955267293,8.536856577174902,1.4417493222260116,0.6701308514327959,-2.6066983565291033,0.0,-0.02999999999999936,-0.030000000000000027,5.5,0.01487671232876712,,,0.01487671232876712,5.142015595273357,5.12713888294459,,,
2024-02-16,-1.0120743393808256,-1.054987526526358,-0.5678846419578113,-0.4303099498356299,0.0,0.009934144241004967,0.021821981663425177,-0.4364353281366147,-0.5804428162527859,0.42584326097615643,-0.7351575948313901,-0.6598326173405982,2.449566816620589,0.3655878672840905,1.6283513224718211,0.010000000000000675,0.05999999999999961,-0.020000000000000018,5.5,0.014904109589041096,,,0.014904109589041096,-0.2835419834519561,-0.2984460930409972,,,
2024-02-20,-1.7831660175075745,-2.0236339939911354,-1.6971984588825402,-1.9873979427907529,0.0181048390757298,0.019873780846801713,0.010899937197131867,0.17051092784661426,0.08620271731506035,0.23873204261983055,7.216650089130897,1.410049660063872,-0.8805716632553773,0.6045896751115192,7.961048317224311,0.0,-0.03000000000000025,0.020000000000000018,5.5,0.014904109589041096,,,0.014904109589041096,-1.9163466697352762,-1.9312507793243174,,,
2024-02-21,-0.42164217786604863,-0.4096932594107026,-0.22968233706227992,-0.6441949094225781,0.009058886733672914,0.009964990267439694,0.010917283516386874,-0.31997930988662104,-0.7134668497438295,-0.8560904315229949,-1.4421777074224513,-2.1624020139370987,-2.2899655134338124,0.005331114505738622,-0.5201567196740504,0.0,0.05000000000000071,0.0,5.5,0.014904109589041096,,,0.014904109589041096,-0.5960141811746266,-0.6109182907636677,,,
2024-02-22,4.6108006004453745,4.75070661580386,4.810736766849266,6.567472052218594,0.03624272972818921,0.03976555108507687,0.05454076042467399,0.01068756106757102,0.4870271814964998,-1.0358547640014264,0.02194296137367094,-0.6322468057444393,0.10786866300619116,0.04266309391015458,-5.356033640438438,0.009999999999999787,0.009999999999999787,-0.03999999999999998,5.5,0.014931506849315067,,,0.014931506849315067,-0.23914107204951277,-0.25407257889882784,,,
2024-02-23,-0.28408759694803104,-0.2533701874443339,-1.0844902534883412,-0.6259712593410318,0.018131824413158235,0.029801120820395124,0.010891617855014853,0.45830080217158736,1.3297728513488036,-1.1231806115512575,-1.674972883315023,22.731632634730662,3.206980972249282,0.5635602023986369,-5.586464536920484,0.009999999999999787,-0.07000000000000028,-0.04999999999999999,5.5,0.014958904109589041,,,0.014958904109589041,-1.7775668055892597,-1.7925257096988487,,,
2024-02-26,-0.051595270432535756,0.0,0.981855213551021,0.82584059400726,0.0,0.009940178628216376,0.0,-0.14900905335253536,-0.29872969107067376,7.205579515539999,8.441335229929207,-6.789745766768128,8.001710346574264,-0.22291722929283067,-0.07275539764438034,0.009999999999999787,0.020000000000000462,0.0,5.5,0.014986301369863014,,,0.014986301369863014,3.6248736438232587,3.6098873424533955,,,
2024-02-27,0.4372079263491013,0.16130823658088264,-0.09962317733121179,-0.2904134524954791,0.018097774719176316,0.019877393532885857,0.021807454707815404,-0.2238502418834594,-0.7077198855532161,4.593621644047315,2.040251443617926,2.458620613494902,2.046228208284318,-0.10632481058260926,-2.282023687755198,-0.019999999999999574,0.02999999999999936,0.019999999999999962,5.5,0.014931506849315067,,,0.014931506849315067,0.7979614101765269,0.7830299033272118,,,
2024-02-28,-0.7275610624657638,-0.6468000681937498,-1.1307895821415983,-1.1171120519579594,0.009020744372871826,0.009911888051386375,0.010906573267348164,0.3622651588622633,0.6328592292446572,9.069529297704289,4.259461937803647,0.7134222172612434,-0.36026331534197303,0.18068578078276945,3.007192795607551,0.0,-0.040000000000000036,0.020000000000000018,5.5,0.014931506849315067,,,0.014931506849315067,-3.5485297058926246,-3.56346121274194,,,
2024-02-29,-0.7607923829045234,-0.9079405987991267,2.6730827736811618,2.16528374444334,0.05433795852192165,0.0298226097179573,0.043568131568675145,0.20181722404463315,0.7032618042855228,-2.1122414270019747,-1.301642330107799,1.8080332947308722,1.2102221909439155,0.5137049487700812,-3.230828272568495,0.0,-0.019999999999999574,-0.020000000000000018,5.5,0.014931506849315067,,,0.014931506849315067,-1.098386563474826,-1.113318070324141,,,
2024-03-01,1.8901331103997117,2.243130805322961,4.167488675605693,3.9728646438487587,0.02542137791719546,0.029889654908408624,0.02736037493657709,0.4554997605133681,0.6211617116884389,2.00954657884248,2.7487237303691883,4.1741710688518605,4.402359404178471,1.8734204946424347,-2.187940690122008,-0.03000000000000025,-0.05999999999999961,0.040000000000000036,5.5,0.014849315068493149,,,0.014849315068493149,0.22864909947218995,0.2137997844036968,,,
2024-03-04,-1.0026397665242286,-1.0574790140841834,0.9777872810156397,1.5968694171207936,0.00906652169048793,0.0099809185675132,0.010934653890244863,-0.2227039974992296,-0.40306854553691046,9.013873819592815,5.531952270860555,6.4217315585150505,3.3312301737187147,1.6045575240363998,2.8573381665131348,0.0600000000000005,0.02999999999999936,-0.040000000000000036,5.5,0.015013698630136985,,,0.015013698630136985,-0.10391292814724597,-0.11892662677738296,,,
2024-03-05,-2.318222679140476,-2.480242671144618,-1.9800844107584192,-1.5424676501678989,0.018176668199161874,0.009963051092647368,0.0,0.613905093679387,1.4141649273266712,-6.858298181492034,-2.100705041604603,5.830782527226788,-7.716567807733352,0.6002093012312388,6.943756611583544,-0.010000000000000675,-0.08999999999999986,-0.019999999999999962,5.5,0.014986301369863014,,,0.014986301369863014,2.074900614760514,2.059914313390651,,,
2024-03-06,0.32979437428704955,0.47270417839907614,2.427733240833101,2.5459435048541565,0.018165684534290048,0.01993155882141414,0.021874969881971244,0.24235909340952436,0.5850987494273069,3.5499700200866338,7.170276235487734,15.924635960746608,18.052079111284545,0.8181839163568495,0.27624300578069466,0.0,-0.019999999999999574,-0.030000000000000027,5.5,0.014986301369863014,,,0.014986301369863014,-0.07896871424777085,-0.09395501561763386,,,
2024-03-07,2.447981401763285,2.3305645907885215,3.3720153771264076,3.396484829881293,0.036260051772610394,0.049798878825845536,0.04371710075831233,0.16831639151130315,-0.09382631933667716,1.2308140052515397,1.4329434214494485,-3.1522431536432247,4.993746564121569,0.5667751261581818,-0.41465450211771815,0.0,-0.020000000000000462,0.030000000000000027,5.5,0.014986301369863014,,,0.014986301369863014,-0.24662700872997534,-0.26161331009983835,,,
2024-03-08,-2.313897972420032,-2.212739108346584,-4.130398578870236,-3.999133709136995,0.009112858614475517,0.009963543722105192,0.010926289615785584,0.07351816789414697,-0.17741204176493666,2.0331312236987973,0.45615445502833785,-1.7962470175096046,-0.7415146857376961,0.8417025116951236,2.0562766827898744,-0.009999999999999787,0.0,0.019999999999999962,5.5,0.014958904109589041,,,0.014958904109589041,-2.8147429454650172,-2.8297018495746062,,,
2024-03-11,-1.0153461628737162,-0.8989822769885661,-1.3370860813671652,-1.7983816847970697,0.00907364739368402,0.019924109772583718,0.010925095908162898,-0.12608935925825043,-0.05223580595743828,5.447442087197215,4.38303237898613,-1.4501145206203028,2.834466651396262,0.18333385345244607,3.204549874488908,0.020000000000000462,0.009999999999999787,-0.019999999999999962,5.5,0.015013698630136985,,,0.015013698630136985,2.46755889845336,2.452545199823223,,,
2024-03-12,2.2046111122612144,1.953228350432438,2.053403214109701,3.1141808082517994,0.018114126105100176,0.009952139990077056,0.032758888728900704,-0.41090070526225975,-0.8396568888376186,-0.8949836049347838,-2.141871171114795,-2.618137589736209,-1.0589226309823776,-1.1000916093968593,-9.50474087634793,0.0,0.0600000000000005,-0.010000000000000009,5.5,0.015013698630136985,,,0.015013698630136985,0.3756899824520942,0.3606762838219572,,,
2024-03-13,-0.8093242924323854,-0.6312129903906956,-2.467417761307298,-1.9981523019021679,0.009086529088736603,0.00995114963771703,0.0,-0.22195079491839176,-0.48597884309106737,2.216689906407544,0.6556858930507468,1.1109105832289776,5.386593250256082,0.6982966028737542,-0.6524137102079706,0.0,0.03000000000000025,0.0,5.5,0.015013698630136985,,,0.015013698630136985,8.898205645704623,8.883191947074486,,,
2024-03-14,-0.2702944829433773,-0.3523971914177357,-1.7232850703337144,-1.8062464836782497,0.045351229393953786,0.039828388024368985,0.04368338071119863,-0.7434081759521414,-1.5476285074464808,-2.33524614583823,-3.1263114641918506,-1.8599462381984808,-2.443521427466663,-0.41838797895552216,4.618935597842095,0.0,0.09999999999999964,0.02999999999999997,5.5,0.015013698630136985,,,0.015013698630136985,0.19267178535278046,0.17765808672264347,,,
2024-03-15,-1.2165904666463576,-1.183725896023687,-0.7196634706127398,-0.7409137686223353,0.01813166678318901,0.019882985203067197,0.021829919894061852,-0.17070498815653373,-0.032263236231437335,-2.830892329200056,-3.88374261325502,-6.676551658290084,-7.7634010699478715,-0.3199519647615038,0.06942193314017042,0.0,0.019999999999999574,-0.019999999999999962,5.5,0.015013698630136985,,,0.015013698630136985,0.1696194492909715,0.1546057506608345,,,
2024-03-18,1.6735703538886741,1.6767403432899646,-0.07773685557504607,0.20177555027988112,0.009072269219633772,0.00994422017439855,0.010903940862147974,-0.11754178606207852,-0.3017179071369751,-2.709399205605509,-5.991836358915204,-9.500549970456518,-4.369467228481988,0.16010012977577043,-0.5567162906393808,0.0,0.03000000000000025,0.019999999999999962,5.5,0.015013698630136985,,,0.015013698630136985,-0.6077945247098567,-0.6228082233399937,,,
2024-03-19,0.3416881618882816,0.1637994839718986,-0.8407045913843303,-0.22014091176351525,0.009063778410199902,0.019893892291321307,0.021822776067407876,0.28824677421860817,0.28018507942006354,-7.86761921252525,-10.807041521511271,-11.031841090500787,-12.103727590667347,-0.11504677080451668,-3.6238440258669193,0.0,-0.040000000000000036,0.010000000000000009,5.5,0.015013698630136985,,,0.015013698630136985,1.0658357673277943,1.0508220686976573,,,
2024-03-20,1.7619466160808543,1.9449562908621871,1.6880102021726129,1.589677638082713,0.02717107566793156,0.009949670835708082,0.010928060973210467,0.23423456897645098,-0.032271487491798465,9.251085296877404,10.676425828400921,11.475159847156226,9.412848412954435,1.1841472011166752,-5.809524268421433,-0.010000000000000675,-0.03000000000000025,0.06,5.5,0.014986301369863014,,,0.014986301369863014,0.20400772775278764,0.18902142638292463,,,
2024-03-21,-0.20490416137659637,-0.18361683289490485,2.225035173974203,2.2431752088298347,0.036221729187246754,0.03975513113614111,0.032703209349224396,0.010646118069279282,0.21507106328905073,-3.6318674226213323,-0.5823806495559265,2.198430043268793,2.759132492924269,-0.10391759354036452,-0.9245049313565832,0.010000000000000675,0.0,-0.02999999999999997,5.5,0.015013698630136985,,,0.015013698630136985,-0.0755383651325727,-0.09055206376270969,,,
2024-03-22,0.691095749638138,0.16067878363602014,0.11983808880612774,0.5859687510902741,0.02719216336928422,0.019880052594904555,0.010904843717270315,0.48793431539216536,0.9515403452122123,-2.649844665215931,-4.6679254477822365,-3.903847488454081,-3.9776351238293746,-0.8053310017860795,1.077765171864044,-0.020000000000000462,-0.04999999999999982,-0.020000000000000018,5.5,0.014958904109589041,,,0.014958904109589041,-1.8790441600980707,-1.8940030642076597,,,
2024-03-25,-0.24741287913127452,0.5945641547880999,-0.39110872122003976,-0.24630638432863128,0.0,0.01988451176364578,0.02180612061430048,-0.2648932409228714,-0.5013793734233986,9.248642951095928,7.431915784941452,5.896230732004197,6.843779672701475,0.3189315361775875,0.9904778937777805,0.0,0.03000000000000025,0.08000000000000002,5.5,0.014958904109589041,,,0.014958904109589041,-1.6166694002974553,-1.6316283044070443,,,
2024-03-26,-0.37639071050742695,-0.7322680071975005,-0.7553929759975043,-0.9335336964631846,0.01809336395193349,0.009915544213190262,0.010901277415473625,0.14844471367255996,0.2776598139179682,0.04147786065640333,-0.09414108524901414,2.1905902435119367,2.99240727504726,0.3228743279298674,0.3783598305736472,0.0,-0.009999999999999787,-0.030000000000000027,5.5,0.014958904109589041,,,0.014958904109589041,-0.23045152518905046,-0.2454104292986395,,,
2024-03-27,-0.09447263869003504,-0.3912143614370806,1.2484568542169585,-0.035569673223581066,0.06336989769892343,0.049672250771502856,0.06541958515424236,0.38068603486353314,0.9869331746686814,-0.7637444542951766,-2.4661050087006715,-3.710232187159667,-4.634998709567494,0.7214572450620788,-3.5361105166598663,-0.009999999999999787,-0.040000000000000036,-0.020000000000000018,5.5,0.014931506849315067,,,0.014931506849315067,0.35648613027485265,0.3415546234255376,,,
2024-03-28,-0.4264790320422339,-0.16153158307053025,0.10629394657578116,0.04446694824424772,0.009032070515665482,0.009918042516015097,0.0,-0.09503131674771413,-0.08453033345195766,1.8397189971880865,1.7328054549411047,4.175960397550554,2.2503274932509667,1.2817528202410178,1.7836882062060329,0.009999999999999787,0.0,-0.04999999999999999,5.5,0.014958904109589041,,,0.014958904109589041,10.757709509604494,10.742750605494905,,,
2024-04-01,0.6825089311110979,0.7363118898064207,1.04795882269843,1.302640874176213,0.010906285969256918,0.029941477367095588,0.027340742534585915,-0.9089784974176806,-1.8817515837125358,-1.4850058697842001,-1.5924858600347296,-2.6700796748040783,1.0453090982359545,1.015632882706488,4.8021183567292205,-0.019999999999999574,0.1299999999999999,0.0,5.5,0.014904109589041096,,,0.014904109589041096,0.12570438773714535,0.11080027814810425,,,
2024-04-02,-1.0527690560084746,-0.8287354561257305,-1.5538437339957587,-1.2937580559664927,0.009060879627816128,0.019928003851253297,0.021843262838318042,-0.21403312234462643,-0.5525424905358765,-6.299090436988572,-6.719912514607995,-9.47038156959972,-11.214724882201633,1.466431196191387,6.796670857897801,-0.020000000000000462,0.03000000000000025,0.04999999999999999,5.5,0.014849315068493149,,,0.014849315068493149,-0.023670558964025274,-0.03851987403251842,,,
2024-04-03,0.6340659864103008,0.34614440710600636,0.2798819285763989,0.39918456898935173,0.009105969076151759,0.00997091257986749,0.0,0.11779273750572405,-0.021708375924705467,0.812374307331999,1.0383749354783272,-3.8606571600152844,-0.6037438922743116,0.8734121015037044,-1.9350965747437026,0.0,0.0,0.020000000000000018,5.5,0.014849315068493149,,,0.014849315068493149,0.29968839543181386,0.28483908036332073,,,
2024-04-04,-1.31370514661642,-1.5788586853462596,-2.871231595826994,-2.700923985928625,0.0635809334312047,0.049831259993477914,0.04375508586830766,0.34188457039793,0.7146280787385806,3.7598862711861405,0.5600762073501089,0.8873465523866001,1.3784376717517872,-0.5751211782367894,13.187268415873488,-0.009999999999999787,-0.05000000000000071,-0.020000000000000018,5.5,0.01482191780821918,,,0.01482191780821918,-0.41825236510706537,-0.43307428291528455,,,
2024-04-05,1.4738884298810615,1.2789367390440698,1.1800749290619301,1.24286847837542,0.00904582975056432,0.009990135798609115,0.021847351546664694,-0.6634876456260115,-1.4016592931035008,-0.9845630418288567,-0.3355514641428632,-0.43440815062632826,-2.1506501641256635,1.696939930469014,-1.9765911218254613,0.019999999999999574,0.08000000000000007,0.0,5.5,0.01487671232876712,,,0.01487671232876712,0.91771205673147,0.902835344402703,,,
2024-04-08,0.2066440846274541,0.6333907944091282,0.2568607834728654,0.18846310642099312,0.00907559346841498,0.019893348216824876,0.010908079192425172,-0.22571582843576307,-0.010930800106674078,5.441574582321305,10.743081342771722,6.20704637736935,12.50866650916799,0.6209168519561451,-5.382472047334399,0.0,0.03000000000000025,-0.019999999999999962,5.5,0.01487671232876712,,,0.01487671232876712,15.637057259436554,15.622180547107787,,,
2024-04-09,0.1094741301505216,0.08032554732947891,1.069858464950486,0.46516424470714063,0.009112993789906402,0.009945190260322648,0.010934500329086688,0.3973727193838941,0.9259030990693553,-3.5413761203788403,-5.282265451086566,-3.534712089286881,-2.3911387912229345,0.5482001328254696,-1.3921341452394935,0.0,-0.05999999999999961,-0.020000000000000018,5.5,0.01487671232876712,,,0.01487671232876712,0.015990941504423945,0.0011142291756568255,,,
2024-04-10,-0.4944619283466405,-0.41379439543642543,-1.842421639438746,-0.8739646710577899,-0.00911299378990294,0.019954537621502785,0.021874616021839946,-1.142879654557242,-2.2034374685421727,2.073930124253475,1.0944718575246242,-11.269470616081785,1.729137154429263,-0.9508923035404491,5.329400457399744,0.020000000000000462,0.1899999999999995,-0.03999999999999998,5.5,0.014931506849315067,,,0.014931506849315067,7.7333289096059685,7.718397402756653,,,
2024-04-11,2.529448639417421,2.7492339269886497,2.2334749769187274,2.2961950269102216,0.04537325850188732,0.03981326240226897,0.03274316393811419,-0.14130973868870106,-0.45549053177355925,-0.749778258451207,-1.0920619373458105,-8.96938702035231,-8.447567435600352,1.924683287449532,-5.79778335620304,0.0,0.009999999999999787,0.04999999999999999,5.5,0.014931506849315067,,,0.014931506849315067,5.42585849158186,5.410926984732545,,,
2024-04-12,-1.4425439328219234,-1.7635518946025366,-3.3370930229802345,-2.960107094410935,0.009078294796815047,0.009929873630390957,0.010908940071159742,0.41250968578116715,0.5330388860654761,-4.174897018143468,-7.77516251273086,-14.396249068056576,-16.324765478568715,-1.3327746093360098,14.925221979285148,0.0,-0.05999999999999961,-0.010000000000000009,5.5,0.014931506849315067,,,0.014931506849315067,0.0005353847755352191,-0.014396122073779848,,,
2024-04-15,-2.694047682257581,-2.609018211724452,-1.2737311973481829,-1.5158690375732826,0.009077470717260444,0.01993225137519844,0.021851092981853015,-0.6411634910941428,-1.5627090332390463,-5.773454771678431,-4.459137506693983,-9.077576871473724,-16.43819546345911,1.854610800435578,10.518719746045612,0.0,0.1299999999999999,0.08000000000000002,5.5,0.014931506849315067,,,0.014931506849315067,2.4269918835452065,2.4120603766958912,,,
2024-04-16,-0.11940369721340124,-0.35415867025142383,0.7542001269134793,0.8247094714947281,0.009084286715350625,0.0,0.01093295081662147,-0.3932870381212255,-0.6659719300836261,0.606192017722891,-0.5392438667118632,-0.8338572107684843,2.2318599220269855,0.12212692273934644,-4.412089191313539,0.0,0.040000000000000036,0.0,5.5,0.014931506849315067,,,0.014931506849315067,-0.33196752653030026,-0.3468990333796153,,,
2024-04-17,-1.297897659806906,-0.8257739195978361,-3.080047400792128,-3.133081967064968,0.01811262828315923,0.02982806381814767,0.010894981354850997,0.6328527715872607,1.1037724814851793,-4.053958534994488,-3.3017312925022226,-4.391473525982923,-3.7584100408809142,-0.7395532411290184,-1.03798004194502,0.0,-0.08000000000000007,-0.040000000000000036,5.5,0.014931506849315067,,,0.014931506849315067,-0.2256440394245394,-0.24057554627385447,,,
2024-04-18,-0.6911884884367746,-0.88043147009806,-1.7890526288446003,-1.7908834443747663,0.045332121180134466,0.029835928595973824,0.05456737158312748,-0.3486914272511391,-0.5053249283010016,3.584120208614769,2.6874312433905416,5.850239347091902,2.1401106545051207,0.34096367107846365,-1.159908556727462,0.009999999999999787,0.04999999999999982,0.0,5.5,0.014958904109589041,,,0.014958904109589041,-0.2391118206483773,-0.2540707247579663,,,
2024-04-19,-3.822783584119117,-4.172861250840295,-4.069508869577838,-4.620276748494668,0.018131676252140672,0.02982702942471491,0.010897039525878904,0.13088023928785283,0.35960742788602706,0.5195142876912205,-0.22036534993674084,2.885794250909775,0.5317174355557739,0.3126642096903892,3.868633345731804,-0.009999999999999787,-0.019999999999999574,-0.009999999999999953,5.5,0.014931506849315067,,,0.014931506849315067,0.43581542763009107,0.420883920780776,,,
2024-04-22,0.7782594909709176,1.139752371485206,1.6348421696026336,1.8944856164611403,0.009060788930702283,0.009926405969443736,0.021818074004434,0.010916364312995927,-0.16842245634165087,4.583111116921364,4.548783278920979,8.955571742976133,11.584012123307724,-2.5012716627157543,-9.938037060315114,-0.03000000000000025,0.0,0.0,5.5,0.014849315068493149,,,0.014849315068493149,-0.19440462867704889,-0.20925394374554204,,,
2024-04-23,2.1574096687733224,1.9759183078191664,2.066168474283464,2.327163231494328,0.01813437854193367,0.009933796198325233,0.010921028984888061,0.13070397767948702,0.033722353889639727,-0.6460398489914604,0.5686954607987599,-3.188038906631827,-1.8508686243770258,-0.24616906480957904,-7.665418074960349,0.03000000000000025,-0.009999999999999787,0.09999999999999998,5.5,0.014931506849315067,,,0.014931506849315067,0.2549884965451364,0.24005698969582132,,,
2024-04-24,0.6698349975642663,0.6740487078740728,1.288592515595594,0.11542413620506965,0.018115830102911522,0.009949558760341858,0.0,-0.30525424658865596,-0.7101295920089427,-3.2606301316271993,-2.519316024865432,-3.14221613870167,-4.29868778519318,-0.18618228395408354,1.768843894684457,0.009999999999999787,0.040000000000000036,0.010000000000000009,5.5,0.014958904109589041,,,0.014958904109589041,0.03634066482939892,0.021381760719809878,,,
2024-04-25,-0.539021756028221,-0.1680867103750875,1.8387661743956694,1.9798872890778534,0.0271523368680053,0.04968272733270507,0.054523004953006174,-0.382860008711934,-0.7038762205539069,0.3181282769191777,0.5306083224290823,2.964280938619845,0.9982013964649714,0.5945756955740473,-3.829442884280131,0.009999999999999787,0.04999999999999982,-0.020000000000000018,5.5,0.014986301369863014,,,0.014986301369863014,-0.15314308944758376,-0.16812939081744677,,,
2024-04-26,2.8208882042569146,2.6092525754237386,2.0917891821649572,2.531304975148024,0.018122885569933845,0.019852791449670355,0.0,0.2736339364052589,0.522694331797372,-1.1328935219016096,-0.8381181989109839,-3.158101237927571,-2.2827330492060516,0.32366836371748076,-2.2369364106276213,-0.009999999999999787,-0.03000000000000025,-0.02999999999999997,5.5,0.014958904109589041,,,0.014958904109589041,-0.006952753216861332,-0.021911657326450375,,,
2024-04-29,0.9929750091859048,0.9553838412506241,0.7578418401739708,0.3394422600841043,0.009052585192295267,0.0,0.02176233528450433,0.40358728462623505,0.835167609558136,0.13448775410454075,2.687511853005143,0.06736520894503396,-0.05210866777763228,-0.2033283758808563,-2.424358864292701,-0.009999999999999787,-0.040000000000000036,-0.050000000000000044,5.5,0.014931506849315067,,,0.014931506849315067,13.525033291333049,13.510101784483734,,,
2024-04-30,-2.495617430256657,-2.3939197385799598,-2.1085565020465022,-1.9840207904494656,0.00902888955491391,0.009958389838709105,0.0109115098228548,-0.4692075788923915,-0.8578013866799178,-5.14946297165421,-6.526122564673097,-9.026843758278046,-7.095973452103175,-2.013850411793736,6.46662952555313,0.009999999999999787,0.0600000000000005,-0.009999999999999953,5.5,0.014958904109589041,,,0.014958904109589041,2.5401071647360527,2.5251482606264637,,,
2024-05-01,-0.3893729198297151,-0.6433875216354802,-3.437057264493689,-2.957980802324134,0.030923869127385872,0.03787466376294918,0.019700106092863007,0.395246880489994,0.7343693654407103,-4.0089923480657195,-1.4210098365436499,0.04906763629140017,0.46052726187136606,0.9021337418355644,-1.6752922452140706,0.0,-0.0600000000000005,0.019999999999999962,5.5,0.014958904109589041,,,0.014958904109589041,-1.1325463175653039,-1.1475052216748929,,,
2024-05-02,1.4651755883945476,1.917893631570244,2.2240799000664513,1.9911131475934576,0.04541543674724551,0.03987545996800074,0.054648163230857465,0.46875238650133766,0.42817108357063455,1.48143925496978,0.6171195717809733,1.0732601880668995,1.4603473200725665,-0.3091862325121168,-4.7231926184048625,0.0,-0.04999999999999982,0.040000000000000036,5.5,0.014958904109589041,,,0.014958904109589041,2.2350901358484374,2.2201312317388484,,,
2024-05-03,2.171331766008808,1.8242529014510855,2.2265591902645356,2.652797408030577,0.01817868478794006,0.019923409064025625,0.010957223514712127,0.553100334859911,1.0068146603574448,6.175720649824811,3.788339383392521,6.496044317527495,4.413844470526471,-0.07979449099420573,-8.453739072202385,-0.009999999999999787,-0.08000000000000007,-0.020000000000000018,5.5,0.014931506849315067,,,0.014931506849315067,4.996734043289338,4.981802536440023,,,
2024-05-06,1.8833790657920573,2.1528246759864005,2.0557980432185237,2.2435061052717304,0.009072868279261858,0.009997831582339219,0.0,0.08649607873951429,0.3888477567026545,0.4317490682288359,-1.3237767223010188,-1.4460710150678295,-0.9809614216594474,1.0463427933373832,0.0,0.0,-0.009999999999999787,-0.020000000000000018,5.5,0.014931506849315067,,,0.014931506849315067,-0.7478679125121074,-0.7627994193614225,,,
2024-05-07,-0.5368200298755468,-0.42913364183768105,-0.887634431716767,-0.8750607489065954,0.009087278825179661,0.0,0.010919352160455439,0.2590133841565198,0.6079588997979802,-1.318192999564668,-1.8503998431245543,-1.1120500567172567,0.2247911846051628,-0.46109404994196496,-1.9461709726451317,0.0,-0.020000000000000462,-0.019999999999999962,5.5,0.014931506849315067,,,0.014931506849315067,0.24775232418598722,0.23282081733667215,,,
2024-05-08,-0.08205439282741152,-0.726944799387977,0.09597616796328011,0.3030732212930509,0.0181568497937921,0.029845438710648032,0.021825962284094485,-0.28065059377710555,-0.6079588997979734,-1.8569986258493816,-1.1009687024774535,-0.9172221690086237,-2.186501951248807,-0.2945395290623603,-1.753758606489831,0.0,0.010000000000000675,-0.010000000000000009,5.5,0.014931506849315067,,,0.014931506849315067,0.12474471737034802,0.10981321052103296,,,
2024-05-09,-0.23581482535171322,-0.31970656763773786,-0.3752828966547258,-0.6434382069640554,0.036296199770651516,0.029895011749529625,0.05464026104132346,0.30221821814390676,0.48668657046067054,2.997730860417905,2.0755029698057075,2.2861668030968474,4.165404583812641,1.5655419861163231,-2.413510880196279,0.009999999999999787,-0.03000000000000025,0.010000000000000009,5.5,0.014958904109589041,,,0.014958904109589041,0.0917365929355422,0.07677768882595316,,,
2024-05-10,-0.02960273099100286,0.5701919725630994,0.9764334648596453,1.4979631285645607,0.018162189006269668,0.029852671359201437,0.0,-0.3238152054256963,-0.564357643402952,-3.6456454635488926,-4.246626781829075,-5.389569201636826,-6.598996368046533,0.8079783894319734,-1.1093567883784123,0.009999999999999787,0.04999999999999982,-0.020000000000000018,5.5,0.014986301369863014,,,0.014986301369863014,-0.2053418454966083,-0.2203281468664713,,,
2024-05-13,0.5180620347004226,0.31789169989820837,0.20863670921342464,-0.017923147889818195,0.018143671135496673,0.00994612682483305,0.02184591585094986,0.11885582085931,0.2549162644870747,3.4098215257427475,1.350672195818663,-1.55315133128052,-1.6885498627471587,-1.12653199553874,8.034914001546085,-0.019999999999999574,-0.019999999999999574,0.0,5.5,0.014931506849315067,,,0.014931506849315067,-0.09828184067305827,-0.11321334752237333,,,
2024-05-14,1.0823516422925834,1.0150098484064667,1.6492224509569462,1.69653883255017,0.009055382803461968,0.0,0.010916589664578511,0.29110289753232016,0.5628693544648874,-2.1674038111579397,-2.3395786097884166,-3.1793058007345256,-2.8657950726329284,0.8426442720749587,-1.332368356262233,-0.009999999999999787,-0.03000000000000025,0.010000000000000009,5.5,0.014904109589041096,,,0.014904109589041096,0.005384254083205755,-0.00951985550583534,,,
2024-05-15,1.31357059760461,1.6249651344954512,2.7691565847971016,2.9591298732120355,0.02719926521692151,0.019905984369068798,0.010924554788336422,0.7508267743132893,1.3555176806462006,7.380429766149847,5.269655364749688,8.348723627654952,6.821585737249901,1.2757032448187737,-7.5025529637981165,0.009999999999999787,-0.08999999999999986,-0.010000000000000009,5.5,0.014931506849315067,,,0.014931506849315067,11.263592451411132,11.248660944561816,,,
2024-05-16,-0.3812669339367315,-0.6645997622268446,-0.4910759783223852,-0.7294636426751614,0.027237499717243763,0.049739287119389096,0.04365883033016844,-0.19252205585375962,-0.09779514214833243,-1.5755724397151207,-3.073550264355441,-1.062152147574516,-0.16943310582539114,-0.3900942141432421,-0.24125249424848957,0.0,0.019999999999999574,-0.030000000000000027,5.5,0.014931506849315067,,,0.014931506849315067,0.040664458172190755,0.02573295132287569,,,
2024-05-17,-0.053904605007491044,-0.0889502269934748,-0.5679628605764703,-0.8433352978574347,0.018121263085632163,0.009938214106095012,0.01091859374904771,-0.310997796828149,-0.6760884067132719,2.752283490504771,4.934976715389136,2.7190029984883806,2.691995771437983,1.6363162829441706,-3.5235132698133693,0.009999999999999787,0.040000000000000036,-0.009999999999999953,5.5,0.014958904109589041,,,0.014958904109589041,-0.2685955783085029,-0.28355448241809195,,,
2024-05-20,0.8322875711567925,0.5103739903824427,2.175608187961003,2.0419838937709254,0.018110377554315334,0.009953912890962587,0.02178786307520943,-0.1504516958932598,-0.29585620055883544,6.350607246678794,13.234872810177096,21.968546296616935,10.288613723837324,0.4015863208074463,1.3256188439843044,-0.009999999999999787,0.020000000000000462,0.02999999999999997,5.5,0.014931506849315067,,,0.014931506849315067,3.1460269426148164,3.131095435765501,,,
2024-05-21,0.7426117344695987,1.4284420679699115,-0.3220500496402895,-0.14052645484456797,0.0090691622509251,0.019863146241660336,0.010924172166303774,0.25781697238398793,0.5144514306153843,-1.852885718229531,3.3668668919500147,3.386343939190626,-0.7583639863528564,-0.14706294501547246,-2.415777376824821,0.0,-0.03000000000000025,-0.02999999999999997,5.5,0.014931506849315067,,,0.014931506849315067,4.315745961486795,4.30081445463748,,,
2024-05-22,-0.6593006205353229,-0.9206596724588549,1.167314008849027,0.8148394700838051,0.01813585738359869,0.009950945516970582,0.021844764858182337,-0.1288253992259404,0.12002950988861101,-1.4565869510184994,-1.3843244909627228,-3.634671721825692,-2.850030739414195,-1.8544867564565435,3.561455585241666,0.0,0.019999999999999574,-0.020000000000000018,5.5,0.014931506849315067,,,0.014931506849315067,-3.4595081948067397,-3.474439701656055,,,
2024-05-23,-0.6514760786307815,-0.6628376799034629,-0.562723520089583,1.3559990567517433,0.054357461436322696,0.05983860825951208,0.06538684790627917,-0.3551123015571319,-0.6454888980319645,-1.7406596587757723,1.0569357450196248,-2.6820012784710983,3.4838239819537584,-2.0146148039186556,3.8312785417210073,0.009999999999999787,0.040000000000000036,-0.010000000000000009,5.5,0.014958904109589041,,,0.014958904109589041,0.22538540881741465,0.2104265047078256,,,
2024-05-24,1.5053465402671158,1.4961781712450903,1.9641693831595024,1.834457541445822,0.009031386809754023,0.00992636860624317,0.01090431555593197,0.1292655026609787,0.2959071226724195,0.8743394668047938,-1.332471644000898,11.70541571170269,1.6244983738063299,0.09266841017383871,-6.804244420089088,0.0,-0.009999999999999787,-0.02999999999999997,5.5,0.014958904109589041,,,0.014958904109589041,0.23772330325163063,0.2227643991420416,,,
2024-05-28,0.5832115195782871,0.47929810238491377,1.6751926880075207,2.2547429046259833,-0.00903138680974725,0.009925383376088183,-0.01090431555592269,-0.561439268575079,-1.4439483424133002,-0.3360314724807785,2.9953056821558777,8.73084838955039,7.062091144182461,1.045829379441463,7.972024256920057,0.0,0.08000000000000007,0.06999999999999995,5.5,0.014958904109589041,,,0.014958904109589041,5.350109374298768,5.335150470189179,,,
2024-05-29,-0.30995219823309345,-0.17402227048293542,-2.086835314398809,-1.687294871518367,0.009031386809754023,0.0,0.021789164692917664,-0.4884023730167514,-1.2175206530101794,-1.0570529093847765,-2.0270383528343885,-6.304088325249863,-2.864804464979569,-0.9347362870368874,10.008343395238208,0.0,0.07000000000000028,0.050000000000000044,5.5,0.014958904109589041,,,0.014958904109589041,1.2465284914134318,1.2315695873038428,,,
2024-05-30,-1.8302863072856774,-1.9567500823650787,-0.696933662802228,-1.3854880269645375,0.027180388063150866,0.019856143431423688,0.02180269157654106,0.499249297470094,0.9618295963409419,1.1577009906272178,-0.4353355314895978,3.030733988301089,-0.6317402674844411,0.1894963484804738,1.321762088541114,0.0,-0.0600000000000005,-0.020000000000000018,5.5,0.014958904109589041,,,0.014958904109589041,-1.188503224460583,-1.203462128570172,,,
2024-05-31,-0.8392155452358475,-0.8472761163063317,-0.8171437514258953,-0.7415911735815877,0.03619107606446634,0.03973377589780819,0.021770534722529936,0.46444883115578384,0.6767083854770911,-1.2860492770805694,0.35106521272609875,-7.690675470334388,0.9593808461910411,-0.5881436093592545,-11.330105483779302,0.0,-0.040000000000000036,-0.010000000000000009,5.5,0.014958904109589041,,,0.014958904109589041,0.5099300229323399,0.49497111882275086,,,
2024-06-03,0.7452218865947676,0.8028602651238071,0.16227345082928954,1.2397861299610478,0.01999930711155902,0.019927582083712536,0.016404707457086238,0.652826467334986,1.6045212876465293,1.927284672350727,0.16907251836578324,-4.808113878613413,-2.892898182352923,0.8878251926791354,1.4598767328195266,0.05999999999999961,-0.09999999999999964,-0.02999999999999997,5.5,0.015123287671232877,,,0.015123287671232877,-0.3812150380706819,-0.3963383257419148,,,
2024-06-04,0.26332332662952723,0.4874842702714143,-0.7838123114596987,-0.3620738152769264,0.018159093667540673,0.019940261706444248,0.021871801650124145,0.5461368094129504,1.1613222897161593,2.5300225248925363,1.2172544281108133,18.711546173046838,2.107025477901618,-0.9017596418210323,0.38066427145914944,0.0,-0.08000000000000007,-0.030000000000000027,5.5,0.015123287671232877,,,0.015123287671232877,1.138445936370547,1.1233226486993142,,,
2024-06-05,2.179259465825425,2.2079775609127084,4.280127057949352,4.753310400641856,0.009089690976489456,0.01991963976095633,0.010947802595665457,0.3624147435409056,0.7311388295672028,0.727221781660282,1.34811527925156,-2.5503324072826827,1.2085828033555928,1.1775993219294973,-4.110696887890819,-0.009999999999999787,-0.040000000000000036,0.010000000000000009,5.5,0.015095890410958903,,,0.015095890410958903,7.511329926692055,7.496234036281096,,,
2024-06-06,-0.03369269489748318,0.06484119905693682,-0.8231985035480763,-0.7892338120551065,0.027248946680490684,0.0,0.01091008706191297,-0.04256840109394488,-0.15012975918432872,-0.45918902720176474,-1.3719845755309394,-4.974708132079648,-1.8909609171550121,0.7364174396756413,-0.3966700215845242,0.0,-0.009999999999999787,-0.010000000000000009,5.5,0.015095890410958903,,,0.015095890410958903,-1.374174817074204,-1.389270707485163,,,
2024-06-07,-0.23721478546787034,-0.6394606321502477,-0.2995148154674333,-0.0792743701120722,0.027241523652191464,0.03984401968019119,0.04371970209903204,-1.0594841585536667,-1.851560590191729,-2.0194557079892093,-3.5510442059965492,-7.8759521363957,-4.982755332769546,-3.6335512840658306,-2.903426961235931,0.009999999999999787,0.14999999999999947,0.0,5.5,0.015123287671232877,,,0.015123287671232877,1.2711739832841307,1.2560506956128978,,,
2024-06-10,0.1780601340393204,0.20637864965635874,1.431243656512208,1.4368338228139423,0.018136676435525002,0.019924376450637528,0.021852685341730974,-0.21535981168068255,-0.6689359347755773,0.2444212441661137,-0.3243313639177688,5.226106245650984,-7.085258033618082,0.9126408480626167,4.167265658317632,0.0,0.040000000000000036,0.03999999999999998,5.5,0.015123287671232877,,,0.015123287671232877,5.4106479474657725,5.39552465979454,,,
2024-06-11,1.113571381955406,1.0577494317165845,0.08219928324662704,-0.14862382904249632,0.009089847385901162,0.019912090763773996,0.01092911330765981,0.5269086197935929,1.0289177225423667,-3.1867374917879587,-4.701098198352464,-14.088374878450303,-3.4122020446844448,0.2852538250894446,0.8597208849178589,0.0,-0.08000000000000007,-0.019999999999999962,5.5,0.015123287671232877,,,0.015123287671232877,-0.10285110026939188,-0.11797438794062476,,,
2024-06-12,1.7337587503846186,2.0194134246232704,2.7797627418136184,2.9351988709787933,0.03629050451949614,0.01990812663951658,0.0218455235947803,0.5561397323685755,0.7485884967054258,1.3412234174301008,1.7367270976327231,11.351597170709903,2.5174132521226205,0.26581839081537084,-6.510940431526683,-0.009999999999999787,-0.08000000000000007,-0.020000000000000018,5.5,0.015095890410958903,,,0.015095890410958903,0.0,-0.015095890410958903,,,
2024-06-13,1.4719385848380129,1.462321338084796,1.0811408561873452,1.5538744499607808,0.00908572350432905,0.009944263078875037,0.01093465142419849,0.6590719040024082,1.4592531034344012,-2.199815542116183,-2.5705704714259916,0.9180653718368906,-7.196541872268866,-0.8183543017197694,-0.8340363891643489,0.0,-0.0699999999999994,0.0,5.5,0.015095890410958903,,,0.015095890410958903,0.0,-0.015095890410958903,,,
2024-06-14,0.7088573452734029,0.4551992266228373,-0.3604108322967554,0.2541570504060636,0.04533292542651109,0.04976465792164477,0.05460064333566929,0.232843772586446,0.8379869035861879,-1.1227334405387726,0.31630038557184353,2.586969949567306,-0.1576035113165935,1.2876289526632456,5.855333184259592,0.0,-0.040000000000000036,-0.02999999999999997,5.5,0.015095890410958903,,,0.015095890410958903,2.6472101165595747,2.632114226148616,,,
2024-06-17,1.7518724359093807,2.124264793825843,1.5667709385163608,1.6988774436750045,0.009080780745847075,0.009921709081527445,0.01090926143149949,-0.4662133801083411,-0.9979055206730467,0.7233210338951794,0.889836732085261,1.7271760400278193,1.7837555401889347,-0.520517570045054,0.7083866941161012,0.009999999999999787,0.08000000000000007,0.0,5.5,0.015123287671232877,,,0.015123287671232877,-0.20391684747271013,-0.21904013514394302,,,
2024-06-18,-0.38015463718892767,-0.5065353801158831,1.265312524254427,1.5585480800983014,0.02719953953229883,0.02985890319709438,0.02182406450288542,0.43450461221955045,0.9133751296575834,-2.0505771883152004,-0.791920392908301,-8.408846050397564,-3.6830024596119406,0.3999264104052163,-3.5931993719163993,-0.019999999999999574,-0.0600000000000005,0.0,5.5,0.015068493150684932,,,0.015068493150684932,-1.0425803443478205,-1.0576488374985056,,,
2024-06-20,-1.2188289694577512,-1.4114965311887429,-2.7527452344671355,-2.873675205770941,0.018101161010643695,0.009917763145552896,0.021810193281589486,-0.2541117805587619,-0.6682692540336101,-0.48025217930389535,0.7836044481920247,2.683979760504878,3.328908262584522,1.2407060942233217,7.665984605542543,0.0,0.03000000000000025,0.019999999999999962,5.5,0.015068493150684932,,,0.015068493150684932,1.2382967425636906,1.2232282494130056,,,
2024-06-21,-0.4876870011652118,-0.5992391374757006,-0.98006052346825,-1.5099348939135857,0.04531802043261195,0.03976085080147583,0.03272458619693293,0.021185299588484176,0.0,-1.1362664075990998,0.14198534045649275,-2.251867309443642,-3.479197141948256,-1.5614512577113586,-0.6042308797982369,-0.009999999999999787,0.0,0.0,5.5,0.01504109589041096,,,0.01504109589041096,-0.20807668457258785,-0.22311778046299882,,,
2024-06-24,-1.6852724708375943,-1.2303359315991176,-2.8960479258840066,-3.499690627818834,0.009049034956098075,0.00995434658525811,0.021834721263360616,0.08476651545955753,0.40360922040050384,-6.1427593535334575,-4.8308640475214295,-4.794453740083442,5.299071868726562,0.39497558204108824,0.9800313324426333,0.009999999999999787,0.0,-0.010000000000000009,5.5,0.015068493150684932,,,0.015068493150684932,0.0,-0.015068493150684932,,,
2024-06-25,1.4868340944671519,1.4166909962888692,1.525502244224589,2.3148550814490774,0.01812587121294438,0.019864220275765173,0.0,0.08469472269005562,0.16944571536732103,2.502097858985756,1.3275453882714556,1.719180550413918,6.363760174398327,-0.4974590412272902,-3.7451818321533525,-0.009999999999999787,-0.019999999999999574,0.040000000000000036,5.5,0.01504109589041096,,,0.01504109589041096,0.8928039302702032,0.8777628343797923,,,
2024-06-26,1.7079372194483442,1.4376931865054858,-0.3904086909283709,-0.32907234589830653,0.0,0.009943079612330288,0.010851849235849085,-0.6049460478072161,-1.4388781141176668,-1.6203198264060434,-0.755469151072698,-1.2042333396842515,2.577165678137525,-0.927101143578294,-2.2844629369817326,0.009999999999999787,0.08999999999999986,0.02999999999999997,5.5,0.015068493150684932,,,0.015068493150684932,-0.8172339221523266,-0.8323024153030115,,,
2024-06-27,0.8199067042161384,0.8932227975850869,-0.5147224050900407,-0.7888200847902819,0.027137274157806753,0.009933792567102046,0.021836687606005295,0.22330641168514156,0.3964240179489573,1.296454786345771,2.210837657707369,1.1186399456561937,-1.214205646435701,1.127314424992416,-2.5011422391106404,-0.009999999999999787,-0.03000000000000025,-0.019999999999999962,5.5,0.01504109589041096,,,0.01504109589041096,0.7980005183673887,0.7829594224769778,,,
2024-06-28,-0.9838895968767268,-0.7098670351650529,1.0065458739489501,0.7082961917838556,0.045288020482435624,0.03970871478412987,0.03266875648361635,-0.5325036025383495,-1.8780880591238822,-2.1073812008611803,-2.087491311292656,-5.55410751210061,0.2621358718232449,0.009297215668029185,1.6207795195103534,-0.009999999999999787,0.07000000000000028,0.06,5.5,0.015013698630136985,,,0.015013698630136985,-0.7033443054396582,-0.7183580040697952,,,
2024-07-01,2.234928474738372,1.9950240795561822,-0.00406438677588671,0.11885311866151843,0.01453469423864443,0.038896926787287324,0.03504107355418175,-0.7471770956072826,-1.7409552575191043,4.111645532332164,1.9579664608187914,1.856319133055832,4.934152302795487,0.2601203635874055,-1.7843077984553226,-0.010000000000000675,0.1200000000000001,0.06,5.5,0.014986301369863014,,,0.014986301369863014,-0.030730148838767464,-0.04571645020863048,,,
2024-07-02,1.6957997496784907,1.4066658765211248,1.3972260478115293,0.9987744237919445,0.018197512281001884,0.009974748472354538,0.010913714366179408,0.37695844407068424,0.7755480229008473,-1.318017605629068,-0.6996638978035451,-1.7573788143698248,-7.273321531872217,-0.004643502198153371,-1.5670467805554817,0.0,-0.05000000000000071,-0.020000000000000018,5.5,0.014986301369863014,,,0.014986301369863014,0.6509869206509169,0.6360006192810539,,,
2024-07-03,1.6676845598630468,2.063931413531546,1.6536475942386206,2.2467065605672705,0.02724473472314092,0.029901699732756682,0.032815819938238094,0.6643552123032226,1.3047610243154288,-3.0363202506616576,-3.680039448140592,-5.317621703332761,-8.147432345988124,1.1209933637062128,0.49751694580224504,0.0,-0.0699999999999994,-0.03999999999999998,5.5,0.014986301369863014,,,0.014986301369863014,0.4769630785114985,0.4619767771416355,,,
2024-07-05,1.374314818207634,1.416023804324958,0.19646828967263705,0.03706843775607468,0.036307218680945406,0.0398439824988958,0.032795966390134525,0.5537650330435554,0.8244777906540465,-6.012865679510065,-9.93141109414027,-9.196100753769915,-5.353285086578701,1.3396660734694534,3.1748649013798182,-0.009999999999999787,-0.08000000000000007,0.02999999999999997,5.5,0.014958904109589041,,,0.014958904109589041,-0.14992538975813732,-0.16488429386772635,,,
2024-07-08,0.0013207565100218554,-0.6098736025031594,1.878130257468877,1.6509884297484616,0.027234977580966557,0.019924323261280668,0.021827715978848656,0.03184635214328507,0.21584228481412165,0.07537022264223309,1.2377243028736753,3.3324482904663175,2.626856781281598,-1.2479622087256388,-0.885314910859194,0.0,0.0,-0.020000000000000018,5.5,0.014958904109589041,,,0.014958904109589041,-0.12133913693725754,-0.13629804104684656,,,
2024-07-09,0.23672937601049707,0.7807329713257258,-0.04621652159225002,0.21856771688003612,0.0,0.0,0.0,-0.1381122082994527,-0.4429945818220941,2.273796411214889,1.4895154999188485,1.7901539271788003,3.920266123657711,0.16943111880903483,1.1254165621822165,0.0,0.019999999999999574,0.020000000000000018,5.5,0.014958904109589041,2.4079129082402866,2.3929540041306976,0.014958904109589041,0.1762849977084359,0.16132609359884686,,,
2024-07-10,0.7910293609454974,0.7935015497228323,2.2935933364241246,2.3235061574179032,0.009081710373884009,0.01993691839744524,0.021877458518953084,0.09562768656028643,0.31356856513090636,-0.46086733698468724,1.238557261880829,-1.8122721147292156,6.603845366692399,0.3653653384415535,2.6815498252858805,0.0,-0.019999999999999574,-0.020000000000000018,5.5,0.014958904109589041,-0.22320313418451249,-0.23816203829410154,0.014958904109589041,0.06939171221106315,0.054432808101474106,,,
2024-07-11,-3.5803052672340874,-3.797195511786025,-3.3435194134656885,-3.7122373340526225,0.027217543059418772,0.019891542301082962,0.010955101354725973,0.6352583814544901,0.966774939477946,-0.6909245978268808,-0.06087624106830084,-2.5043408753479617,1.9788307579443216,1.7578001160184498,0.5432663231971264,-0.019999999999999574,-0.08000000000000007,0.040000000000000036,5.5,0.014904109589041096,0.12259009587660852,0.10768598628756743,0.014904109589041096,0.3232287957537498,0.3083246861647087,,,
2024-07-12,0.0067659817533468536,0.03908629663568255,1.2116677979708192,1.2576568439277813,0.054420415071770575,0.049777762322503985,0.043654058765686184,0.21085626393120752,0.42675603750303637,0.9623984558104185,1.0851959194587995,3.485441892020819,4.8195565815517485,-0.06272936376367233,-3.6252987838697863,-0.010000000000000675,-0.020000000000000462,0.02999999999999997,5.5,0.01487671232876712,4.0649343104320055,4.050057598103239,0.01487671232876712,-0.09980486276788929,-0.11468157509665641,,,
2024-07-15,0.33046307769581607,0.23419006101733042,0.1115215210853483,-0.22616448013392243,0.018161210660507767,0.0,0.021842578644089543,-0.3164164599119697,-1.156358271458972,11.098363118801933,10.741279359017899,5.880339190773003,6.588964234614901,0.3221917213120684,5.161425837245012,0.0,0.05000000000000071,0.060000000000000026,5.5,0.01487671232876712,0.22889076461395982,0.2140140522851927,0.01487671232876712,-0.13012232277814645,-0.14499903510691356,,,
2024-07-16,-0.19225309510087926,-0.4493502620694074,0.6169016416741564,-0.04383617471035163,0.009064287294947551,0.019902514158690383,0.0,0.44272582370516744,1.4008696223464157,0.34931297826731933,-1.3281276223357543,-4.997817138952295,-3.462964285612115,1.972987782004887,0.5321160122665792,0.0,-0.0600000000000005,-0.05000000000000002,5.5,0.01487671232876712,0.7592074114425554,0.7443306991137884,0.01487671232876712,0.9826422932592423,0.9677655809304753,,,
2024-07-17,-3.324628015943449,-2.8400286643068395,-7.378188663053963,-7.386907361714136,0.009048385796806389,0.009937361122495424,0.03275492497853736,0.08412058867869082,0.021248279754134434,-1.514324245482322,-1.6030453163747214,-3.12238490401532,-2.5205597214303608,-0.46540195707981385,9.330942042807857,0.0,-0.009999999999999787,0.0,5.5,0.01487671232876712,-2.2335047649421993,-2.2483814772709665,0.01487671232876712,0.5775894284435917,0.5627127161148247,,,
2024-07-18,-0.383680065833254,-0.8700111767458338,0.2997356680171332,0.5178880958044619,0.018139547452181822,0.019896576749994694,0.010888704295783369,-0.2841616756199743,-0.7673500587971626,-0.22597141603525026,1.1007020314281726,-1.195474135249677,0.4851586003124279,-0.6401633154546521,9.543578773519975,0.0,0.040000000000000036,0.0,5.5,0.01487671232876712,0.3097678956971377,0.29489118336837056,0.01487671232876712,0.5042827800496413,0.4894060677208742,,,
2024-07-19,-1.1720270396848043,-1.2061889354050757,-3.1063780264043253,-2.9385806438348774,0.05436123554598902,0.03975647454537502,0.03273156454257728,-0.3166851380271292,-0.590164724704688,4.187942010963554,2.293129734260735,1.9195808481242354,2.235753512015729,-1.810066223064627,3.636765272324057,0.0,0.04999999999999982,0.020000000000000018,5.5,0.01487671232876712,0.0,-0.01487671232876712,0.01487671232876712,-0.07879210899650375,-0.09366882132527088,,,
2024-07-22,2.1010028800093306,2.1164830088030806,4.061223850016794,3.78805873969553,0.009048544089028375,0.019876445303772212,0.021839275175244185,-0.0952189148165367,-0.2910027030203917,1.3032555028362818,-1.8806625684020657,-2.2284236919293883,-6.722633359021304,0.03156824791686295,-10.253967725977965,0.0,0.009999999999999787,0.0,5.5,0.01487671232876712,1.4232597560362583,1.4083830437074911,0.01487671232876712,1.5917176226331975,1.5768409103044303,,,
2024-07-23,0.1793707861197116,0.7622926887251678,-1.5016364460184741,-1.115934694902254,0.018124762143287468,0.009936741324124808,0.0,0.07407087109766024,-0.1404029752072566,-2.483150354628474,1.201211514150231,-1.2194557938747923,0.2180755817071016,0.3510507096461622,-1.2824987101443355,-0.019999999999999574,-0.009999999999999787,0.09,5.5,0.01482191780821918,0.26893938866037037,0.2541174708521512,0.01482191780821918,-0.181356551536461,-0.19617846934468017,,,
2024-07-24,-4.7854022661745,-4.854550381483668,-5.4646916540526025,-5.600046061097233,0.009053617532726143,0.009952285247969667,0.0327227759558798,-0.2223424035549062,-1.0867457333575112,-0.8462196557576013,-4.273144480608137,-3.86028975035723,-4.86815702783617,-0.35105070964615764,20.338443394305507,-0.009999999999999787,0.03000000000000025,0.06,5.5,0.014794520547945209,-0.1221525393801484,-0.1369470599280936,0.014794520547945209,-0.000905614758364647,-0.015700135306309856,,,
2024-07-25,-0.5695535494616565,-0.04252702056792578,-2.254494282161013,-1.8512045483446051,0.009060329031688054,0.019868543697816664,0.0,0.22234240355489973,0.8161554442245154,0.6177613679945954,-4.974698344282357,-1.7917499413298195,3.265678378177545,-1.5768400613655724,2.301461409517849,-0.010000000000000675,-0.010000000000000675,-0.05000000000000002,5.5,0.01476712328767123,0.0009002333284842476,-0.013866889959186984,0.01476712328767123,0.31042267237160404,0.2956555490839328,,,
2024-07-26,0.654578549710985,0.3820855908047771,2.1237919741041926,1.5727908165688451,0.05430710707657229,0.029787154272505154,0.054468873202084746,0.47475256617192296,0.777300088453291,3.193999219319689,3.148111446436277,5.193673819531334,5.140452092479624,1.0479424389843233,-11.893482396303547,-0.009999999999999787,-0.0699999999999994,-0.01999999999999999,5.5,0.014739726027397261,0.021302209317037225,0.006562483289639964,0.014739726027397261,-1.7530925229533145,-1.767832248980712,,,
2024-07-29,0.7102429189029197,0.7598191942015884,-0.20949451784419118,-0.7141249357401536,0.01809330853576407,0.02979480225413794,0.0,0.16825921718588327,0.536241191968794,-1.6212518920554198,1.3518875890594906,0.09542784270948884,7.111069882573216,-0.14060442276131696,1.27313628261293,0.03000000000000025,-0.03000000000000025,-0.03,5.5,0.01482191780821918,-3.6016337476903555,-3.6164556654985747,0.01482191780821918,-0.38191350265121143,-0.3967354204594306,,,
2024-07-30,-1.7960897575811694,-1.9319140695057624,-3.6981042596512728,-3.901623650828232,0.009068001703467794,0.0,0.01090833448571774,0.20991801718974254,0.3843468362189777,-0.9305346230673276,-1.269005313492599,-3.96840724054471,0.2574973608746004,0.9935936183544556,6.359682001889519,-0.009999999999999787,-0.019999999999999574,-0.010000000000000009,5.5,0.014794520547945209,1.8529200294987571,1.838125508950812,0.014794520547945209,1.3184381112876116,1.3036435907396664,,,
2024-07-31,3.3868980867605423,3.7033440797172696,6.494085311782426,6.567472052218594,0.009037082330316543,0.009926875603339253,0.021794984649059324,0.73132666552152,1.0177110625391184,-2.418345057748668,-1.4553970196310946,-2.451932228083066,2.1436381087766865,1.7948680176280076,-7.816016987934357,0.009999999999999787,-0.0600000000000005,0.0,5.5,0.01482191780821918,0.10185190530544976,0.08702998749723058,0.01482191780821918,0.1481923707652807,0.1333704529570615,,,
2024-08-01,-2.708226493578945,-2.785807951512615,-7.478146185752034,-6.688692507719393,0.025443916351723307,0.03293662306033816,0.024063174416488538,0.426105977649092,0.8587591165179536,1.1359846111043197,-0.9243606225469831,-0.2751386175577461,8.158603992379122,-0.34488837098835684,12.77844414592625,-0.040000000000000036,-0.09999999999999964,0.03,5.5,0.014712328767123287,0.38267713793350727,0.36796480916638397,0.014712328767123287,-0.2641195849869128,-0.2788319137540361,,,
2024-08-02,-2.9163301480485746,-2.88750959940315,-5.4619357860875954,-5.599534777153205,0.07255133096767709,0.04983430485981429,0.054661748530798956,1.3895665857346462,2.454153141605302,-6.221701386487153,-6.970046769621462,-8.490805258271706,-5.584342197240011,-0.19064443892983562,22.96847445601203,-0.08000000000000007,-0.1900000000000004,0.09000000000000001,5.5,0.014493150684931507,0.3431497513397431,0.3286566006548116,0.014493150684931507,0.15731903499135255,0.14282588430642104,,,
2024-08-05,-4.039567400186046,-4.608288686717955,-1.7806446070790638,-2.3719130850976584,0.0,0.009958931174796095,0.0,0.10233355580967149,0.5277028124411021,-7.86761921252525,-13.645173161335407,-16.434754333336567,-13.87726664513278,-1.2773165762624665,32.7940117732102,0.05999999999999961,-0.020000000000000018,-0.03,5.5,0.014657534246575343,0.00039995544792015953,-0.014257578798655184,0.014657534246575343,0.20299513728907573,0.18833760304250038,,,
2024-08-06,1.3044528103315383,1.8374144121508051,0.9015940008670658,1.9268465631461649,0.0,0.019947883128015324,0.021872623322839246,-0.8937222918994467,-2.262237098596165,3.713846509911699,1.7030014802877191,7.405724186070501,7.573692236443488,-0.8032891286850028,-20.00419373016803,-0.009999999999999787,0.1200000000000001,0.020000000000000004,5.5,0.014630136986301369,-0.7221180810569456,-0.736748218043247,0.014630136986301369,-0.8986947099022903,-0.9133248468885916,,,
2024-08-07,-1.3018891659316083,-1.4945926337778095,-2.824890138837984,-2.7931847451399863,0.018163437546213558,0.0,0.021849747202113495,-0.3618092346375487,-0.7064958880180782,-1.8131945621423673,-5.095014041494539,-2.3043039703951305,-5.301814340492817,-0.06798590470787476,0.50396542353046,0.0,0.06000000000000005,0.049999999999999996,5.5,0.014630136986301369,-1.6926515107498208,-1.7072816477361221,0.014630136986301369,-1.5270631629153768,-1.5416932999016781,,,
2024-08-08,3.45865690769904,3.7613488940270994,6.62375525931554,6.161724791870428,0.009061697997104311,0.029856640511795145,0.010909515261075265,-0.30079627709222867,-0.6170651119125327,11.098363118801933,13.234872810177096,10.699212502003215,3.3984517546347495,1.5566228805778208,-15.756761727201955,0.0,0.03000000000000025,-0.010000000000000002,5.5,0.014630136986301369,0.0,-0.014630136986301369,0.014630136986301369,0.04557781626216077,0.030947679275859404,,,
2024-08-09,1.060206291807741,1.005699122520328,-0.5931876598144625,-0.026683184921887346,0.03630617980746464,0.029897192962023537,0.021869722026937974,0.40432467511607034,0.981332142001292,-1.3541633552667405,-3.1709990019111753,-2.335138740992278,-5.226984244794701,0.24522519879110324,-15.52020913603775,-0.009999999999999787,-0.050000000000000266,-0.06,5.5,0.014602739726027398,0.45727071865154234,0.44266797892551496,0.014602739726027398,-0.2923210098800361,-0.3069237496060635,,,
2024-08-12,0.03659186221428867,-0.19597208306805786,0.5744089038830507,0.9340363466566964,0.027207846901819946,0.019890780474553546,0.032768496024853905,0.2789050013783969,0.362927706985221,-2.53783714532102,4.690286260920004,1.5283220743022765,-0.7666046646385326,1.6999354511922349,1.6553359762280575,0.0,-0.040000000000000036,0.0,5.5,0.014602739726027398,0.1385961178452811,0.12399337811925372,0.014602739726027398,-0.32441549517851964,-0.339018234904547,,,
2024-08-13,3.0623665149041703,3.3647225592946945,3.980750608930687,3.9862706689637117,0.02720044624601269,0.019903306260326027,0.010911406666059446,0.4426559473612337,0.6911097223629976,2.092453927711503,-0.764912091036673,1.7151447484508648,2.074801253420525,-0.153353416948704,-13.36002842703326,-0.009999999999999787,-0.04999999999999982,0.03,5.5,0.014575342465753425,0.9185024818709525,0.9039271394051991,0.014575342465753425,-0.5401265208301579,-0.5547018632959113,,,
2024-08-14,-0.07987258692805654,-0.46472669189419397,-0.252986116046044,0.08463600713068273,0.0,0.019907584707201706,0.010919254833167974,0.13342135425150217,0.6250981885929369,-3.13783013916643,-1.5189492393236552,1.446476517847887,8.324606299020257,-0.8189191333500995,-11.262254625371607,0.0,-0.020000000000000018,-0.03,5.5,0.014575342465753425,-0.08763534421735214,-0.10221068668310557,0.014575342465753425,-0.7503675246759584,-0.7649428671417118,,,
2024-08-15,2.474232113190301,2.8182687049756,4.696006454148013,4.135153167439409,0.00905266149989738,0.009952306381048829,0.01092710029964897,-0.6276541889538584,-0.8102998350868414,-2.024486209713598,-3.548130840522891,-3.5894950090716615,1.8542249537497335,0.3133929041611364,-6.1126663826063705,0.019999999999999574,0.08999999999999986,-0.05,5.5,0.014630136986301369,0.09995019367521125,0.08532005668890988,0.014630136986301369,0.0212361091176223,0.0066059721313209314,,,
2024-08-16,0.3215434614633716,0.061732234789566826,-0.21168923588482116,0.13791426658791056,0.045326045121083965,0.039782853686670575,0.054572434920786644,0.19592883778422202,0.34953408054762763,2.291143010134266,0.8947435404047986,4.5935779602333024,4.067031170058097,2.2140811735288115,-2.8639943192801343,-0.009999999999999787,-0.029999999999999805,-0.010000000000000009,5.5,0.014602739726027398,-0.1724764591161315,-0.1870791988421589,0.014602739726027398,-1.7725282397199074,-1.7871309794459347,,,
2024-08-19,1.7120413064732296,1.7537166301786427,1.6853274743968842,1.8592943278449903,0.009047740340546378,0.009939123903633724,0.0,0.13381121328781875,0.46076575453921564,1.0125266266796553,1.6870654511349121,-4.800151462940618,4.686743012266065,-0.16393656726291592,-1.018688423337338,-0.020000000000000462,-0.03000000000000025,-0.03,5.5,0.01454794520547945,-2.8678867680302558,-2.8824347132357353,0.01454794520547945,0.00021858308599166765,-0.014329362119487783,,,
2024-08-20,-0.08568936503089379,0.14139926265403463,-1.3313273852902439,-1.3135908987238951,0.027175809841165383,0.009954602820185093,0.021829668611260563,0.40046388792454624,0.7936549259618471,-0.8112024604757305,-2.464399960665874,1.3986093512915434,10.432827798861949,0.3663270802502215,8.062015360140999,-0.019999999999999574,-0.040000000000000036,0.03,5.5,0.014493150684931507,0.0,-0.014493150684931507,0.014493150684931507,-0.4905290776705305,-0.505022228355462,,,
2024-08-21,0.5583302688625845,-0.08077729671368115,1.4078333920973316,1.0307147052208345,0.018095607927363807,0.02980847889302834,0.021806846777113614,0.2047256136686723,0.06080908143687103,3.5987487774751865,2.2400224476040247,12.109664151383903,6.739719091963756,-0.13345079227064105,2.42624863407933,-0.03000000000000025,-0.029999999999999805,0.04000000000000001,5.5,0.014410958904109589,-0.07002442816528318,-0.08443538706939277,0.014410958904109589,0.15626126010755265,0.14185030120344305,,,
2024-08-22,-3.5847112483046137,-2.8482601176698257,-3.4760450492096875,-3.330600660884681,0.018107328370163055,0.0,0.0,-0.4612466963435529,-0.9975829503057582,-1.3052114105543453,-0.321413838436076,-2.517045301159194,-3.2538629456979806,-1.2047289256478089,7.573095707315049,0.020000000000000462,0.06999999999999984,0.0,5.5,0.014465753424657533,0.07002442816527524,0.05555867474061771,0.014465753424657533,-0.06071629121973472,-0.07518204464439225,,,
2024-08-23,1.4078597197184122,0.9104110624877579,2.644002070550699,2.4328319886037555,0.04528770361115795,0.03976373219874257,0.0436265070667805,0.46124669634355553,0.6525899905432061,5.966667778992524,5.254044432685605,1.2836824598447216,5.6904308552480565,1.1487194343258775,-10.125371187992283,-0.03000000000000025,-0.04999999999999982,0.04000000000000001,5.5,0.014383561643835615,-0.032104993304741064,-0.04648855494857668,0.014383561643835615,0.05159997923222514,0.037216417588389526,,,
2024-08-26,-1.0411047268376155,-0.9312033634163257,-2.5428692364169203,-2.3709792459867214,0.009044589721054425,0.01988416431956581,0.01090139759163065,-0.12281203928850756,-0.25441107323351153,-1.911765510550575,-3.052373829684504,-10.471445613348832,-10.950463719440206,0.3184262926895566,1.8119831488631097,-0.009999999999999787,0.009999999999999787,0.0,5.5,0.014356164383561644,0.032104993304732474,0.01774882892117083,0.014356164383561644,4.037611396550334,4.023255232166773,,,
2024-08-27,-0.2816834033068582,-0.37492297921245826,1.1014592605369207,1.000867334975967,0.01811669267873885,0.009911811617887033,0.021790208739421228,-0.040956832425828475,-0.17336352286369053,-5.519287756090793,-8.667332605342255,-9.837306731098556,-7.2064145060905,0.27030152296240284,-4.560633989509915,-0.009999999999999787,0.010000000000000231,0.09,5.5,0.014328767123287673,1.458682302224879,1.4443535351015913,0.014328767123287673,0.45201544789817605,0.43768668077488837,,,
2024-08-28,-1.5107465690468602,-1.4927200430998016,-1.8204273901805543,-1.6958564163024665,0.01806846875842498,0.00992727796785954,0.01088881363120864,-0.05121542269698463,-0.12258248049698622,-0.804021450926693,2.7949274377880378,0.7979242447156365,4.554582516937451,-0.7051666972008084,10.334943742316474,-0.020000000000000462,0.009999999999999787,0.01,5.5,0.014273972602739726,-0.12055213102015472,-0.13482610362289443,0.014273972602739726,2.7693880233076786,2.7551140507049388,,,
2024-08-29,-0.05550037855175926,0.14816321137105504,-0.2881604659688615,-1.2447986940649964,0.009055479423239636,0.009934516086232302,0.0,-0.17437284884840004,-0.32756340221632546,0.6089656742738994,0.014917213115699395,1.1177609629290948,-2.094333696363746,0.5164620716356872,-8.91922309652149,0.009999999999999787,0.03000000000000025,-0.01,5.5,0.014301369863013697,-1.4786613938098794,-1.492962763672893,0.014301369863013697,2.0996365925915845,2.085335222728571,,,
2024-08-30,1.6158327722812078,1.3445568317287515,2.5812783730013105,2.3060236648611454,0.03616131069002133,0.04965778163003162,0.05447137023941913,-0.34964357162129706,-1.0720245164479572,-0.4534788620027655,-0.1175442092530881,1.036687720162007,6.777992131730377,-0.715151978283222,-4.242069150888939,-0.009999999999999787,0.040000000000000036,0.0,5.5,0.014273972602739726,0.046443011980663154,0.032169039377923425,0.014273972602739726,1.1879598441603654,1.1736858715576257,,,
2024-09-03,-3.5093762402213438,-3.72027187366102,-7.9386786207757,-7.583515654420385,0.031769825042116805,0.04384934893659845,0.03938307354885634,0.6570444839807774,1.622272484122323,-2.8975787461358693,-4.254956625132277,2.5451995934172182,-10.153739014365888,-0.433295027353233,32.30491831498096,-0.019999999999999574,-0.07000000000000028,-0.04,5.5,0.014219178082191782,0.1694742006220066,0.15525502253981482,0.014219178082191782,0.10497521524116976,0.09075603715897798,,,
2024-09-04,0.23050017009907472,0.47537087467624206,0.3273313524408114,-0.24008556835529568,0.02722538542270627,0.009957105586085053,0.010913460728262278,0.58337933491777,1.2807508175319122,0.9367548966836616,1.1653410515005636,6.266082606549076,12.992781642285728,0.060774178773770914,2.8546200731562927,-0.010000000000000675,-0.06999999999999984,0.05,5.5,0.01419178082191781,2.7588670411219853,2.7446752603000677,0.01419178082191781,0.9129069969812609,0.898715216159343,,,
2024-09-05,1.2060035168653678,1.5189063019103557,-0.5383289676345615,-0.17375888346260093,0.018151127413654627,0.029922857487328654,0.010957322142357596,0.2344462742298892,0.5640022426529334,-3.1738730145491645,-3.3735528614387533,-2.0598023304416078,-4.770003839386507,0.8297784905919918,-6.892587242246898,-0.02999999999999936,-0.040000000000000036,-0.03,5.5,0.014109589041095891,0.015501199305965144,0.001391610264869253,0.014109589041095891,-0.1311582618002316,-0.14526785084132748,,,
2024-09-06,-4.2863810039322665,-4.627734069834334,-4.375000375706225,-4.216797171512689,0.04538584326838487,0.039831228118727524,0.05463352548923168,0.14245229593927497,-0.010050321618755442,-4.017885990554018,-6.268304999646477,-2.0900259166184827,-1.6079223828151166,-0.7430165851405642,11.744795282340663,-0.020000000000000462,-0.009999999999999787,0.08,5.5,0.014054794520547946,-0.5199743607373271,-0.534029155257875,0.014054794520547946,-0.07392929543237681,-0.08798408995292475,,,
2024-09-09,1.4107048407031002,1.828844653462422,1.9568867673951464,2.2352889297079215,0.0,0.009949172215725848,0.0,0.14224132475374462,0.4309887663580826,5.535933691731959,5.8766438640856995,8.585242438279897,9.983562970108814,0.41970561043253835,-14.032055609438693,-0.019999999999999574,-0.020000000000000018,-0.039999999999999994,5.5,0.014000000000000002,0.09995008359647647,0.08595008359647648,0.014000000000000002,1.7251370681408997,1.7111370681408997,,,
2024-09-10,1.5302413212697648,1.473802823296722,1.0475762186750428,0.9416137046664962,0.03626095877667523,0.019919995879955212,0.03276579388512055,0.4254642455887977,0.6976530655767438,1.0973955159393973,1.3099792549207672,-0.30530495362095905,7.179595762777288,0.4394427867848139,-1.9206447268627507,-0.05000000000000071,-0.050000000000000266,0.039999999999999994,5.5,0.013863013698630137,0.05417319154751041,0.040310177848880274,0.013863013698630137,0.21860104877774655,0.20473803507911642,,,
2024-09-11,2.5360724920188376,2.590931119379352,4.53968519168744,5.034657395931349,-0.00909017242351153,0.0,0.0,-0.07078927008136571,-0.07951109301806679,-0.5314110423381013,-2.103484508209975,0.826768745614776,-0.7681819570559117,-0.15918222264343485,-7.564112366000924,0.040000000000000036,0.0,-0.03,5.5,0.013972602739726026,-0.10935039297682099,-0.12332299571654702,0.013972602739726026,0.1520540115912685,0.13808140885154246,,,
2024-09-12,1.4958716597148078,1.2914133422002305,-0.4420682563605708,0.21400057523396687,0.01815709525252675,0.009946201072294625,0.010919545957587451,-0.16198771365388662,-0.4682150733149007,1.357669762940072,0.9333093465773219,0.4819434220745258,-2.9255024413792667,1.7414763446119248,-3.5677019433049093,-0.040000000000000036,0.03000000000000025,0.010000000000000002,5.5,0.013863013698630137,0.009400466011931705,-0.0044625476866984315,0.013863013698630137,-0.08128251074310928,-0.09514552444173942,,,
2024-09-13,0.5836229276583308,0.5160502763602356,1.7701204568914854,1.2786667647912673,0.05437680945560236,0.05973845204204284,0.05460684155660187,0.19233329442239988,0.2692305515443564,4.11907229072504,3.324019383426923,2.078684741400417,-0.5488518805917688,0.9894570827460453,-3.0332402221190384,-0.08999999999999986,-0.020000000000000018,0.049999999999999996,5.5,0.013616438356164383,0.9367665366091148,0.9231500982529505,0.013616438356164383,-0.04425558931002354,-0.057872027666187924,,,
2024-09-16,-0.79768587003656,-0.8892630398190114,-1.3416924176998433,-1.3214263130698964,0.0362322971456762,0.01987755791722049,0.02178761741502303,0.26261277136281985,0.9120975491335864,-4.0064581724141055,-6.180005318412478,-7.88195220216875,-2.791929215082348,-0.008375168155593023,3.4424760852599956,-0.009999999999999787,-0.03000000000000025,-0.01999999999999999,5.5,0.013589041095890412,0.0803884854827034,0.06679944438681298,0.013589041095890412,0.2640230709794336,0.2504340298835432,,,
2024-09-17,0.29492550286929337,0.3318125186431315,0.12271607325008993,-0.03422607023418667,0.00905042318440441,0.0,0.010928003848175964,-0.1817251540175296,-0.4847741866120558,3.5717088660707748,2.0024028033948524,5.6185730239576195,0.1310103170426341,-0.5546263478781389,2.7052079607630493,-0.009999999999999787,0.020000000000000018,-0.010000000000000009,5.5,0.013561643835616439,0.0,-0.013561643835616439,0.013561643835616439,0.0078076539369459986,-0.00575398989867044,,,
2024-09-18,-0.4358757019932714,-0.43572864001426215,-1.1099323560508687,-1.1446390052354383,0.03623082546734335,0.029825324495670352,0.021807466774174,-0.4354797821310064,-1.2473216445729371,2.199433056839477,1.1895127545669124,-0.5237983928441503,0.5646573913889538,-0.7740344731775494,3.4601606412624704,-0.11000000000000032,0.050000000000000266,0.03,5.5,0.01326027397260274,0.3082446613453512,0.29498438737274846,0.01326027397260274,0.159996944413128,0.14673667044052527,,,
2024-09-19,3.312049319849079,3.4539013954950426,4.169627270160204,4.249285587146844,0.01808437106636803,0.01986768163395955,0.021838671464815457,-0.08121576565566245,-0.3319025386088441,2.072111905391629,3.9315669682806114,0.7908873993608999,5.957665635927681,1.5421236419487407,-11.006466126974972,-0.040000000000000036,0.029999999999999805,0.05000000000000002,5.0,0.01315068493150685,-0.05503761090343975,-0.0681882958349466,0.01315068493150685,0.032082624032078975,0.018931939100572125,,,
2024-09-20,-0.460882936136365,-0.5842609538420885,-1.473438041037274,-1.331984541448356,0.04526003106237677,0.03978906277720928,0.04361811079064066,-0.03049481805605108,-0.3835695623333527,0.40040116474054177,3.8334655280300787,0.2081735214423511,2.0094836694829676,1.2630557682531525,-1.1083876262113659,-0.04999999999999982,0.0,0.03999999999999998,5.0,0.013013698630136985,0.011811460738935688,-0.0012022378912012969,0.013013698630136985,-0.3246461254446719,-0.3376598240748089,,,
2024-09-23,-0.22418930224506373,0.0,0.38821157627479663,0.4403866336263352,0.01809529497433656,0.02979865208950816,0.010890324469643078,-0.06095913253226986,-0.21260200923881722,0.21628401614280243,3.358502695603545,0.2315172605476451,11.648594329747867,0.193852671610104,-1.623002389340957,-0.03000000000000025,0.020000000000000018,0.0,5.0,0.012931506849315069,0.1914920334664386,0.17856052661712352,0.012931506849315069,0.5433801785304365,0.5304486716811214,,,
2024-09-24,0.5054801562920979,0.38317808889873084,1.2040873874543552,1.8451813459599702,0.009046419736408537,0.009933640749304343,0.010898122555375681,0.11177032843060562,-0.020259788757771825,1.5234244172186633,0.219072378340883,1.464622891746021,-3.3356765286894916,1.3872405171650835,-3.1972031995880417,-0.02999999999999936,-0.009999999999999787,0.07,5.0,0.012849315068493152,-0.048075721052463896,-0.06092503612095705,0.012849315068493152,-0.05464009227053037,-0.06748940733902352,,,
2024-09-25,-0.19265080005885485,-0.22166378920317645,0.68664680553431,0.8753682973413137,0.018082928508305566,0.0,0.021810646664346248,-0.4070301712869902,-0.834697245802903,-1.818596455888868,-2.8649257997379087,-2.265344964491688,-0.6361086166644009,-0.13827232563759936,0.12986692711907113,0.0,0.04999999999999982,0.010000000000000009,5.0,0.012849315068493152,0.014600954848733118,0.0017516397802399657,0.012849315068493152,-0.015472285245318719,-0.02832160031381187,,,
2024-09-26,-0.15078524810253188,-0.14131363013767054,3.5122886808868423,2.8426548968127188,0.009036510416015924,0.009932654075164131,0.0,-0.0714030195599327,0.23481133382721986,3.176403065562404,2.0267557896731807,8.190561583154762,-0.027602025117383144,0.5073989582052931,-0.2599089325378148,-0.010000000000000675,0.0,-0.07,5.0,0.012821917808219176,-0.06852347033891376,-0.08134538814713294,0.012821917808219176,-0.4032369542410328,-0.41605887204925196,,,
2024-09-27,-0.6404429224709622,-0.9948344900624222,-1.598803113838003,-1.9506526916395872,0.03616023653055422,0.03971256863285362,0.0326890950294642,0.39715124498514814,0.5187467620515344,0.9309629648678251,2.3912355962124945,3.6379294349929876,3.2293306052407362,-0.7967487087645769,9.844002627741915,0.0,-0.040000000000000036,0.010000000000000009,5.0,0.012821917808219176,-1.6697631516939253,-1.6825850695021445,0.012821917808219176,0.9573166024929078,0.9444946846846887,,,
2024-09-30,0.3608029366922959,0.8128505095439692,-0.9022910076589514,-0.9286565822103474,0.0,0.0,0.010873041982145379,-0.2747892159496129,-0.4779621867351918,-3.812668937142083,-3.504360555914504,-3.0698379472492805,-8.730241905340465,-0.8031540905021974,-1.3654088745303505,0.05000000000000071,0.06000000000000005,-0.05000000000000002,5.0,0.012958904109589041,-0.0019999644877851607,-0.014958868597374202,0.012958904109589041,0.34808598554793924,0.3351270814383502,,,
2024-10-01,-1.6538742825801378,-2.106630250995958,-2.8414850109728778,-2.713193685803646,0.021797164763292756,0.03987679897875702,0.022954307428987932,0.36322301175962624,0.7194105563542946,-4.015297041725014,-6.104115266475197,-7.138519426982756,-7.566662476927077,1.0436598143315399,14.082693061688472,-0.020000000000000462,-0.06999999999999984,-0.01999999999999999,5.0,0.012904109589041098,0.9684426688788381,0.955538559289797,0.012904109589041098,-0.2449499181925492,-0.2578540277815903,,,
2024-10-02,0.5434024838662732,0.8848710774999017,1.3384224452161717,1.429784535797635,0.0,0.0,0.010950140073994443,-0.2855625746095457,-0.8463025754055808,-0.3362528965938227,-3.4771594518332734,-3.0113555862325265,-4.0486484805023135,0.0203566476664727,-1.8868516371758504,-0.019999999999999574,0.04999999999999982,0.03,5.0,0.012849315068493152,0.21490789465785598,0.20205857958936282,0.012849315068493152,4.490470185230332,4.4776208701618385,,,
2024-10-03,0.5675341359930014,0.5108828787914486,0.3559656446652453,0.916067949081222,0.0,0.009981031957017323,0.021869764429004842,-0.5119948914526085,-0.9464994767666463,0.20860853737759527,-0.6549484508482836,-1.8993945162045622,2.860873808559567,-0.0692245434450008,8.077504919837848,-0.010000000000000675,0.06000000000000005,-0.010000000000000009,5.0,0.012821917808219176,-1.5520873020483394,-1.5649092198565586,0.012821917808219176,-0.1652208437933957,-0.17804276160161486,,,
2024-10-04,1.8137161039166654,1.757796380217633,1.3593847751998291,1.3282872579342657,0.03625846506691367,0.03984874868198427,0.021856011499509102,-0.9696651477656573,-1.2377485294828394,2.1300283559387174,2.7287462033179013,2.3600362432992235,5.3637698543360575,-0.19980250389980908,-6.450602195882109,0.05000000000000071,0.1299999999999999,-0.09999999999999999,5.0,0.012958904109589041,2.358588416627253,2.3456295125176636,0.012958904109589041,0.6959426893198282,0.6829837852102392,,,
2024-10-07,-1.5227101959448515,-1.4931707735435962,-0.2730167524492801,0.16127877989750378,-0.00905779694438468,0.00995970653541888,0.021851235690885668,-0.36349508958052623,-0.7563582288092432,0.27220928069463235,0.28957135526800276,7.508102623580706,-2.981374650288356,-0.339351403676491,16.428729725442004,0.03999999999999915,0.050000000000000266,-0.010000000000000002,5.0,0.01306849315068493,2.5545479350780815,2.5414794419273967,0.01306849315068493,-2.1247568790023785,-2.1378253721530633,,,
2024-10-08,2.05187055535632,2.350689840676085,0.9802084689472518,1.7174941424027854,0.027237954309804087,0.009983242306204513,0.0,0.08320504667177667,0.1685669475749217,-0.16835665376192951,0.7423125435155524,-0.8778939843053489,-2.540057569070621,-0.7399232494344503,-5.539315779457915,-0.019999999999999574,0.009999999999999787,0.019999999999999997,5.0,0.013013698630136985,-2.8287669967214897,-2.8417806953516265,0.013013698630136985,0.4139875575894401,0.40097385895930315,,,
2024-10-09,0.8807127364632004,0.554454448724943,1.03876119416399,1.0361164540656362,0.009018097824196701,0.019906275435247825,0.010905891227949344,-0.3749178778025188,-0.5701172495162112,-2.5261155468464205,-2.9767390727599397,1.5575034091418818,-2.538050488458722,-0.546107050171736,-2.649158974936285,0.0,0.019999999999999574,0.010000000000000009,5.0,0.013013698630136985,-0.02961757967820097,-0.042631278308337954,0.013013698630136985,-0.08959846124175161,-0.1026121598718886,,,
2024-10-10,0.7594022902631477,0.7475955902740322,-0.7041469969351937,-0.19616018463839766,0.009106634338320665,0.019910486246999683,0.010985406682959485,-0.0104273599330024,-0.3924875366103412,-0.509036697595273,0.6554737109736946,10.7517040855003,0.671561422082618,0.7316064767089658,0.3350072206642198,0.0,0.03000000000000025,0.039999999999999994,5.0,0.013013698630136985,0.004503320239656731,-0.008510378390480255,0.013013698630136985,0.19750379394101328,0.1844900953108763,,,
2024-10-11,0.006187484590122405,0.1175345325235631,0.835896720626521,0.7979160918206791,0.04532723320830629,0.03981725298284302,0.05454148533225547,0.03131296962750159,-0.4047491161198718,3.537847936044716,2.184794837895363,-2.954475183694875,2.4198260047380895,1.085428686886074,-2.271183526239348,-0.019999999999999574,-0.009999999999999787,0.020000000000000004,5.0,0.012958904109589041,1.975912739194627,1.962953835085038,0.012958904109589041,0.10995998939247492,0.09700108528288588,,,
2024-10-14,0.17382922678423207,0.4102752240052613,1.8264219878747137,1.7723444970603561,0.009049586530861369,0.0,-0.010907710162033237,-0.17753858452797536,0.07467249734973781,5.606575349118819,7.599737623929174,3.091900527063105,12.284759946651487,-0.16308312397319175,-3.7853041304464328,0.0,0.0,0.0,5.0,0.012958904109589041,3.3159796876596923,3.303020783550103,0.012958904109589041,-0.845670690187933,-0.858629594297522,,,
2024-10-15,-1.3953084928536788,-1.9490757313282303,-5.327059386660155,-5.555671613547743,0.009071090904638188,0.01992310211985272,0.03275540315317051,0.5107760804552526,1.2084421637945468,1.4952642422039788,-0.8740560369299364,-3.565560697545933,-3.704501860652292,0.3462358436433923,4.66122365702319,0.0,-0.04999999999999982,-0.05,5.0,0.012958904109589041,-0.0020006658342285252,-0.014959569943817566,0.012958904109589041,1.3487682685857503,1.3358093644761613,,,
2024-10-16,0.009603874513460708,0.2184503129691562,0.0,0.0647199990404943,0.018132273908623753,0.019878303036605822,0.0,0.1558300021339366,0.4205230792331953,0.8490108547449184,0.19474636630232295,-3.4673242242369504,-0.5625623665518261,0.49891427128232557,-5.272227783622528,-0.010000000000000675,-0.010000000000000675,0.009999999999999995,5.0,0.012931506849315069,1.4365960179775272,1.4236645111282122,0.012931506849315069,0.10341959013687985,0.09048808328756477,,,
2024-10-17,0.23737531125167127,0.3168943989569225,0.7842117015467667,1.707797061329635,0.0,0.0,0.0218339624343969,-0.5203804676887195,-1.5969709883162038,-0.31535287872272155,-0.261864834037678,-3.0959475599278052,-1.9461245819170039,0.5970452161761538,-2.4296843014801577,0.020000000000000462,0.07000000000000028,0.04000000000000001,5.0,0.012986301369863014,-0.10835048208677261,-0.12133678345663562,0.012986301369863014,0.2512857845786813,0.23829948320881827,,,
2024-10-18,1.3124016099478744,1.550116220832603,0.09159598928600579,-0.027833465600774113,0.045290278616153985,0.0397774070718575,0.03271066363650462,0.1147094468550891,0.07461935092118982,1.500489704966544,1.4212990821686775,1.595958573315976,3.818505237470821,1.0562207979593496,-5.817471489231296,-0.009999999999999787,-0.009999999999999787,0.0,5.0,0.012958904109589041,-1.8170305979110326,-1.8299895020206216,0.012958904109589041,-0.4781064011723556,-0.49106530528194464,,,
2024-10-21,0.6194679528930545,0.23337025703598513,-0.18766395420988713,0.5274122667889168,0.009057081930405277,0.019882771701006368,0.021831011226071596,-0.7742990762532591,-1.7625362161863345,-1.5479556460891217,0.9104531886224377,4.364497642594575,-3.596470342129993,-0.019902108052380223,1.8681869613305073,0.0,0.11000000000000032,0.04000000000000001,5.0,0.012958904109589041,0.7023714503773887,0.6894125462677997,0.012958904109589041,-0.10804095041804257,-0.12099985452763161,,,
2024-10-22,0.1820621752038851,0.36839330257530406,-0.37196294429109816,-0.45587010617070667,0.0,0.009923582708753915,0.010886861082502329,-0.09461152014330808,0.09752653477070178,-0.009567799317776519,-1.722154792344878,2.5397722827687175,-0.5046883837238855,1.0729555523637746,-0.9297308909531485,-0.010000000000000675,0.009999999999999787,0.0,5.0,0.012931506849315069,-0.12835400303892536,-0.14128550988824043,0.012931506849315069,0.8684727156419223,0.8555412087926072,,,
2024-10-23,-2.280943060701641,-2.3894544939308022,-0.89845827736363,-1.070511244455204,0.0,0.0,0.0,-0.2315389789004497,-0.27114223940363097,-1.3890438213698968,-4.332602482144412,-2.448971566293427,-2.3735579519680328,-1.2123752431615111,5.556979733891606,0.010000000000000675,0.040000000000000036,0.0,5.0,0.012958904109589041,0.02840397589514529,0.015445071785556248,0.012958904109589041,-0.0048640324571838514,-0.017822936566772894,,,
2024-10-24,0.8594764137705925,0.9862012720708788,0.555878820793292,0.42078548441894703,0.018089400274203405,0.02983010488356643,0.01091253061728597,0.22104018461708727,0.6387465957742737,2.569154796745315,1.007212545151898,2.871297648166034,-1.0258636988295537,0.7663817134299539,-0.8350771319909273,-0.03000000000000025,-0.03000000000000025,-0.03,5.0,0.012876712328767123,-2.04531896326676,-2.058195675595527,0.012876712328767123,-1.6246226148865173,-1.6374993272152845,,,
2024-10-25,0.4208466415849358,0.25482923681293035,0.9980808681326194,1.1530495219711325,0.03620614499673937,0.03975419983615344,0.04363821803373526,-0.22104018461709218,-0.5627885375984205,-2.253213347279499,-3.9665511408436305,-8.15027219445831,-6.7143347077771285,0.20548662166116313,6.345696186597276,0.03000000000000025,0.040000000000000036,0.0,5.0,0.012958904109589041,0.08234596610810249,0.06938706199851345,0.012958904109589041,-0.37941935722987846,-0.3923782613394675,,,
2024-10-28,-0.004311973781884506,0.0,0.06096566866414968,-0.6942085541303531,0.027159010525303968,0.0,0.0,-0.2321454871581468,-0.27167270321901804,4.7835404893373745,5.176390871445587,4.994874559856877,9.577712609755105,0.003945329776617785,-2.6415724719285465,-0.03000000000000025,0.03000000000000025,0.01999999999999999,5.0,0.012876712328767123,-1.9754827827153665,-1.9883594950441337,0.012876712328767123,0.45390369468914815,0.441026982360381,,,
2024-10-29,1.70117112862192,1.8811713392018532,2.429754739829117,2.2475409938063358,0.0,0.019871175001818064,0.021758295838699256,0.042248374740184114,0.15223661983115588,3.9446590577762133,2.791075260486656,1.8949769491830402,-0.2275160084950609,1.0835937036952448,-2.3506401253288445,0.0,0.0,0.010000000000000009,5.0,0.012876712328767123,0.9444381402383162,0.9315614279095491,0.012876712328767123,0.0009078872286574781,-0.011968825100109645,,,
2024-10-30,-0.32260342581491264,-0.26933335034916794,-3.5900347540856865,-2.4587577849908215,0.0271516364094583,0.0,0.010904206999659818,-0.14791285110594632,0.29297384076493277,-0.5252363418187159,0.7332923830771978,2.4351806194024497,3.2007441087436526,0.5490789207931537,5.090543271914016,-0.03000000000000025,0.009999999999999787,-0.03,5.0,0.012794520547945205,-0.28197821044707444,-0.29477273099501966,0.012794520547945205,-0.05392619926562085,-0.06672071981356606,,,
2024-10-31,-3.126134291493507,-3.2699891330751996,-3.9571419182680505,-3.6562641412969414,0.018092045334992653,0.019850924109378613,0.021786962056214956,-0.0528914540348529,0.16236827152031222,-2.980622089692495,-5.474730200775866,-6.536087399619831,-8.557306879061509,-1.5616471787270507,12.934571548232595,-0.03000000000000025,-0.009999999999999787,-0.020000000000000018,5.0,0.012712328767123287,-1.7344047462697403,-1.7471170750368636,0.012712328767123287,0.08795004042353638,0.07523771165641309,,,
2024-11-01,1.0467517903653585,1.0494082406808007,1.0573474744651408,1.2622784283296578,0.04267712761584106,0.05483654767900061,0.042656858590597646,-0.5939463354602489,-1.4198666322929512,-1.0490161236778448,-0.15569071230169812,-0.7317626635148027,-1.4000174899787226,-0.4110813705942359,-5.685370691877935,-0.02999999999999936,0.08999999999999986,0.04000000000000001,5.0,0.012630136986301369,-0.127753835287346,-0.14038397227364735,0.012630136986301369,-0.15576001674368584,-0.1683901537299872,,,
2024-11-04,-0.42862631430213466,-0.4936331432394567,-0.577421736750892,-0.19630902572237535,0.018147851149394073,0.009955202412043973,0.021853360818792213,0.5323717682016321,1.5402615700786952,-2.434256025804483,-4.680471010938325,-10.822875330915798,-9.839599645995333,0.14248987496042703,0.4559988951510874,0.040000000000000036,-0.0600000000000005,-0.01999999999999999,5.0,0.012739726027397261,1.907814450478235,1.8950747244508377,0.012739726027397261,0.9039692237213953,0.8912294976939981,,,
2024-11-05,1.7595905665356089,1.746339655602586,1.1605426417805487,1.640376585649326,0.0,0.019940010609504018,0.0,0.0530625762784238,0.5297432155315704,2.257211249093191,1.0633288913420902,5.9199501175308225,5.7718791513101175,0.22519104403699203,-7.019597706871061,-0.010000000000000675,-0.04999999999999982,-0.07,5.0,0.012712328767123287,-0.7654892800012255,-0.7782016087683488,0.012712328767123287,-0.535648014203348,-0.5483603429704712,,,
2024-11-06,2.5629959434507588,2.8381570438515484,2.8744103221045636,2.584022001065374,0.0,0.0,0.021830716064937535,-1.0348284171940267,-2.6718506186697044,8.666903126846401,11.730125264069905,22.731632634730662,18.052079111284545,-3.085797669408563,-20.00419373016803,0.0,0.16000000000000014,0.07999999999999999,5.0,0.012712328767123287,-3.5078656001889676,-3.520577928956091,0.012712328767123287,0.16822384814845237,0.1555115193813291,,,
2024-11-07,2.2729471912118417,2.0028740834906564,2.0631792215146123,2.4078812896827433,0.027219312878941707,0.019919749373465724,0.010953774457367926,0.8010762142117126,1.245003961055972,0.35076496874788743,6.10238212650149,-4.559263048455655,5.588242757740536,1.5948645391861378,-6.802753406250556,-0.009999999999999787,-0.11000000000000032,-0.04999999999999999,5.0,0.012684931506849316,0.06752744828693437,0.05484251678008505,0.012684931506849316,-0.07390134295643844,-0.08658627446328776,,,
2024-11-08,-0.5618819594273909,-0.25978747443215455,-0.7492523471618099,-0.6457053726010652,0.05446090332157125,0.049806437326986606,0.05459908549758994,0.21253401567724048,1.2621036587562338,0.8404323339316332,2.2777538004594824,-0.5526766191256482,-0.833256492616599,-0.6792442588197487,-1.7253263686007283,0.0,-0.009999999999999787,-0.060000000000000005,4.75,0.012684931506849316,0.0015636209842509157,-0.011121310522598401,0.012684931506849316,-0.051149057346690244,-0.06383398885353955,,,
2024-11-11,0.12050268285508228,-0.11154746350423761,-2.5344485694684264,-2.265777787367492,-0.009092062628196895,-0.009962559018493253,-0.010929934753639207,-0.2763685066154403,-0.4877165501035563,11.098363118801933,13.037505561592466,5.422793633026539,6.530841698479533,-2.375140115119195,0.20060646512555824,0.0,0.0,0.0,4.75,0.012684931506849316,-0.3638645480582547,-0.376549479565104,0.012684931506849316,0.0992828597266654,0.08659792821981607,,,
2024-11-12,0.7229852969794188,0.7043607919163178,-1.096555035360954,-0.6608770494359022,0.00909206262820049,0.009962559018487553,0.010929934753625309,-0.6300548172191929,-1.510721020691131,-0.8442066269106776,-3.883717170826067,-4.082650663066405,-7.64046055640798,-0.8668821068980244,-1.7520679062518398,0.0,0.1299999999999999,0.049999999999999996,4.75,0.012684931506849316,0.26802365005741324,0.25533871855056395,0.012684931506849316,2.17525231428234,2.162567382775491,,,
2024-11-13,0.05149300989362518,0.09230913232980265,-2.1474117919914226,-1.6937624880133455,0.018107502109165247,0.029849177245285352,0.021829504514534116,-0.0642878607399347,-0.9531224299111964,2.944485048776148,-1.6668377768941904,-3.9979725678845743,-3.9739198203341584,-1.0132384997697268,-4.804262294940944,-0.03000000000000025,0.010000000000000675,0.08000000000000002,4.75,0.012602739726027396,1.2656649024743414,1.253062162748314,0.012602739726027396,-1.88062651093098,-1.8932292506570074,,,
2024-11-14,-0.41578032500653955,-0.4438658390128065,-0.05953935518238792,0.22185038870731263,0.009097003759440812,0.0,0.0,-0.010723036144375062,0.577409282916404,-3.7496922318811383,-4.276305763008172,-5.497619645232345,-9.167436798712735,-0.2612551531378182,2.0473708634473633,0.010000000000000675,-0.010000000000000675,-0.08000000000000002,4.75,0.012630136986301369,-0.7953923222718688,-0.8080224592581702,0.012630136986301369,0.0,-0.012630136986301369,,,
2024-11-15,-2.7523325203282503,-2.7816104882343673,-3.274252514990662,-3.3723684428832645,0.018124814191500065,0.04977492182928464,0.03273978664837319,0.042859018056459426,-0.26610911586038416,4.280211829142622,1.431114127592229,4.373855362248902,3.9701462673283396,-0.17736414154014318,12.034200213404176,-0.010000000000000675,0.0,0.03,4.75,0.012602739726027396,-5.517042933278125,-5.529645673004152,0.012602739726027396,0.0,-0.012602739726027396,,,
2024-11-18,0.6110530912905331,0.6080195214940063,1.284257136496237,0.6604482405710447,0.018114118700587854,0.009937375028633032,0.010931701816734949,0.2247853035582938,0.1774725571756016,-0.5763697278361138,3.3220493957315993,7.996433319812864,3.779658667845491,1.884162282592499,-3.5312589480033365,0.03000000000000025,-0.009999999999999787,0.010000000000000009,4.75,0.012684931506849316,-6.616203208931203,-6.628888140438052,0.012684931506849316,0.0,-0.012684931506849316,,,
2024-11-19,1.8084788152691107,2.099419045481596,0.191470101189771,1.0870550611554883,0.01813306704603442,0.009944518458308464,0.0327076532935364,0.2136008896060281,0.5084543146716247,1.9697543183651733,-3.053528608605521,1.8392927742014409,-5.113709408800349,0.8919428494708019,4.8239885129057125,-0.009999999999999787,-0.03000000000000025,-0.010000000000000009,4.75,0.012657534246575343,14.956351269499368,14.945433735252793,0.012657534246575343,,,,,
2024-11-20,-0.28332668036937864,-0.4275488284639177,-0.7680319819597479,-0.6739022798799378,0.018129779560948984,0.019886070604842987,0.010926932593873935,-0.1494517796246993,-0.3202455906016387,2.138144499843257,-1.2677646434410246,-6.56442544924346,-3.274572716975889,0.5616245032295766,4.835316449300409,0.0,0.020000000000000462,-0.01999999999999999,4.75,0.012657534246575343,-0.9222774761662935,-0.9349350104128689,0.012657534246575343,,,,,
2024-11-21,-0.03138328468844749,-0.2798276747322818,1.5718820382380694,1.4571429238995248,0.0,0.0,0.010925738745764448,-0.05347217856314096,-0.07744354435100871,4.320463738221239,8.986459438020718,5.120758986482012,7.598369096004906,0.8304918886222052,-1.70441388627829,0.009999999999999787,0.019999999999999574,-0.010000000000000009,4.75,0.012684931506849316,-0.12735371919813426,-0.14003865070498359,0.012684931506849316,,,,,
2024-11-22,0.12892051302599272,0.317079412106124,0.041647389370578394,-0.6032112807933078,0.036212673297993714,0.02981356627119709,0.03270764680966794,0.06412482953595992,0.055322936617001425,0.49917220950611746,-0.8801683663305196,6.3530212599752405,2.0875246093228337,1.2809813332372295,-10.161341106495819,0.0,-0.019999999999999574,-0.049999999999999996,4.75,0.012684931506849316,0.006175288561179042,-0.006509642945670274,0.012684931506849316,,,,,
2024-11-25,-0.5873203588408858,-1.010678474756458,0.9713465225001454,-0.3932071705350203,0.01811252667590115,0.009962967187886326,0.010894228993559003,1.0732792524027108,2.454153141605302,-6.139739949660542,2.4298113535974144,11.980279627196136,4.782906804144054,-2.9901483187306006,-4.290198039765296,-0.009999999999999787,-0.14000000000000057,0.019999999999999997,4.75,0.012657534246575343,-0.11411062652831679,-0.12676816077489214,0.012657534246575343,-0.4652597258228123,-0.4779172600693876,,,
2024-11-26,1.151027033839727,1.6233194288219672,-1.3049837073857202,-0.9235687078724738,0.00905503324789055,0.019857962011113894,0.0,-0.21161202554459366,-0.3889661146433604,-1.2069852534281011,-2.5825120704148308,-2.484753956795171,0.16515397060105277,0.19364331609546426,-3.484673040364113,-0.009999999999999787,0.03000000000000025,0.03,4.75,0.012630136986301369,-1.0692964797539186,-1.08192661674022,0.012630136986301369,0.034032986925143005,0.021402849938841638,,,
2024-11-27,-1.456147184617971,-1.5293093860561222,-1.3504534901371705,-1.3217624804170462,0.01812981388446469,0.01989463324663378,0.03269339110121452,0.40169106609725574,0.6904714901137973,4.232881330495688,9.478538754645882,21.986325440560655,14.71517300907274,0.22202481870022991,0.0,-0.010000000000000675,-0.04999999999999982,-0.03,4.75,0.012602739726027396,-0.08119585303113948,-0.09379859275716687,0.012602739726027396,-0.09107067771653082,-0.10367341744255822,,,
2024-11-29,0.7879642012424872,1.0655296740280003,1.3272376880678423,1.6154270834612996,0.04524726887748353,0.03972867930926106,0.021795597304356654,0.42111162543780345,1.026854012122601,1.5499852904074698,-1.758620329386295,-7.271254655759431,-5.532277744637207,0.8587567442534243,-4.274465552494485,-0.019999999999999574,-0.07000000000000028,-0.009999999999999995,4.75,0.01254794520547945,0.7117161135145454,0.699168168309066,0.01254794520547945,0.35609894158946925,0.3435509963839898,,,
2024-12-02,1.2484046341770556,1.2197524414861658,2.5937441120857727,2.3429582100214605,0.01454523073622356,0.017950691180260797,0.02733134470569408,-0.008434536345514053,0.23999585724738662,-1.6513538643168193,1.401135195246405,10.300311674506911,16.70549456248232,-0.8792948302694101,-1.2663116987917826,-0.07000000000000028,0.010000000000000675,-0.030000000000000002,4.75,0.012356164383561644,0.11205073392930857,0.09969456954574693,0.012356164383561644,-0.17432320241275714,-0.1866793667963188,,,
2024-12-03,1.0409293470244465,1.2232046412801683,-0.5670586715366962,0.2216482203870824,0.027212986835392146,0.00996039101565887,0.021865041835314205,-0.2849460402981027,-0.8666340945530407,0.14266034685602644,-0.6465846852198673,8.206628087152044,2.5029275484511158,0.20107532444556664,-0.30030023571751024,-0.019999999999999574,0.040000000000000036,0.039999999999999994,4.75,0.0123013698630137,1.149308997031854,1.1370076271688403,0.0123013698630137,-0.1557133379910454,-0.1680147078540591,,,
2024-12-04,2.2155756038848393,2.011921519290013,1.3151808582278162,1.6805104905588502,0.0,0.01993403755679415,0.010935180570502998,0.3797678897388173,1.0688071713923026,2.8408310872006197,5.914833494591177,3.268087881226904,5.978245680148006,0.302908748607766,1.1215042298142144,-0.020000000000000462,-0.040000000000000036,0.0,4.75,0.012246575342465753,1.991526038567368,1.9792794632249024,0.012246575342465753,0.2388843160553155,0.22663774071284973,,,
2024-12-05,0.14393160524156834,0.4081992446644424,-1.908358845596123,-1.7288315961965242,0.02723515868004477,0.00998987339292633,0.010925081509344079,-0.010542741813776941,0.2018174544320277,-2.2266865312221884,-0.7925135362202099,-4.0117953836529034,-2.5469015789969243,-0.742520820917337,0.666917279995779,-0.009999999999999787,-0.020000000000000462,-0.039999999999999994,4.75,0.012219178082191782,-0.05772810497611226,-0.06994728305830404,0.012219178082191782,-2.115036430565602,-2.127255608647794,,,
2024-12-06,1.1586234925479004,0.969425499202994,0.6022828455874705,0.12477252633564273,0.045395162110713295,0.04979651921558053,0.04371509276869112,0.31538140068669807,0.14840938607794799,3.3864801767809163,4.9852143782161304,15.678303620203204,12.262306830784283,0.037050015179735336,-5.854955877552485,-0.040000000000000036,-0.019999999999999574,0.030000000000000002,4.75,0.01210958904109589,-4.5751181783579735,-4.587227767399069,0.01210958904109589,-0.13164538921388527,-0.14375497825498115,,,
2024-12-09,-0.9419696219939291,-0.5981723731171144,-0.4833583832669002,-1.0269303734886976,0.0181197842379126,0.009959572901524584,0.010901316885416748,-0.3469648915468431,-0.9259643964848565,-2.5214905161649552,-7.437437250663677,-8.91637234942914,-7.9812680956855715,0.9870874002918593,10.54387557094042,0.0,0.04999999999999982,0.020000000000000004,4.75,0.01210958904109589,0.09995005614539701,0.08784046710430111,0.01210958904109589,0.1442700109537783,0.13216042191268243,,,
2024-12-10,-0.25469896674696585,-0.3004299718302918,-2.405632302666438,-2.5477251656611,0.0,0.01991617050414385,0.021843552295091884,-0.17923044290230541,-0.47159614043815573,-0.7802793553987951,-2.3633887951846235,-5.353417777415486,5.320948255073227,1.3078415980993927,-0.07049189751089158,-0.009999999999999787,0.019999999999999574,0.0,4.75,0.012082191780821918,0.0,-0.012082191780821918,0.012082191780821918,-0.4196694313784994,-0.4317516231593213,,,
2024-12-11,2.9039856523945766,2.9644729693922014,2.4833120409267124,2.417597584275336,0.018175603867987528,0.0,0.010915539312994505,-0.29590363612632176,-0.9499261816849812,4.547294957076327,5.386366878061331,11.63884920888972,9.534044982411096,0.9488652360594871,-4.323442611310599,-0.03000000000000025,0.040000000000000036,0.039999999999999994,4.75,0.012,4.552598065068778,4.540598065068778,0.012,-0.004954036466338592,-0.01695403646633859,,,
2024-12-12,-0.5124608428254596,-0.499528924353326,-0.7795049023959449,-0.9731857206374537,0.009042240567006444,0.009956597997607694,0.021845292190725948,-0.38172384899730893,-1.2221910339056867,-1.1232138149604487,1.3032853981372694,3.1109461740595123,18.052079111284545,-1.477229774782158,2.472854387472099,-0.03000000000000025,0.0600000000000005,0.030000000000000013,4.75,0.01191780821917808,1.8802489251560663,1.8683311169368884,0.01191780821917808,-0.6224041428081383,-0.6343219510273164,,,
2024-12-13,1.3907698287095878,1.7460225425652849,2.7513440423214264,2.483586198861865,0.027232593660678272,0.04976002179642545,0.03273232073766129,-0.4685186476665997,-1.0263260543277082,1.4057223472297038,0.72113869709226,-1.110307489010834,2.3779509247817625,-1.2165276223374422,-0.7933662580970936,-0.009999999999999787,0.08000000000000007,0.009999999999999981,4.75,0.01189041095890411,0.002700834034570859,-0.00918957692433325,0.01189041095890411,-0.04318139902882042,-0.055071809987724527,,,
2024-12-16,2.6332091435410203,2.794456386731137,1.8370316105205033,1.4958308051565867,0.02718088095413816,0.009942551588628334,0.010899503301035575,0.03201348899369791,0.2990482123384808,4.40621033461418,1.931409937641713,-7.258562202359195,0.35012427018692766,0.241229791280552,6.177396381481069,0.03000000000000025,-0.010000000000000675,-0.009999999999999981,4.75,0.011972602739726028,0.019303084485332796,0.007330481745606769,0.011972602739726028,-1.295996676393503,-1.307969279133229,,,
2024-12-17,-1.1753702512925908,-1.7310637022670203,-1.424572749046898,-1.3076168131693646,0.0,0.0,0.010933870804724017,0.0,0.24300808308281402,0.10452246330361938,-2.5582213898984483,0.06286699370440811,-4.851541454806792,-0.3846011153453628,7.726356570616974,0.009999999999999787,0.010000000000000675,0.009999999999999981,4.75,0.012,-3.072847569620517,-3.084847569620517,0.012,-0.2690830283988361,-0.2810830283988361,,,
2024-12-18,-4.3307168754009,-4.56888629239408,-3.7687001318268005,-3.24044987576751,0.015459014263924707,0.021980307499247884,0.0,-0.775924697691866,-1.2582970487618026,-5.917915465377018,-7.1437414597911975,-9.381428413570694,-5.9747591057400555,-1.937149963953233,32.7940117732102,-0.019999999999999574,0.09999999999999964,0.0,4.75,0.011945205479452055,-0.06130681030818463,-0.07325201578763668,0.011945205479452055,0.38376286756112804,0.371817662081676,,,
2024-12-19,0.36029157644965487,1.3441707927625162,-1.6933669666821047,-1.2977022154061193,0.027265234434023098,0.01995876221799555,0.014238907741622871,-0.4541593525023825,-1.5257336209116494,-2.5825905125142588,-5.710555070104135,-14.723390578199997,-7.40983471895536,0.14200879312810089,-13.674335540527865,-0.010000000000000675,0.07000000000000028,0.1,4.5,0.01191780821917808,0.11525124570767879,0.10333343748850071,0.01191780821917808,-0.22897796813098753,-0.24089577635016562,,,
2024-12-20,1.241612925342708,0.9148291969554679,1.3355721978824395,1.5947935143663126,0.02730207012398829,0.019954779490986237,0.043788377728969576,0.36781001455929135,0.5677947188403705,0.2714273553183173,1.5855679498072084,6.843747414590133,4.249307895454489,1.037999743966833,-20.00419373016803,-0.009999999999999787,-0.05000000000000071,-0.03,4.5,0.01189041095890411,0.7499210135344828,0.7380306025755787,0.01189041095890411,-0.04164990330783464,-0.05354031426673875,,,
2024-12-23,1.272385764814996,1.5683890726727032,2.980911593822079,3.0891082881872376,0.00909657475484538,0.019950798353162918,0.0,-0.4436924525508147,-0.9214466530328418,-3.1905147003256,-1.6482740680304242,4.120409324805822,15.277092122641655,-0.47199166802106857,-8.998667647636225,0.020000000000000462,0.07000000000000028,0.06999999999999998,4.5,0.011945205479452055,-3.1987270774318204,-3.2106722829112724,0.011945205479452055,0.30284216796665514,0.2908969624872031,,,
2024-12-24,1.4393945778982726,1.4441907115880184,1.0249089169145025,0.8589896890295243,0.027262634714521818,0.029934923739734106,0.021922527581114664,0.05421263837520836,0.42200693534353684,4.127399406827944,2.208144833314073,2.264812128369673,-2.2784853801585307,0.1990032656870636,-16.202827839204232,0.040000000000000036,0.0,0.010000000000000009,4.5,0.012054794520547946,1.2835090293331144,1.2714542348125664,0.012054794520547946,0.117686988641542,0.10563219412099406,,,
2024-12-26,-0.12039907653866354,0.03333965331762066,-0.03130795437519975,-0.17519176168845188,0.01818570932742555,0.009987107413395325,0.021882203497314807,0.07584132686034761,-0.05695925573980349,-2.962683173406661,-4.714854699194671,-9.782108502916708,-10.705363839060833,0.6728492701914919,3.1726735830086663,-0.05000000000000071,-0.009999999999999787,-0.019999999999999962,4.5,0.01191780821917808,-7.8056600951034305,-7.817200643048636,0.01191780821917808,-0.4118285514003359,-0.423746359619514,,,
2024-12-27,-1.6448048579691035,-2.771382810912716,-0.8491245711643255,-1.0133680681946877,0.0272649925969383,0.029922977282755236,0.04376779912249591,-0.2602860956992988,-0.8232298692112753,-1.716880486495554,-0.06933298713642455,0.6246893690052024,-4.249357251647323,-0.6894214453703702,7.957261787497987,-0.040000000000000036,0.040000000000000036,0.02999999999999997,4.5,0.011808219178082191,0.1136277139531038,0.1018194947750216,0.011808219178082191,-0.005584209774710723,-0.017392428952792915,,,
2024-12-30,-1.1900113007449815,-0.20583014047151127,-1.9867614539931304,-1.517083761194412,0.027264930712817843,0.0,0.0,0.5847354586609197,0.8004650379722484,-1.629139565341782,0.8219736227680584,0.005328133916149012,-0.4912857304417152,-0.3194779040875952,8.701136702438074,0.0600000000000005,-0.07000000000000028,0.0,4.5,0.011972602739726028,-0.0023004335488316504,-0.014273036288557677,0.011972602739726028,-0.571052925842252,-0.583025528581978,,,
2024-12-31,-1.2185141278472023,-1.522522577617591,-0.827222638764787,-1.0229567531389518,0.009071920103152555,0.02988976200840634,0.021876718080775938,-0.18374232958205228,-0.536766009072706,0.8448290052872479,-0.7134462860039393,-0.7704850843797423,-4.137890136764898,0.6214287831739849,-0.2877655917339942,0.0,0.03000000000000025,0.020000000000000018,4.5,0.011972602739726028,0.11985211164842229,0.10787950890869626,0.011972602739726028,0.37272446044672336,0.36075185770699736,,,
2025-01-02,0.30236127593043893,-0.50686277308599,0.6152949366049861,1.07607602616673,0.018119267938299453,0.01995928248313769,0.021863061194260756,0.0540923837438435,0.2744617999446064,3.634009715049241,3.5045498542821316,8.226013922121265,7.616779784674561,1.3496228917030741,3.2882776257846205,-0.009999999999999787,-0.009999999999999787,-0.010000000000000009,4.5,0.011945205479452055,5.235576816376407,5.223631610896955,0.011945205479452055,0.02856116961353111,0.016615964134079054,,,
2025-01-03,1.4255809718122092,1.7370594927427079,2.572471487887256,2.8552149632562625,0.027257455230043453,0.02986678417819827,0.010947480493546538,-0.162294779087456,-0.32025220011176414,1.251903875349227,4.354668421094001,5.662272778496801,5.005848261341032,-0.7895124609843704,-10.579446452967472,-0.020000000000000462,0.02999999999999936,0.0,4.5,0.01189041095890411,0.4071398202345036,0.39524940927559954,0.01189041095890411,0.07383432616646694,0.06194391520756283,,,
2025-01-06,1.7791356477858937,1.977898843164607,2.8536712953002583,3.2613062219861337,0.018162600398138398,0.0,0.010919671897326653,-0.0975016906844299,-0.44780820869199905,3.9674969248648586,2.292557373514331,-0.7604402328512301,-2.6912777911085315,-0.12328556129919187,-0.5595180591635829,0.009999999999999787,0.020000000000000462,0.020000000000000018,4.5,0.01191780821917808,0.09995008258438787,0.08803227436520979,0.01191780821917808,-0.29972144452086436,-0.31163925274004245,,,
2025-01-07,-2.2071986521405287,-2.184757960905712,-1.372365379798213,-2.407421105673509,0.018151938995388476,0.019949341026591648,0.021862371712709817,-0.4562808785036838,-1.1341298846879448,-5.182428297869528,-8.690776855318221,-10.641211794736021,-10.550583207114107,0.5617626735063329,10.523574540106704,0.0,0.04999999999999982,0.02999999999999997,4.5,0.01191780821917808,-0.8339801000571893,-0.8458979082763673,0.01191780821917808,-0.09596672036352964,-0.10788452858270772,,,
2025-01-08,-0.22995552655192464,-0.2591820472551471,-1.0014836293631857,-0.7150353100692269,0.0,0.019913038919977713,0.021866459332783073,0.17404378348089172,0.12793127985330252,-1.9578857696565648,-1.647288739964766,-3.298229466276291,-4.355841762076354,0.5301603121984867,-0.6756722233491995,0.0,0.0,0.020000000000000018,4.5,0.01191780821917808,0.9151091706291301,0.903191362409952,0.01191780821917808,0.4642951212760744,0.4523773130568963,,,
2025-01-10,-2.0029049676093966,-1.5693394529549796,-2.4178462774113414,-2.022454256937354,0.027225412594877235,0.03982226348189649,0.03277299984501249,-0.7308924358664293,-0.6647544456303697,-0.3605583549876471,-1.784729434772231,6.194421572846023,-2.550937363714779,0.951291837494955,9.889901078493853,0.010000000000000675,0.09999999999999964,-0.020000000000000018,4.5,0.011945205479452055,12.779776410450685,12.767831204971232,0.011945205479452055,0.08029330592627154,0.06834810044681949,,,
2025-01-13,-0.7802140379474404,-0.8117265296399362,-0.3075304102172419,-1.0329068928537914,0.0181363448799282,0.019909224502128658,0.01092785511797039,-0.1753572062124984,-0.03509718340674058,-0.1954674177796992,-4.123352994151229,-7.830129042816745,1.4238867360643204,-1.0001100303675396,-1.8074355619041127,0.009999999999999787,0.020000000000000462,0.020000000000000018,4.5,0.011972602739726028,-2.0200802225081733,-2.0320528252478995,0.011972602739726028,-0.05741400189053894,-0.06938660463026497,,,
2025-01-14,-0.3645344068496738,-0.586404201208946,0.6552401302331656,0.32648279193601115,0.009089016694976255,0.009981389078474392,0.021834407550642674,0.03289679611318701,-0.16402347781404675,2.1121093071559582,2.77364087279762,3.105435393317764,1.7699328181538843,0.5235693007988215,-2.533124649612117,-0.009999999999999787,-0.009999999999999787,0.019999999999999962,4.5,0.011945205479452055,0.5088755170503326,0.4969303115708806,0.011945205479452055,0.1213721727304608,0.10942696725100876,,,
2025-01-15,2.7272079805091836,1.6964518560574076,1.922395693692516,2.323673964096613,0.018131408314093492,0.009923872440438172,0.010915416255429723,1.047120634167284,1.7088553532507453,4.030666140622702,6.800506244582687,8.935159744336419,7.844220881290232,0.7461090407550895,-14.899730221337663,-0.010000000000000675,-0.1200000000000001,-0.019999999999999962,4.5,0.01191780821917808,-1.5863213696239893,-1.5982391778431673,0.01191780821917808,-0.400406267801035,-0.4123240760202131,,,
2025-01-16,-0.9263833625811297,-0.10519175993532373,0.1477408637029187,0.42898960516068624,0.009071828692994957,0.0,0.0,0.2384387454196826,0.32220542406207403,-0.7466135920999606,-4.208191502412489,-3.0022684235968797,-3.442541874628629,0.6887194609051467,2.9341929202495187,-0.009999999999999787,-0.04999999999999982,-0.010000000000000009,4.5,0.01189041095890411,0.05688071728189519,0.044990306322991086,0.01189041095890411,-6.105891240881705,-6.120233479877698,,,
2025-01-17,1.4007333296909585,1.669899480726931,2.7357817425974407,2.3348891929924416,0.04529532585262331,0.04974986126354699,0.05456807107965707,0.0757346474295948,0.17221578667055842,4.608745388695783,4.888938944737178,6.07441464841898,8.225454971005487,-0.5321403332684962,-3.8690739395028566,0.0,0.0,-0.03999999999999998,4.5,0.01189041095890411,0.0,-0.01189041095890411,0.01189041095890411,0.1423833029775122,0.1304928920186081,,,
2025-01-21,1.0687638589694899,0.7047727312739972,1.1726844429285939,1.5903872790953093,0.01814032683814265,0.009942161162875997,0.0,0.3347884568359132,0.8906048098777091,1.599426451162666,-4.314442214941364,-10.587460616417676,9.934641738794141,1.5366546556984286,-5.866972871283094,0.020000000000000462,-0.040000000000000036,-0.06,4.5,0.011945205479452055,0.01717814479507902,0.0052329393156269645,0.011945205479452055,3.892143899668065,3.880198694188613,,,
2025-01-22,2.7364955935759134,2.837070169862347,1.4351321262785213,1.8053307400948773,0.0,0.019865221557297752,0.0218507632699947,-0.25908483516427444,-0.5242710762123156,-2.376854699304226,-2.6550445302571024,-4.681846846161139,-6.676807738897041,0.512251021306857,0.265251884903248,0.0,0.02999999999999936,0.02999999999999997,4.5,0.011945205479452055,0.15438490672983174,0.1424397012503797,0.011945205479452055,-0.171427252173138,-0.18337245765259005,,,
2025-01-23,0.5944638409176662,0.6803309051540237,-0.1867677799943845,-0.11985449216324745,0.018129685527542225,0.009955332512700237,0.0,-0.259749043158552,-0.7801132759851436,0.2958402684215798,2.87443006707829,-0.5191052019723661,-2.477296641380643,-0.1415871825765405,-0.53120922708438,0.0,0.05000000000000071,0.04999999999999999,4.5,0.011945205479452055,-0.0169801115329292,-0.028925317012381255,0.011945205479452055,0.03714884090213888,0.025203635422686825,,,
2025-01-24,-0.21392676433344784,-0.6636850690308471,-2.0300757838229146,-2.013770170251273,0.036227467879776515,0.02981972879044691,0.043625266473878405,0.20571218870981756,0.44816837545521004,0.8231811162781291,-0.7573233345215727,-2.715578909869918,-0.8941595376073572,0.6199449222330092,-1.13827858760249,-0.010000000000000675,-0.020000000000000462,0.0,4.5,0.01191780821917808,1.0872844031830202,1.0753665949638422,0.01191780821917808,1.76130064352566,1.749382835306482,,,
2025-01-27,-3.7393426774260745,-3.4205848780632224,-8.04764082351736,-7.583515654420385,0.018097792717541132,0.0,0.01091882728986851,0.6467582084119139,1.173978024380368,-2.640754887237626,-4.027207311867936,-12.670239588431048,-9.514447399909209,-1.0459313683880305,18.680080059864572,-0.02999999999999936,-0.09999999999999964,0.0,4.5,0.011835616438356166,-0.11677005638737084,-0.12860567282572702,0.011835616438356166,0.7958704666244386,0.7840348501860824,,,
2025-01-28,3.3952169316851166,3.6035381271847062,0.44595329984261806,1.9485786491820867,0.00905868807233039,0.029835026235444435,0.0,0.010731313783552243,-0.06801420630270116,-0.7425167615395996,-3.254997236383924,1.6521529035491156,-6.785263341607732,0.8619165823801737,-8.690979573202155,-0.010000000000000675,0.019999999999999574,0.0,4.5,0.011808219178082191,0.10779854897563243,0.09599032979755023,0.011808219178082191,-1.930601248474496,-1.9424094676525783,,,
2025-01-29,-0.996301945991859,-0.7003563535181369,0.41133655833440397,-0.38334918304864846,0.009065213417793167,0.0,0.010908788340386933,-0.1182386425452248,-0.20430202167321057,2.31261207465303,1.1594904629125802,4.922336630025502,2.1498308276495015,-0.38478030414185466,0.909922090372748,0.0,0.0,-0.019999999999999962,4.5,0.011808219178082191,-2.219617377926772,-2.231425597104854,0.011808219178082191,0.03979495014001071,0.027986730961928517,,,
2025-01-30,-1.1053863639982124,-1.5514614411262893,2.0133541453739947,2.3273209735427236,0.009035010893695145,0.01986357823579285,0.010889906637548763,0.2148992033765409,0.3742555110218458,0.9903181107726793,4.238511728102197,2.0518872302013014,8.20971982866958,1.5031970539815969,-4.445172068790335,-0.009999999999999787,-0.03000000000000025,0.0,4.5,0.011780821917808219,-0.7747464855761076,-0.7865273074939159,0.011780821917808219,-0.119124821393503,-0.13090564331131122,,,
2025-01-31,0.2923591274045431,-0.06800563970844381,-0.27924813317918484,-0.6342231824975256,0.036197965590782796,0.019859633401967437,0.03270682140612701,-0.161152880796136,-0.6587268852324145,-2.2500491172309003,1.5424919053598833,-1.7504546013003541,5.21088882872691,0.1974448600582322,3.65705546041249,0.009999999999999787,0.0600000000000005,0.019999999999999962,4.5,0.011808219178082191,0.010798450013132753,-0.0010097691649494384,0.011808219178082191,0.4577547262940655,0.4459465071159833,,,
2025-02-03,-0.803012618340784,-0.23837809813409896,-1.818103866828868,-2.0066987830994565,0.011828143911145192,0.022941671083457803,0.02842625591904535,0.07117267802925911,0.8109140739911598,-0.9809208513730522,-13.402193324855288,-16.434754333336567,-17.373589730406426,0.5323078655223504,12.512736629705268,0.03000000000000025,-0.040000000000000036,-0.07999999999999996,4.5,0.01189041095890411,2.2228209750639416,2.2109305641050376,0.01189041095890411,11.646432392354633,11.63454198139573,,,
2025-02-04,1.5000852403160891,1.4722305711539376,1.0218316212373628,1.1202616135248715,0.00906656219083814,0.019931692528518886,0.0,0.24754638867479822,0.30582040671040445,-3.546789334061943,-5.32244994273533,-9.286535898378508,-1.4311808593744144,0.9800237486044681,-7.87457598944896,-0.009999999999999787,-0.020000000000000462,0.02999999999999997,4.5,0.011863013698630137,0.032384305799265066,0.020521292100634927,0.011863013698630137,-0.08323866747954946,-0.09510168117817959,,,
2025-02-05,0.4606685166769038,-0.016796844386041006,1.91772429856003,2.320970630897621,0.00907308058724301,0.0,0.010961622486695886,0.5788555295804393,1.6375088178383896,-1.2920048753753386,1.9095058966454466,2.044961034062425,-4.871188236053168,0.619034264242983,-8.738112702359498,0.0,-0.08999999999999986,-0.04999999999999999,4.5,0.011863013698630137,-0.1283215173691478,-0.14018453106777792,0.011863013698630137,2.3115873248465766,2.2997243111479464,,,
2025-02-06,0.6887153641932426,1.1193804527987543,-0.1315401268366418,0.48840898028894436,0.018195065018650133,0.019919666539929624,0.021866615325127643,-0.11764628945349315,-0.04449117825315451,-0.022926951799646017,-3.629869234094331,-3.313179310793271,-7.169167122193754,-0.26537744373774835,-1.7269406077245502,0.009999999999999787,0.020000000000000462,-0.020000000000000018,4.5,0.01189041095890411,-0.13308113035241909,-0.1449715413113232,0.01189041095890411,0.003414360121268669,-0.00847605083763544,,,
2025-02-07,-1.3614774626173782,-1.2034198498875528,-1.5692277406631632,-1.3580856944318307,0.027202016008094267,0.029876087739995432,0.021835327870951434,-0.332259731701398,-0.6476304566606355,-0.06649766736617645,-2.492862374382788,0.4161468899243904,-1.641474053365231,0.1782570144409176,6.494172102266113,0.009999999999999787,0.040000000000000036,-0.03999999999999998,4.5,0.01191780821917808,0.010770077102533948,-0.0011477311166441326,0.01191780821917808,0.0786759515241634,0.06675814330498532,,,
2025-02-10,1.5115881353246516,1.1369463543712413,1.2964901758261622,1.8681543517309163,0.009053467333771577,0.01991780089588179,0.010946797734659114,-0.021477147985000562,-0.3029201579953865,0.9367336465827645,1.474672941496543,4.863777400931963,5.803708968993577,1.6796386802506562,-4.5139067185260915,0.0,0.019999999999999574,0.03,4.5,0.01191780821917808,0.0108138089040173,-0.0011039993151607808,0.01191780821917808,-0.031146774974808004,-0.04306458319398608,,,
2025-02-11,-0.16816629724975526,0.19930073015857877,0.0909905338076615,0.10010102562533925,0.0,0.0,0.010919098326553033,-0.25808621000611065,-0.6424670249292278,-1.749792436938306,-2.2183787478293966,-0.9577966027685458,-3.2857039518557536,-0.3658285589870855,1.3195292452123142,0.0,0.03000000000000025,0.01999999999999999,4.5,0.01191780821917808,0.03240837662789218,0.020490568408714098,0.01191780821917808,-0.705280751062892,-0.7171985592820701,,,
2025-02-12,-0.07043392952388501,-0.16606162892648227,0.10908505702065874,-0.5457666613532026,0.0,0.009965462195600903,0.010953237284395831,-0.6914165459225291,-1.366342876180528,2.2088315919347465,5.0245793953977245,5.955254997801703,3.584697289982134,0.10466070727148269,-0.8147968059884936,0.0,0.08000000000000007,0.010000000000000009,4.5,0.01191780821917808,0.010798860121600364,-0.0011189480975777166,0.01191780821917808,-0.05024299004029792,-0.062160798259476,,,
2025-02-13,1.483030967747485,1.435554317410726,1.2190318855609972,1.3628457542321577,0.02724349739731322,0.019903802645749355,0.02183222929686058,0.7452438109400205,1.648643352962119,-1.2976316589520154,-2.2539920715982804,-0.7665475340065477,1.4029788407388208,0.9814510830150674,-5.099523307106497,-0.009999999999999787,-0.10000000000000053,-0.05000000000000002,4.5,0.01189041095890411,0.9117613481003193,0.8998709371414152,0.01189041095890411,0.7201534754293335,0.7082630644704294,,,
2025-02-14,0.30097135614718523,0.47397475186559446,0.10317113975375337,0.2616478404102716,0.04536001786585555,0.03978767995013271,0.03273058147545031,0.418797156298257,0.528607411943665,0.9118577917229297,1.8582178249458774,1.9179016591334925,2.451898569773188,-1.4983466926549196,-2.2096641547685265,0.0,-0.04999999999999982,0.0,4.5,0.01189041095890411,1.366634822133993,1.3547444111750888,0.01189041095890411,3.759759362301928,3.747868951343024,,,
2025-02-18,-0.6521299421857564,-0.5887189552569276,1.6406439157890518,1.430841626993588,0.0,0.01990801217994861,0.02185562567294064,-0.537250184054619,-1.1848289517774244,-2.040409578005275,-2.1038091254467597,-4.58368528975252,-5.281708272519616,1.6425269144477919,3.8517371348564895,0.0,0.08000000000000007,0.05000000000000002,4.5,0.01189041095890411,-0.03108750571463916,-0.04297791667354327,0.01189041095890411,0.07200159438253625,0.06011118342363214,,,
2025-02-19,-0.15609369195693765,-0.5427228672145895,1.6488862303481744,0.43617390150261437,0.027201740434073248,0.0,0.010917196780068273,0.16146443365819943,0.12478652785484635,1.140703518992484,1.7245063069150381,-1.7512633838865002,1.4932330287573705,0.05539429240083393,-0.5225349676138725,0.0,-0.019999999999999574,-0.010000000000000009,4.5,0.01189041095890411,0.043014419872854565,0.031124008913950455,0.01189041095890411,13.664608196610061,13.652717785651157,,,
2025-02-20,-1.042121052292563,-0.9444187487217833,0.23397425400864622,0.17858605654652554,0.009058274391723253,0.019920132157972996,0.02181317238354941,0.20418854852712484,0.37340957706708505,1.7421911358032411,0.9023070046993532,-1.0250085998640401,3.3889752303518788,0.05166991544363621,2.521953161034285,-0.009999999999999787,-0.03000000000000025,-0.03,4.5,0.011863013698630137,0.3449729100013804,0.3331098963027503,0.011863013698630137,3.124350274072433,3.1124872603738027,,,
2025-02-21,-2.9859989679491985,-3.9387194379831203,-3.1164069750776053,-3.0763084921829145,0.03624687170460455,0.03976405960308299,0.03274612064483084,0.5886391358209356,1.2012698524671315,-2.271409470424543,-2.990234984371903,-6.82813000645162,-7.655803122512605,-0.09229691054979344,15.086116264458116,-0.009999999999999787,-0.08000000000000007,0.010000000000000009,4.5,0.011835616438356166,-1.805768021759548,-1.8176036381979042,0.011835616438356166,9.080478926267944,9.068643309829588,0.01780821917808219,,
2025-02-24,-1.9665760670520098,-2.064454544149626,-2.376438097685542,-2.6632638121534153,0.018114847965571577,0.009942563418854572,0.010918870597448858,0.2131889392208972,0.28972080870607864,-5.021084130463625,-5.639258838773664,-9.108379874936205,-14.11773328906269,0.5414881156990401,4.1414925600129795,-0.010000000000000675,-0.019999999999999574,0.04000000000000001,4.5,0.011808219178082191,0.010742636281781877,-0.0010655828963003142,0.011808219178082191,0.06272924800913751,0.05092102883105532,0.01780821917808219,9.82170934828357,9.803901129105487
2025-02-25,-1.574150562362902,-1.5857782453355669,-2.083555353028665,-2.1467797166182057,0.01811156708274185,0.009941574971464036,0.0,0.7848886025235015,1.7100002890786694,-2.9776669354997205,-0.8079567833921198,4.254301465609532,-2.644745980696213,-1.3276072540975699,2.343251003220151,-0.009999999999999787,-0.10000000000000053,-0.04000000000000001,4.5,0.011780821917808219,0.01963710368466598,0.007856281766857761,0.011780821917808219,0.019158334645385564,0.007377512727577345,0.01780821917808219,-3.5555852607640284,-3.5733934799421108
2025-02-26,1.562705177958744,1.8153202682377512,1.7263019489442748,2.3109756388095923,0.0,0.0,0.021825347833877934,0.27434258268816486,0.5889505024336947,-5.07280862209709,-6.723293096623037,-5.404327398021931,-1.457539761539786,0.15251697060953887,-1.7129924070949658,0.009999999999999787,-0.04999999999999982,-0.03,4.5,0.011808219178082191,-0.7767293526448262,-0.7885375718229084,0.011808219178082191,-1.5310461465986893,-1.5428543657767715,0.01780821917808219,-2.3781730076835665,-2.395981226861649
2025-02-27,-3.539120853048826,-3.6642046481089006,-5.999096380769721,-6.362578477599554,0.009080181967216121,0.029802728098251602,0.010871214080639017,-0.11597191324173284,-0.7093617248713919,0.42259806609508904,-1.1200727179471914,-0.14885963718789763,0.752238848046471,-1.5357280506670756,10.100543688551946,0.010000000000000675,0.040000000000000036,0.01999999999999999,4.5,0.011835616438356166,-2.853168071447297,-2.865003687885653,0.011835616438356166,6.144426576948076,6.13259096050972,0.01780821917808219,0.27880034465217324,0.26099212547409106
2025-02-28,1.7447111709535754,1.579121556240785,1.580618404569472,1.7246343681208036,0.0362026890361929,0.019882294472631092,0.02182702811815866,0.5470190025117858,1.2191629911586535,-0.3917962993897036,-2.9750512811404644,-4.759621875729408,-5.53505747607396,-0.6285532695668532,-7.363482637456453,0.0,-0.04999999999999982,0.03,4.5,0.011835616438356166,2.5693412580207835,2.5575056415824275,0.011835616438356166,5.093259022206889,5.0814234057685335,0.01780821917808219,2.1415692983402663,2.123761079162184
2025-03-03,-3.008704936483521,-2.7013863300968786,-3.5984241204427203,-4.283421067016762,0.016365609508740137,0.02293002060938463,0.020764752876210858,0.36233128742493903,0.46557976635169085,1.9863093489824883,-4.213317874313063,-4.935498843645567,-6.3050440336891524,1.309428477593445,14.882402262573164,0.02999999999999936,-0.08000000000000007,-0.04999999999999999,4.5,0.01191780821917808,-1.922755074905327,-1.934672883124505,0.01191780821917808,2.8147538816711433,2.802836073451965,0.01780821917808219,2.7809325604636883,2.763124341285606
2025-03-04,0.13976750432363183,-0.16665155970017256,0.5552645096846739,0.9905446701325834,0.009089221916169949,0.009957460772213066,0.0,-0.31499137627984825,-1.2391444147799893,1.3348200634372371,1.1327039159087922,-0.9894113871054491,13.136136084658428,0.8660029400338732,3.1542884125980524,-0.009999999999999787,0.05999999999999961,0.06,4.5,0.01189041095890411,8.415434084930794,8.40354367397189,0.01189041095890411,0.5109127481234491,0.499022337164545,0.01780821917808219,-0.9992575288728536,-1.0170657480509357
2025-03-05,0.7771994767708055,1.3255003064094353,2.132633046983843,1.8345075983672743,0.0181320664701151,0.0,0.010962332414634773,-0.5589277170341647,-0.801619554407956,3.825541905303624,3.2624054470729544,6.366419809334192,7.234507720737978,0.20791481693782674,-6.957029594178706,0.009999999999999787,0.0600000000000005,0.02999999999999997,4.5,0.01191780821917808,-2.364959552231492,-2.37687736045067,0.01191780821917808,2.290437441195578,2.2785196329764,0.01780821917808219,6.86741159656765,6.849603377389568
2025-03-06,-4.1960694078161405,-4.603243078972791,-4.2460736022397665,-4.2840113969798805,0.009079432271749972,0.029882489461032797,0.01090826651193448,-0.05289145241889038,-0.33133304065195385,-0.7329931515325766,-1.7775649142083052,-5.844783245022422,-6.000795792213291,-0.5094160642131143,12.580671521442058,-0.009999999999999787,0.009999999999999787,0.040000000000000036,4.5,0.01189041095890411,0.4970006172119065,0.48511020625300244,0.01189041095890411,-1.5799395848645117,-1.5918299958234159,0.01780821917808219,1.243811433677638,1.2260032144995558
2025-03-07,0.1833331418590698,0.03829304509474445,2.891552075418116,2.3873297286616477,0.04537748748904723,0.02986553748281155,0.04374446712387865,-0.1270537408867032,-0.3212943427732562,-3.64383782693103,-2.924993924450813,-0.5625221714071515,-5.925235186382501,0.05218196474086795,-6.2209107098641185,0.0,0.03000000000000025,0.0,4.5,0.01189041095890411,0.8169115406516292,0.8050211296927251,0.01189041095890411,-1.0443402535605562,-1.0562306645194603,0.01780821917808219,0.24830815691154157,0.23049993773345936
2025-03-10,-4.7854022661745,-4.823524468060414,-4.736375037357,-4.805077402576398,0.009089113277709955,0.0,0.01091111270610521,0.6968148197165056,1.0377629731641052,-7.86761921252525,-13.645173161335407,-16.434754333336567,-8.451701994951316,-0.8794495623060067,17.573880579798782,-0.009999999999999787,-0.10000000000000053,0.0,4.5,0.011863013698630137,0.010862450655706877,-0.0010005630429232599,0.011863013698630137,0.4225212309135902,0.41065821721496004,0.01780821917808219,1.470920433544378,1.4531122143662958
2025-03-11,1.5819833000470105,2.067669946949828,-1.1900621311683877,-0.1446054410149832,0.018153816834997817,0.019908078665340175,0.010953947028894481,-0.3583629126339962,-0.7164686303908404,5.3672934065124736,3.1049127522702755,2.78059231575054,0.545013500609316,1.165930639065754,-3.432248264884234,0.009999999999999787,0.0600000000000005,0.010000000000000009,4.5,0.01189041095890411,0.032539011257399074,0.020648600298494964,0.01189041095890411,-0.4328161314758987,-0.4447065424348028,0.01780821917808219,1.980351380770708,1.9625431615926259
2025-03-12,2.4581655256797874,1.9872083100473472,2.0402606672921433,2.898493400598557,0.0,0.0,0.010873511445701506,-0.29606565434257714,-0.59913126080173,1.0326959815815329,-0.5673973790330683,-3.032109736210633,-3.9006637587012003,0.43373733176007023,-10.527799167462568,0.009999999999999787,0.040000000000000036,-0.030000000000000027,4.5,0.01191780821917808,7.825609262604812,7.8136914543856335,0.01191780821917808,-0.02264369782325352,-0.034561506042431606,0.01780821917808219,1.5802178475086466,1.5624096283305644
2025-03-13,-2.7836624303806925,-2.5594859841629307,-0.5010507152866022,-0.440841538534705,0.009050088003304145,0.0298907833442301,0.021875507498876977,0.40158039027334963,0.8753108373158458,-3.223376776091148,-2.439868843331954,-0.3436677013325194,-7.131440973615577,1.7600345742839831,1.7590975612529973,-0.009999999999999787,-0.05000000000000071,0.020000000000000018,4.5,0.01189041095890411,11.358581682805948,11.346691271847044,0.01189041095890411,0.16183437848143573,0.1499439675225316,0.01780821917808219,1.4599047846266706,1.4420965654485884
2025-03-14,3.177892794873364,3.059772432598849,3.038937187646951,3.1473975207191343,0.045362370802751184,0.02982572105178221,0.02181792235234953,-0.3486441488829028,-0.5309203848566614,3.517658147592443,2.4652646588620972,2.317961225608414,6.147434855703431,0.03996778676249641,-12.464959527480426,-0.009999999999999787,0.040000000000000036,-0.040000000000000036,4.5,0.011863013698630137,14.956351269499368,14.945433735252793,0.011863013698630137,0.03761015911326772,0.02574714541463758,0.01780821917808219,-0.5537677505342311,-0.5715759697123133
2025-03-17,0.28937056237789816,0.15343660852847624,1.6372967579426327,1.0493355401432582,0.0,0.009958638782584664,0.021857154257380277,0.08462269917522823,0.4978298437234668,0.12685421831619698,0.9141487047889739,4.376223257207939,1.1026599608351006,0.5398932434643415,-5.962031302991277,0.009999999999999787,0.0,-0.03999999999999998,4.5,0.01189041095890411,14.956351269499368,14.945433735252793,0.01189041095890411,0.1958605586887655,0.1839701477298614,0.01780821917808219,0.5501177384865391,0.5323095193084569
2025-03-18,-2.022113237360723,-2.169784684813221,-1.3356637600233547,-1.558200026837673,0.009052471131712824,0.009949630106077646,0.0,0.11627132861963567,0.09925671241392611,-1.6274157682194461,0.2871078927171029,0.9956954942602595,-3.0363201510380113,1.1604364010877142,5.639971246110013,0.0,-0.019999999999999574,0.0,4.5,0.01189041095890411,0.03322767057070486,0.02133725961180075,0.01189041095890411,-0.02512343305989015,-0.03701384401879426,0.01780821917808219,1.8632555341953172,1.845447315017235
2025-03-19,1.970986974130575,2.112277199723356,0.8107142707707604,0.878922035248896,0.009095483404744094,0.01988827541417613,0.010926785882741976,0.3058392252937859,0.5168044518963464,4.8787879453061045,6.277568959842908,9.424029655831598,7.332860354536354,0.409929439969153,-8.659258314379967,-0.009999999999999787,-0.040000000000000036,0.010000000000000009,4.5,0.011863013698630137,-0.8737056889651598,-0.88556870266379,0.011863013698630137,-0.0925771491794897,-0.10444016287811983,0.01780821917808219,-0.12399298553068654,-0.14180120470876872
2025-03-20,-0.7893878889544795,-0.7893001507911732,-0.8007860520886522,-0.15843132622953238,0.01811544584105156,0.0,0.02179721857475244,0.14733315915944534,0.06579059873769054,-3.1425915618310603,-3.7455863474503097,-1.4188970664625515,-2.373477569412912,-0.12814060805390753,-0.5037813392920534,0.0,-0.009999999999999787,0.02999999999999997,4.5,0.011863013698630137,4.155563310737663,4.143700297039033,0.011863013698630137,0.07285426232710578,0.06099124862847564,0.01780821917808219,0.5390078855698147,0.5211996663917325
2025-03-21,0.5371305874996777,0.32802377013752915,-1.0527137158768147,-1.0092560839406046,0.036250254802345415,0.029812979076776474,0.03274846918743248,-0.08416742922563895,-0.5936077577769234,-0.14737866362900665,-0.8742163255528916,-1.6419912927396987,-0.17295637592036295,-0.8082476604942154,-2.661357437140071,0.0,0.009999999999999787,0.020000000000000018,4.5,0.011863013698630137,0.010978635112879125,-0.0008843785857510118,0.011863013698630137,-1.4014459831852883,-1.4133089968839185,0.01780821917808219,-7.846352457649107,-7.864160676827189
2025-03-24,2.0714618088512737,2.754996614607315,2.9259772122553196,2.5736991112312846,0.00905321017595536,0.019902428490461085,0.0,-0.5805010494800393,-1.0306603763079765,4.029492824038566,5.574048971075547,4.184763042820915,6.585917442774919,-0.44624907831339844,-9.80109807572565,0.0,0.08999999999999986,-0.010000000000000009,4.5,0.011863013698630137,13.83332154522815,13.82145853152952,0.011863013698630137,-0.08427990862507495,-0.09614292232370508,0.012328767123287671,1.5854648586424003,1.5731360915191126
2025-03-25,1.1113905614887394,0.6910083175285653,-0.5421480382952404,-0.42582802594315655,0.009045090659109233,0.009933707730132583,0.010919634577635756,0.169225832386459,-0.01113708457448565,-0.031103436859010326,-0.4687233608202074,-1.4720688394029398,-1.8831817268438324,0.4390711790074645,-1.9059192670720067,0.0,-0.03000000000000025,0.04999999999999999,4.5,0.011863013698630137,14.956351269499368,14.945433735252793,0.011863013698630137,1.879021786963745,1.867158773265115,0.012328767123287671,-3.002336094507114,-3.0146648616304015
2025-03-26,-2.9837281562307973,-2.4492543815952224,-2.8412964837312638,-3.3833991119422486,0.00905887124528882,0.019872464659112382,0.010909651786781114,-0.23275942323701748,-0.6594936793114656,-0.6547157036869115,-2.8736584831997836,-3.5868564639393092,-5.045250585943988,-0.08263225124260293,6.654090632055273,0.0,0.040000000000000036,0.020000000000000018,4.5,0.011863013698630137,12.945466112638501,12.933603098939871,0.011863013698630137,-0.06891668407971929,-0.08077969777834942,0.012328767123287671,-1.2179122005644072,-1.2302409676876949
2025-03-27,-0.9500647677141582,-0.9774915276087126,-1.9897431250260507,-1.9374785875946845,0.018122578969225155,0.009954772266382216,0.02178936774496463,-0.08475720847564268,-0.29198606867384364,0.3173508503236142,-0.3406125470101087,0.00226291922051676,3.964815720255549,1.331667112138957,1.9449592352613707,0.0,0.03000000000000025,0.03999999999999998,4.5,0.011863013698630137,0.2772330878157321,0.26537007411710195,0.011863013698630137,-0.008502142101162785,-0.020365155799792922,0.012328767123287671,-5.376087000742261,-5.388415767865549
2025-03-28,-3.3868435713537335,-3.7881018127457575,-3.068802756309847,-2.5959809370816584,0.027174063909799026,0.02978631941188269,0.03272347376041934,0.8024432819931867,1.3739366378098816,-3.2929565500329083,-5.484099578862807,-8.529383397090845,-5.1707840938251,0.7384788228781908,14.701678678666774,0.0,-0.11000000000000032,-0.02999999999999997,4.5,0.011863013698630137,0.22395613132502107,0.21209311762639094,0.011863013698630137,-1.745360063725464,-1.7572230774240942,0.012328767123287671,-3.1383417188745586,-3.1506704859978463
2025-03-31,-0.37123357482740105,-0.34065152930629405,-0.27067795436815806,-0.3304703145576633,0.009039358093565396,0.0,0.0,0.29403912688630784,0.9825050091607076,-2.162111879622434,-3.8737448997845862,-3.328222931852632,-9.419322444737317,1.4261049112946294,2.8684009049351396,-0.009999999999999787,-0.03999999999999915,-0.03999999999999998,4.5,0.011835616438356166,-1.3228271804726843,-1.3346627969110405,0.011835616438356166,-0.0037168216293079685,-0.015552438067664135,0.012328767123287671,0.3874272864962337,0.375098519372946
2025-04-01,1.29460823104156,1.0979234843707437,0.05313828633179825,0.48118298420822836,0.021803450334658886,0.025919688814250996,0.022972088486557237,0.35070921646038167,0.8628254248557652,3.1248520531568382,4.39932043987864,4.8680210928620875,4.059820395819258,-0.19801896396476867,-2.3156549604275463,0.0,-0.0600000000000005,-0.040000000000000036,4.5,0.011835616438356166,-0.34294246519921395,-0.35477808163757013,0.011835616438356166,1.9551328914796107,1.9432972750412545,0.012328767123287671,-0.2150306256581485,-0.2273593927814362
2025-04-02,0.8870880676433095,0.9681033442420099,0.6406398906898706,0.7501534659439129,0.009094915514548083,0.009972247387872613,0.01095270964499415,-0.09438830073646994,-0.0656148886628068,-3.2014458322985253,-5.956044751702156,-7.0635297876805945,-10.01670382011055,0.20495598046479263,-1.2014942353369649,0.0,0.03000000000000025,-0.010000000000000009,4.5,0.011835616438356166,0.42811245790473046,0.4162768414663743,0.011835616438356166,-1.3558750521452914,-1.3677106685836475,0.012328767123287671,0.023053703894333095,0.010724936771045425
2025-04-03,-4.7854022661745,-4.854550381483668,-8.04764082351736,-7.583515654420385,0.009086795972824519,0.019925509070647288,0.010907601124586847,1.022984836470054,0.4583321288209956,0.7453656492041082,1.1256974898995098,0.362454541492136,0.44031625973744654,-0.6056582204414115,32.7940117732102,-0.010000000000000675,-0.14000000000000057,0.06,4.5,0.011808219178082191,0.43727186952468056,0.4254636503465984,0.011808219178082191,0.3533795529406423,0.34157133376256016,0.012328767123287671,0.9767647226006398,0.9644359554773522
2025-04-04,-4.7854022661745,-4.854550381483668,-7.766340924873422,-7.583515654420385,0.045377863716087215,0.029872822322222315,0.03282101382121262,0.27998954846494056,1.0828336304606982,0.8876865806506007,-0.016634769948358937,0.7252636832020964,0.5130426261708595,-2.367020473214484,32.7940117732102,-0.02999999999999936,-0.04999999999999982,-0.019999999999999962,4.5,0.011726027397260275,1.071712057759759,1.0599860303624986,0.011726027397260275,-0.5968740499206677,-0.608600077317928,0.012328767123287671,0.6619544740042236,0.6496257068809359
2025-04-07,1.3410717340648077,1.7656588612605124,2.2829654451164005,2.2423681186203805,0.009081848452504173,0.009958290767210139,0.010929166589943456,-1.142879654557242,-2.6718506186697044,-5.653323973337051,-13.645173161335407,-14.261438719660408,-13.996489077614285,-2.1719986685703736,3.6194180499137216,0.009999999999999787,0.14000000000000057,0.08999999999999997,4.5,0.011753424657534246,0.27526826317049335,0.2635148385129591,0.011753424657534246,0.11821906026411022,0.10646563560657597,0.012328767123287671,0.7589681065852203,0.7466393394619326
2025-04-08,-1.1917709703253252,-1.4766068156196057,-4.05586301852898,-2.71361113204296,0.01813936143271052,0.0,0.02185475043200928,-0.5043753614123967,-1.9058760729431559,-3.811707626174969,-5.46327987842089,-7.101231052011525,-5.375193860895918,0.5429029902152218,10.78478858876829,0.019999999999999574,0.10999999999999943,0.13000000000000006,4.5,0.011808219178082191,0.30803585416170154,0.29622763498361937,0.011808219178082191,0.1350063331520207,0.12319811397393851,0.012328767123287671,-0.24148837017285243,-0.2538171372961401
2025-04-09,4.6108006004453745,4.75070661580386,6.62375525931554,6.567472052218594,0.0,0.019929600272747726,0.0,-0.31653665949801413,0.5868261289450656,7.9389009442381075,12.465161047070344,12.612045743770416,13.399891659973937,3.6323492196158735,-20.00419373016803,0.040000000000000036,0.08000000000000007,-0.12000000000000005,4.5,0.01191780821917808,1.5212535554628803,1.5093357472437023,0.01191780821917808,0.17501430201134816,0.16309649379217006,0.012328767123287671,-1.8440589475427986,-1.8563877146660863
2025-04-10,-4.615435073481249,-3.7082081245188725,-8.04764082351736,-7.186658606120584,0.0,0.0,0.010934359454014353,-0.625417616373257,-2.6718506186697044,-3.6351854577404503,-9.128324001492942,-7.429794387687752,-8.043980833270007,2.413009288681445,19.15983060100054,-0.009999999999999787,0.0600000000000005,0.13000000000000006,4.5,0.01189041095890411,8.016711802830148,8.004821391871245,0.01189041095890411,0.7344982410834804,0.7226078301245763,0.012328767123287671,0.5476987712903584,0.5353700041670707
2025-04-11,2.0875983612713376,1.8412251583736974,2.141652652885794,2.566042993658012,0.04538135845370385,0.0497586746574114,0.04369040069463475,-0.5651918263870669,0.5423820552247686,4.636385379527455,2.8892475031186984,4.162539353353055,3.319079495860016,1.8906799500580929,-8.07797113175864,0.0,0.08000000000000007,-0.040000000000000036,4.5,0.01189041095890411,6.927253985921741,6.915363574962837,0.01189041095890411,-2.418735273803463,-2.430625684762367,0.012328767123287671,-14.453657116710367,-14.465287253696669
2025-04-14,0.08197258697873115,0.32025616690873,0.6596147739833051,0.14891438109975785,0.009082540671819744,0.009966346604932385,0.0,0.7988633341062525,0.7110261767111099,1.3546780227140327,3.487595952634342,2.0179715568329684,0.6606804442791898,-0.5722318290653523,-19.5507203731037,-0.009999999999999787,-0.10000000000000053,0.020000000000000018,4.5,0.011863013698630137,5.596969638993145,5.585106625294515,0.011863013698630137,0.16936741373573136,0.15750440003710123,0.012328767123287671,0.2462788182802171,0.23395005115692943
2025-04-15,0.6908475025457613,0.7168501458077261,0.4086201399206226,0.6476685698713323,0.00903073816266943,0.009925398094918861,0.02182050555578693,0.29659789566150063,0.3536400208353247,-1.0384627625774925,-2.1260952961947974,-3.0836827577459975,-2.363878924955273,0.5218738019025799,-2.5243056376930975,0.0,-0.03000000000000025,-0.030000000000000027,4.5,0.011863013698630137,0.03391162550622449,0.022048611807594348,0.011863013698630137,1.5652284766078752,1.553365462909245,0.012328767123287671,0.03509138219268749,0.02276261506939982
2025-04-16,-3.3044499322690393,-3.431215959804579,-3.9360849092431143,-4.315112820895252,0.018153685745033437,0.01990376762678244,0.010934772688858863,0.43272635487342626,0.556385243111751,0.43514532442251164,-0.6648569648291471,-0.5380057472567433,-0.1280546845129925,3.2022570753675996,8.034908060172265,0.0,-0.05999999999999961,0.010000000000000009,4.5,0.011863013698630137,0.526950120211356,0.5150871065127258,0.011863013698630137,-0.5541763657537194,-0.5660393794523496,0.012328767123287671,1.3822776681158386,1.369948900992551
2025-04-17,-1.0081756971579827,-1.2604787292115556,-0.5030875553820635,-0.9408708143258636,0.045315217242968775,0.0397796817982633,0.04364825676367204,-0.2847354351912613,-0.8871875206462043,1.0204134780153822,0.28114412594665456,0.4839051540071175,3.519191248349718,-0.4400359490663115,-9.607639881843323,0.009999999999999787,0.04999999999999982,0.010000000000000009,4.5,0.01189041095890411,0.46564475281371903,0.45375434185481495,0.01189041095890411,0.5988093989944635,0.5869189880355594,0.012328767123287671,0.18171451656148793,0.16938574943820026
2025-04-21,-2.407833222353722,-2.228858846141931,-1.7626669154524104,-2.471470806405957,0.009067857051061362,0.0,0.010928806113302809,-0.5401277367716809,-1.7634183987628929,3.043080828057265,-0.17796279847131832,1.88864711399716,2.933941809591775,3.046672519656263,13.159022186892782,0.0,0.08000000000000007,0.14,4.5,0.01189041095890411,0.046081915549363306,0.03419150459045919,0.01189041095890411,-0.8527699204140691,-0.8646603313729732,0.012328767123287671,0.5726934581198768,0.5603646909965891
2025-04-22,2.717123426183201,2.768052033915969,1.9246580356055956,2.1437094103758825,0.009067034865356106,0.009966404918358688,0.0,0.07430930739190096,0.5565898594762373,6.548491099549585,10.653976610910524,9.746615043140798,10.316461165323247,-1.429739087994005,-10.103320852701309,-0.009999999999999787,-0.009999999999999787,-0.020000000000000018,4.5,0.011863013698630137,-0.7921334309817719,-0.8039964446804021,0.011863013698630137,0.474486706289724,0.46262369259109387,0.012328767123287671,-1.3815152384541678,-1.3938440055774555
2025-04-23,3.3898791758570814,3.215584028431364,3.678080665753373,3.587811232971485,0.009058936903925478,0.029805442065173222,0.02181898296970058,0.10604342844730066,0.9666418623706818,0.274893168226587,2.1823453566225957,3.6967473795945733,5.943166346711534,-2.4270798064606143,-7.187093853069918,0.0,-0.009999999999999787,-0.06000000000000005,4.5,0.011863013698630137,0.9942362843287768,0.9823732706301466,0.011863013698630137,2.210853900824349,2.198990887125719,0.012328767123287671,0.05069371119036789,0.03836494406708022
2025-04-24,4.6108006004453745,4.75070661580386,5.595379780943962,4.933823286746608,0.009065391600561912,0.0,0.0,0.5391655671276846,1.048061513692403,0.2608013738239919,-1.473557519970303,-3.753632886973112,-0.17909480084115345,1.4451351409752673,-7.2136197090700485,-0.009999999999999787,-0.08000000000000007,-0.039999999999999925,4.5,0.011835616438356166,1.9483414576526619,1.9365058412143057,0.011835616438356166,0.15383987792709933,0.14200426148874315,0.012328767123287671,1.9578865490173296,1.945557781894042
2025-04-25,1.6893315310204888,2.653274255902444,0.9678159666726702,1.425404423242023,0.03623153261662256,0.03974007537147799,0.04363244695657878,0.3788110320604684,0.7339386345149382,0.8233751969906926,0.9449256980928297,0.33266994956759405,-0.6939453271794924,-1.0900878955956528,-6.355672709038389,0.0,-0.03000000000000025,0.0,4.5,0.011835616438356166,0.41042961217802365,0.3985939957396675,0.011835616438356166,-0.4861178240184755,-0.49795344045683165,0.012328767123287671,3.6980714898613507,3.685742722738063
2025-04-28,-0.3125920937115557,-1.0453661777882692,-0.1787099398681047,-0.6246826377251609,0.009046742429863096,0.0,0.010911705398274223,0.39833248163334845,0.6280078563498211,0.27227325309909245,0.6814881620901174,-7.038587148033855,-0.1627540228882183,1.4141637459613694,1.240261816985807,0.0,-0.05999999999999961,0.010000000000000009,4.5,0.011835616438356166,0.9393317933854413,0.9274961769470851,0.011835616438356166,1.464916299071833,1.4530806826334768,0.012328767123287671,7.470247939846293,7.457919172723005
2025-04-29,0.543083479701952,0.8966985846165146,-1.0736228109891757,-0.17104743426667782,0.0,0.009926567348476549,0.0,0.34463660993124723,0.834975693715872,-0.7333309425444723,0.018001671360959627,-2.946161280283679,-0.3438619181370319,-0.9786658970495523,-3.974568350601878,-0.010000000000000675,-0.040000000000000036,-0.020000000000000018,4.5,0.011808219178082191,-0.3686993394538814,-0.38050755863196356,0.011808219178082191,-1.375494833147663,-1.3873030523257452,0.012328767123287671,4.202817917240593,4.190489150117306
2025-04-30,-0.02727553431925611,-0.9342369812771213,0.7260899727358765,0.469678243415995,0.027164397704920535,0.029829628685158798,0.010875491049637424,0.15625666050414125,-0.8126150952060176,-0.08220669855229902,-0.30060374028753173,-0.12953864996015566,-0.9260915539967213,-0.7510353244041786,2.1691076650220915,0.0,-0.020000000000000462,0.029999999999999916,4.5,0.011808219178082191,0.23583786316330196,0.22402964398521977,0.011808219178082191,0.7970158273625574,0.7852076081844752,0.012328767123287671,-0.10435265040700907,-0.11668141753029675
2025-05-01,2.1974474899827166,3.3594884732236876,-0.13607824523773543,0.4816146548971204,0.010911670041928754,0.014931417205086976,0.0240934933762783,-0.4364373967657882,-0.5083298500378725,2.396577889618816,2.501986011273316,0.8457892983717094,5.185848618227416,-2.099106650379782,-0.40568160769515177,0.0,0.08000000000000007,-0.019999999999999907,4.5,0.011808219178082191,6.747291924699874,6.7354837055217915,0.011808219178082191,-1.1764164336577878,-1.18822465283587,0.012328767123287671,0.4769377635250648,0.4646089964017771
2025-05-02,1.6464841455539023,1.1550379113072728,3.447692396379391,3.120832688460555,0.018156822370467687,0.02990398689475169,0.03279529216088188,-0.6735455242192542,-1.0883345668198607,0.43198534363241065,0.1893751208733253,-1.2593460268910723,1.0127333673528598,0.17466735903771574,-8.126296612994292,0.020000000000000462,0.08000000000000007,-0.050000000000000044,4.5,0.011863013698630137,5.214166923672283,5.202303909973653,0.011863013698630137,2.8449815219327217,2.8331185082340915,0.012328767123287671,4.147612362054114,4.135283594930827
2025-05-05,-0.7264815128637307,-0.3415095004729597,-0.7712585650258453,-0.6504275499358909,0.009069907847097302,0.009942091510922561,0.0,-0.17966500770480037,-0.5601052633909454,-2.2562125541381644,-1.2565882949440335,-5.382393174342241,1.2074655125074834,2.9430400577679454,4.1456674404029785,0.0,0.03000000000000025,0.030000000000000027,4.5,0.011863013698630137,0.3667745094437306,0.35491149574510045,0.011863013698630137,1.9916650415433275,1.9798020278446973,0.012328767123287671,-0.7514027323942165,-0.7637314995175042
2025-05-06,-0.5715613483693694,-0.8861649053099562,-0.9591358393817568,-0.9326008785523284,0.00909088498428492,0.0,0.02187505258734997,0.25355447494707456,0.33185611205842447,2.145126552947202,-0.25365944781066224,-0.1863969382961274,0.6429296879015534,2.7638515747736925,4.628929034110809,0.0,-0.0600000000000005,-0.010000000000000009,4.5,0.011863013698630137,0.03396011355178396,0.02209709985315382,0.011863013698630137,5.085529607775761,5.073666594077131,0.012328767123287671,-8.665826018700969,-8.678154785824256
2025-05-07,-0.08359915971868619,-0.01816390507191075,1.7356574812447993,2.0340002056380637,0.018150230041147054,0.009949074776149838,0.0,0.2634545862231679,0.4218448077896252,0.23715438242239512,-0.19195641123836865,-1.8490480930282212,-3.50356168714345,-1.5106592963135799,-5.010366899456495,0.009999999999999787,-0.040000000000000036,-0.040000000000000036,4.5,0.01189041095890411,0.36696431684408776,0.35507390588518367,0.01189041095890411,-0.053043795732118544,-0.06493420669102265,0.012328767123287671,1.0237889652882308,1.0114601981649431
2025-05-08,0.6408006750144378,0.7962376936720864,0.8905765670186514,0.8733670894716895,0.00907387980433519,0.029873163616385888,0.021844026998669684,-0.7818395604711373,-1.1211711930586943,6.2026403533745516,13.234872810177096,22.731632634730662,17.908882219670556,-1.9890788928179075,-4.6499783403509065,0.0,0.11000000000000032,-0.010000000000000009,4.5,0.01189041095890411,-0.9341630096300207,-0.9460534205889248,0.01189041095890411,2.291939803509989,2.280049392551085,0.012328767123287671,9.962399833215699,9.950071066092411
2025-05-09,-0.5454427998086118,-1.050921088639186,1.1408558217117766,0.6511725920891597,0.02721670034105763,0.02988017593687322,0.03278770132884375,0.07423548301943715,0.14945088104191911,-0.2624571996284568,6.1087532978333945,3.6543536980202243,2.734708361574554,0.7228485693538802,-2.6139385258591266,0.0,0.0,0.020000000000000018,4.5,0.01189041095890411,0.34468672104271747,0.3327963100838134,0.01189041095890411,2.7610134806024678,2.749123069643564,0.012328767123287671,-6.357848563663046,-6.370177330786333
2025-05-12,4.313850640384376,4.75070661580386,6.62375525931554,6.082476657780092,0.009085111487498682,0.0,0.0,-0.6379702276053756,-0.9348740722535044,-0.153460539547827,6.234705333488928,7.98923518909,4.697984513256652,-2.8595551740996137,-17.46796139768351,0.08000000000000007,0.08000000000000007,-0.020000000000000018,4.5,0.01210958904109589,1.5344804234681837,1.5223708344270879,0.01210958904109589,1.1769653050730517,1.164855716031956,0.012328767123287671,-13.990220316620134,-14.002549083743421
2025-05-13,2.3133340318861313,1.9887503541506435,2.794091384066165,3.375267503156926,0.00906976358927551,0.01990719303483793,0.021858324917481072,-0.0747022283084802,-0.4066528419365186,1.3111031807523907,7.101639120680912,2.9775608572643173,6.45355977527011,0.4249948759953267,-0.9287151281461298,-0.009999999999999787,0.040000000000000036,0.0,4.5,0.012082191780821918,-0.11438293265504694,-0.12646512443586885,0.012082191780821918,0.461372846087014,0.4492906543061921,0.012328767123287671,-9.00345895508345,-9.015787722206738
2025-05-14,0.6856929905415343,0.4065763277755447,0.4807082460232668,0.9847138143468835,0.0,0.009924234926098048,0.0,-0.37429903383969254,-0.6658454319180808,-0.6070027639406428,-2.649071796891156,-7.178131279408857,-2.828761206984414,-2.126227662564288,2.1716462775081347,0.0,0.040000000000000036,0.010000000000000009,4.5,0.012082191780821918,0.14211054909456813,0.1300283573137462,0.012082191780821918,-0.5502781395736767,-0.5623603313544986,0.012328767123287671,-0.8996461038468299,-0.9119748709701175
2025-05-15,-0.34851107527740094,-0.7125954481112218,-0.6445619741905755,-0.34739006675568423,0.018158839652876672,0.0,0.010918629601317613,0.6514604705992405,0.8751818176649218,0.19801487371228355,-2.4514424159045913,-6.213544596077612,-2.8043980056007958,1.5837869719407487,-4.335388932444697,-0.03000000000000025,-0.08000000000000007,0.010000000000000009,4.5,0.012,-1.3220758914318578,-1.3340758914318578,0.012,0.20807397583794263,0.19607397583794262,0.012328767123287671,-0.5434965120074273,-0.555825279130715
2025-05-16,0.3180044425343115,0.830868154641385,-0.13128233021368882,-0.28771027780791397,0.036264245963586315,0.03978262938723538,0.043680075868259984,0.03192980684797276,0.266885606360088,-0.2464381118651062,-0.41546410896683594,-2.250809280891482,3.508054813787034,-1.2160689602209926,-3.365017563674573,-0.009999999999999787,-0.020000000000000462,-0.03999999999999998,4.5,0.011972602739726028,-0.06718984308802678,-0.07916244582775281,0.011972602739726028,1.6486885099350634,1.6367159071953374,0.012328767123287671,0.09082501109896672,0.07849624397567904
2025-05-19,0.12323719784370674,-0.10137080231082511,-0.6023907493816544,-0.16652482617857148,0.0,0.009959105976679053,0.0,-0.05322201011228496,-0.2901194085525539,2.0248769296537668,-0.2815482879785486,-2.2737893191907217,6.830260605804275,1.2798420816745653,5.088715908092846,0.019999999999999574,0.03000000000000025,0.03999999999999998,4.5,0.012027397260273971,0.37952446334929707,0.3674970660890231,0.012027397260273971,1.768758564331321,1.756731167071047,0.012328767123287671,1.2416858292173194,1.2293570620940317
2025-05-20,-0.5088201400472077,-0.5253827485346547,-0.14644005938252072,-0.19123578002011163,0.018134448589920308,0.019907277998567063,0.02182414951267069,-0.1278485126823667,-0.7231179172148073,1.1157568710076757,-0.1976377652648227,1.352854214207838,4.463325327818332,1.8450974483986242,-0.2760103198132609,-0.009999999999999787,0.020000000000000462,0.020000000000000018,4.5,0.012,0.4061213022242392,0.3941213022242392,0.012,0.009120341690166806,-0.002879658309833194,0.012328767123287671,1.2751151088590895,1.2627863417358018
2025-05-21,-0.7511682329268965,-0.5794156664703691,-1.846378875421521,-1.6714554014165681,0.009076874274662135,0.009916341422526384,0.010901554172339298,-0.6953591415630276,-1.7237720379048853,2.6675054496876065,1.109987159403035,3.318729952494099,-4.500934945305097,0.7351594562024018,14.295345345940378,-0.019999999999999574,0.09999999999999964,0.06999999999999995,4.5,0.011945205479452055,1.932105921236972,1.92016071575752,0.011945205479452055,2.5452519637079343,2.5333067582284823,0.012328767123287671,-1.3069354529688282,-1.3192642200921159
2025-05-22,0.5414346359701765,0.6643465450495908,-0.9288373760622073,-0.2737027021701321,0.018122261034526476,0.019893385841103766,0.021843207864533712,0.3750123588834475,0.5226418847210231,1.802796394236439,4.287428444195701,3.2592125434870276,3.6585474276056815,-0.8900989925318168,-2.8677548720296264,0.009999999999999787,-0.040000000000000036,-0.039999999999999925,4.5,0.011972602739726028,0.18734754444723703,0.175374941707511,0.011972602739726028,-0.038435361387817196,-0.050407964127543226,0.012328767123287671,1.278414240327151,1.2660854732038633
2025-05-23,-0.8050382225955541,-0.6130819660717829,-1.5625854123876328,-1.4093265737235336,0.045305791108065964,0.029816752096262715,0.04363719106855607,0.2883590987321511,0.165726108143067,-4.006256233899459,-5.307573119658845,-7.3430107398865285,-0.48236205303289575,2.1669792905121614,9.45029758899914,-0.009999999999999787,-0.03000000000000025,-0.030000000000000027,4.5,0.011945205479452055,0.011184606773150843,-0.0007605987063012114,0.011945205479452055,-0.42056954828382753,-0.4325147537632796,0.012328767123287671,-14.453657116710367,-14.465287253696669
2025-05-27,2.6531443849301577,2.7297380202130337,3.268478138823245,3.1220774281368984,0.0,0.009926337516512188,0.0,0.41505241000073706,1.3859603954581243,1.5783798304086611,5.266757954182439,5.853356319311378,6.1988768857722505,-1.7094433359300067,-16.180673993166565,-0.010000000000000675,-0.08000000000000007,0.0,4.5,0.01191780821917808,0.503572304103799,0.49165449588462096,0.01191780821917808,1.419753550856631,1.407835742637453,0.012328767123287671,13.931447045333877,13.920077182320178
2025-05-28,-0.18701225575960748,-0.13306391723955033,-0.5029554934625755,-1.071150640663248,0.00907029577725878,0.029796955086208776,0.010893230984985363,-0.2765129511799814,-0.432526809453668,-1.0999457493792042,0.7162632649870233,7.055382407087856,-2.70010153383579,-0.22685891736127414,1.8291620243806275,0.0,0.040000000000000036,0.0,4.5,0.01191780821917808,0.04470457531068754,0.03278676709150946,0.01191780821917808,0.23950195121700832,0.22758414299783025,0.012328767123287671,-0.33015088685457183,-0.3424796539778595
2025-05-29,-0.023152117667970838,-0.19993799673925644,0.40734717444042845,0.7071799771785253,0.02716971147735168,0.0,0.010909498736808677,0.41447049478724524,0.9212315425611043,-2.0245528009254556,-1.8649398195016458,-3.542354234170437,-5.695110935919978,0.5907233361944286,-0.6754983416935554,0.010000000000000675,-0.040000000000000036,0.0,4.5,0.011945205479452055,-0.13271883274902047,-0.1446640382284725,0.011945205479452055,0.5453157907294913,0.5333705852500392,0.012328767123287671,0.6391911151948203,0.6268623480715326
2025-05-30,0.23037493758013863,-0.3173787470512613,-2.0047572190909966,-1.7899349829928732,0.018096962734730864,0.029803976471712627,0.03269518419119926,0.2965296427864633,0.1507950201068522,-1.5676574887611796,-3.9795749687188566,-5.522297884915959,0.5939685153334483,-0.6598665713002106,-3.232072643563005,0.0,-0.019999999999999574,0.010000000000000009,4.5,0.011945205479452055,0.01127028837436133,-0.0006749171050907249,0.011945205479452055,1.5758920397725598,1.5639468342931078,0.012328767123287671,2.1059598533652846,2.093631086241997
2025-06-02,1.1086881127940418,1.1147244188063714,1.496504335455532,1.4698591563498669,0.01544904029895777,0.027887967484515903,0.01752552273222415,-0.34007328387143015,-0.9350153426663825,1.7943687329571503,3.004048845908435,3.9720565944233974,2.5070643375278965,2.623391320844701,-1.1372940494915293,0.08000000000000007,0.04999999999999982,0.0,4.5,0.012164383561643836,0.011269673403919826,-0.0008947101577240109,0.012164383561643836,-0.02595380142038105,-0.03811818498202489,0.012328767123287671,10.241729973533758,10.22940120641047
2025-06-03,0.67350547223281,0.8566781676917891,2.6516394409096087,2.231388087561603,0.018185070599879942,0.009972292529857256,0.021848079878368894,-0.09585089945380385,-0.17629580984314974,-0.42501980559301383,-0.5313910650714507,2.71314815587494,3.304975138641157,-0.8894994642019346,-3.717488007439624,-0.010000000000000675,0.0,-0.020000000000000018,4.5,0.012136986301369862,-0.0523087496654561,-0.06444573596682596,0.012136986301369862,0.05591125390581491,0.04377426760444505,0.012328767123287671,-2.562815774116503,-2.5751445412397906
2025-06-04,0.28136805213507865,0.21302927995335807,1.4776601431894365,1.1827375256857806,0.009084051606260857,0.009971298162820169,0.0,0.7325140759610353,1.610309063338815,-0.6666084188030525,0.5906599013369018,-4.912501637744653,-0.7086138844791441,0.6421313241234582,-0.4532581194009188,0.010000000000000675,-0.08999999999999986,0.0,4.5,0.012164383561643836,-0.2373837682795502,-0.24954815184119405,0.012164383561643836,0.1533291505731738,0.14116476701152997,0.012328767123287671,3.0838989170844666,3.071570149961179
2025-06-05,-0.004115833125586109,0.06545723540512274,-0.4206179568484124,-0.17891041058824397,0.02723996291030037,0.009938527711820397,0.010952769766733353,-0.2965729606061229,0.06941407250374185,-3.0597731847037197,-7.659868477592427,-6.595971450056705,-8.841925875511203,-0.5062672644074124,4.822208427528902,0.0,0.03000000000000025,-0.020000000000000018,4.5,0.012164383561643836,0.007362444802392643,-0.0048019387592511936,0.012164383561643836,0.17975491698637897,0.16759053342473512,0.012328767123287671,-2.2248615573242057,-2.2371903244474933
2025-06-06,0.6438172578744095,1.0253117025790612,0.6693923592483206,0.5674294262039702,0.009073511562028864,0.029881133360657352,0.032772660170441184,-0.7988522154226416,-1.2805714568324604,2.733035306445883,2.489529727580433,1.4178206184209996,3.563655105234408,-1.350688232494814,-9.709743831107769,-0.010000000000000675,0.10999999999999943,-0.010000000000000009,4.5,0.012136986301369862,-0.0030377367609988586,-0.01517472306236872,0.012136986301369862,1.5749292387758709,1.562792252474501,0.012328767123287671,0.31722820711101907,0.3048994399877314
2025-06-09,-0.15090910545561903,-0.06478312662326445,2.3284378544335342,1.6598624154979702,0.027237313405094388,0.00994251211728548,0.021868620060008222,0.1816074028799018,0.10538971655525786,5.501327016022896,7.9255911948736975,13.348425292422316,12.336548989471236,0.4707437493749117,2.2989482036049296,0.010000000000000675,-0.019999999999999574,0.010000000000000009,4.5,0.012164383561643836,0.011196817175683832,-0.0009675663859600048,0.012164383561643836,0.12264571166383897,0.11048132810219513,0.012328767123287671,-0.43920247918555305,-0.45153124630884073
2025-06-10,0.11614916593552786,-0.17838423398647063,2.1611363774107963,1.9691322400060107,0.009077456115023214,0.009957403917713572,0.010919445656825896,0.17065737258750827,0.5136541046450862,-0.03343184269246601,4.805279498945582,22.731632634730662,8.17104346485007,0.029346792267399537,-1.231320633011249,0.009999999999999787,-0.020000000000000462,-0.019999999999999962,4.5,0.01219178082191781,-0.6078456843921005,-0.6200374652140184,0.01219178082191781,0.6127961846235412,0.6006044038016234,0.012328767123287671,-0.35927807722960353,-0.3716068443528912
2025-06-11,0.0857211731249454,0.4049572190407488,-0.3348997350376975,-0.07253059336798788,0.009076632187726068,0.019927710905482655,0.0,0.41475015934873494,0.3022813963337542,-1.434738860972619,-1.4314884050645356,-5.526153252530276,-1.284027373752693,0.5397696978330561,1.8123820078471167,0.0,-0.05999999999999961,0.009999999999999953,4.5,0.01219178082191781,0.14706255191743905,0.13487077109552126,0.01219178082191781,3.0714287129834297,3.059236932161512,0.012328767123287671,0.21292788131000132,0.20059911418671364
2025-06-12,0.447779593402822,0.3872187244530636,0.13673832683599646,0.4837796745350782,0.01814355668984901,0.009930615488412842,0.010918253444073421,0.43415309836440763,1.1886628704945366,-2.569916684533185,-4.488379180962811,-8.158680766785757,-3.136758884250653,1.234370232269246,4.309057866717449,0.009999999999999787,-0.04999999999999982,-0.009999999999999953,4.5,0.012219178082191782,0.0112016687024426,-0.0010175093797491815,0.012219178082191782,-0.8623305247383942,-0.874549702820586,0.012328767123287671,-0.7484458500843105,-0.7607746172075982
2025-06-13,-1.232643013084124,-1.7544277577727352,-2.6395403057043256,-2.3687069215933056,0.03631341008607515,0.03979988369702817,0.043678515673684776,-0.37052252333574726,-0.9683209289240706,0.15273471943905204,-2.7646644951977684,3.0966252664682834,-1.3596605331418683,1.3015494091699469,14.443177094572333,-0.009999999999999787,0.04999999999999982,-0.010000000000000009,4.5,0.01219178082191781,0.011203435097844027,-0.0009883457240737817,0.01219178082191781,0.014376880716347322,0.0021850998944295125,0.012328767123287671,-4.125960794743827,-4.138289561867115
2025-06-16,1.3355657764242346,1.1568342199839403,3.109310792126221,2.45607995486317,0.0,0.0,0.0,-0.2867588280995253,-1.012879897886451,0.6630646677074001,-1.5187952881300695,-3.8116778270640808,-5.32334289682849,-1.4361734303802327,-8.570225833796592,-0.020000000000000462,0.04999999999999982,0.03999999999999998,4.5,0.012136986301369862,-0.12782151183757787,-0.13995849813894773,0.012136986301369862,-0.029394513294145,-0.04153149959551486,0.012328767123287671,3.2668188225756083,3.2544900554523206
2025-06-17,-0.21972236908107526,-0.2270506813795582,-0.794559766427315,-0.6819489673183986,0.009063634350659332,0.009941546018571433,0.021858228142376857,0.48805933802045476,1.209607961732938,-2.077333636181369,-1.1816150483902361,-0.34773445078432164,-3.251847949050772,0.05130624809404316,12.248154215971633,-0.009999999999999787,-0.07000000000000028,-0.03999999999999998,4.5,0.01210958904109589,0.28281552802229143,0.27070593898119555,0.01210958904109589,0.00830587492252775,-0.0038037141185681394,0.012328767123287671,1.2708920380845554,1.2585632709612677
2025-06-18,-0.3630445415429789,0.16222987839558742,0.40688606675834343,0.38154463869798894,0.02720043763118264,0.019895991943517537,0.021827334552511984,0.06347915626302923,0.1732616756978281,0.26943395038619067,0.5378312737116427,1.675187557618491,-3.150602756183147,-0.540018233840262,-6.998547536577875,0.0,-0.009999999999999787,-0.010000000000000009,4.5,0.01210958904109589,-0.15876516440543345,-0.17087475344652933,0.01210958904109589,-0.03257649785038061,-0.0446860868914765,0.012328767123287671,0.622859670852731,0.6105309037294433
2025-06-20,-0.9596042419088218,-1.1575886907061044,-0.6420650830449538,-0.8874333486019925,0.0362726118106401,0.03977218324106654,0.021822571266853837,0.0634557569713462,-0.18483304917376117,-1.511825151021015,-4.745686433134271,-6.838874119997242,-4.4666741172421105,-0.041910695416048686,2.3553662303807994,-0.03000000000000025,0.0,0.03999999999999998,4.5,0.012027397260273971,-0.16292612052781574,-0.1749535177880897,0.012027397260273971,2.191017924875162,2.178990527614888,0.012328767123287671,1.1227998821023102,1.1104711149790225
2025-06-23,1.0661229551352913,0.5560114973514385,0.6199973648362832,0.6319620161170042,0.018134986873656934,0.019899980070564267,0.021817810059696487,0.34823828683525937,0.32321545480678493,2.1717550170563333,0.6013836144896928,-3.5981037723580576,4.228169385856692,0.3058490504208936,-3.906558060447963,-0.009999999999999787,-0.040000000000000036,0.020000000000000018,4.5,0.012,-0.12897519864875157,-0.14097519864875158,0.012,0.026497584314730174,0.014497584314730173,0.012328767123287671,2.9457693962113294,2.9334406290880417
2025-06-24,1.4009631757651828,1.5534278338715197,3.7221959772965705,3.6070305535646487,0.009048193634056149,0.009916798386816889,0.0,0.3470381721472451,0.7234514361249043,0.4421629398587352,1.0753586923480025,3.3347619389679894,2.1796068797629693,-1.5844238391270016,-12.613859464476823,0.0,-0.040000000000000036,0.050000000000000044,4.5,0.012,-0.14142387353970184,-0.15342387353970185,0.012,-0.3615796657946814,-0.37357966579468144,0.012328767123287671,0.9976637517988616,0.9853349846755739
2025-06-25,0.9427905026438633,0.8792368192300458,0.8934759244095046,1.3388663593183614,0.009069053040619297,0.009947518722507381,0.010911470655174242,0.041969048296827294,0.1257683968519185,1.2329889288552447,-1.1792454268337167,-1.0062366000821135,-3.144465225056191,0.30327025232496513,-4.206223532916502,0.0,-0.009999999999999787,0.0,4.5,0.012,-0.1284114456384,-0.14041144563840002,0.012,0.15576970638483112,0.1437697063848311,0.012328767123287671,-10.739024828819652,-10.75135359594294
2025-06-26,1.5036469848562841,2.5612166626406063,0.7810585105211751,0.7241193199193456,0.018113964922944054,0.009922753905219333,0.010910280183166293,0.35613182891162015,0.5015251829794449,-0.374445620028651,-0.1308490448650594,-2.549348305288856,-2.1674845482836593,-0.11076604529502278,-1.0194995310435646,0.009999999999999787,-0.03000000000000025,0.010000000000000009,4.5,0.012027397260273971,0.0014437098009869346,-0.010583687459287037,0.012027397260273971,0.30784686662733923,0.29581946936706527,0.012328767123287671,-0.2553919998928621,-0.2677207670161498
2025-06-27,0.8955419697368316,0.24791407156807416,-0.08787489408704874,0.43915026107103694,0.036239755595880094,0.03974454830574461,0.04361182897754929,-0.26174699907129995,-0.6387549885632693,0.12000060276006601,0.3190165117133743,1.676728649108869,3.5887998449645764,-1.8289975504647085,-1.640878256347104,0.0,0.03000000000000025,0.0,4.5,0.012027397260273971,-0.19844419182391224,-0.2104715890841862,0.012027397260273971,-0.38296617309828496,-0.3949935703585589,0.012328767123287671,0.8319249123916285,0.8195961452683408
2025-06-30,0.6199393602436929,0.816832409192356,-0.06700692119461794,0.1650759288914898,0.0,0.0,0.010921723945857113,0.3975594980017774,0.9792985808990765,0.043791827309876095,2.549758850011391,3.0612595307060197,5.7659422017159585,1.1913301279755133,2.4812156800422502,0.020000000000000462,-0.04999999999999982,-0.040000000000000036,4.5,0.012082191780821918,-0.1594333940648935,-0.17151558584571544,0.012082191780821918,-0.11346216123268897,-0.12554435301351088,0.012328767123287671,-1.9027214080408195,-1.9150501751641071
2025-07-01,-1.7894432762144352,-1.5156543763876844,-0.4534829964347058,-1.0960625559061732,0.009994863197494668,0.02689150568994444,0.017493142332886093,-0.18555426425140886,0.24761577055736117,-1.350422499373105,-3.2982299378448645,-7.562493824393149,-5.432604564287606,0.8883435847179963,0.5959516032616415,-0.009999999999999787,0.019999999999999574,-0.040000000000000036,4.5,0.012054794520547946,-0.1591574935362697,-0.17121228805681765,0.012054794520547946,0.25877285506147546,0.24671806054092751,0.012328767123287671,-0.7045253696200228,-0.7168541367433104
2025-07-02,0.7122452239545172,0.7452345592026155,1.8843321430826823,1.9422968935669522,0.009084059619056116,0.0,0.010918621162856502,-0.21012296293025953,-0.6373474406219578,2.946777720135706,6.654592952363875,10.576605829273584,5.957206868262006,0.551237530942954,-1.1353604956222914,0.009999999999999787,0.040000000000000036,0.040000000000000036,4.5,0.012082191780821918,-0.15816806764382838,-0.1702502594246503,0.012082191780821918,-0.016904731481267032,-0.028986923262088952,0.012328767123287671,-7.033388526847098,-7.045717293970386
2025-07-03,1.6012244958909232,1.367252841963972,0.49435126917275474,0.8391440553441474,0.036349642955479565,0.04978761977878899,0.0546707979576229,-0.3476324557158551,-0.6989486910832484,0.7218611789243166,0.7621334375845826,1.5619041398607487,1.187700013030678,-0.6846293882020621,-1.574837152360857,0.009999999999999787,0.04999999999999982,-0.050000000000000044,4.5,0.01210958904109589,-0.446651681303739,-0.4587612703448349,0.01210958904109589,-0.08348573783289766,-0.09559532687399355,0.012328767123287671,3.907287811719377,3.894959044596089
2025-07-07,-0.778004006818447,-0.9813010018379219,-1.8916945528802722,-1.3703206431996273,0.01813739234813767,0.01993818378141818,0.010946210419852158,-0.31709157824143197,-0.9589466079888778,-1.237123769928571,-1.869705767360607,-1.0390725963309098,1.407097175321858,0.07485003525817281,8.257552595110282,0.0,0.05000000000000071,0.030000000000000027,4.5,0.01210958904109589,-0.5998937523354357,-0.6120033413765317,0.01210958904109589,0.12111517134473729,0.1090055823036414,0.012328767123287671,3.386480700238196,3.3741519331149084
2025-07-08,-0.45874160382642887,-0.38595184012604744,1.8916945528802656,1.3209497646124504,0.01815574968208565,0.01990255824872797,0.0,-0.14831749534028196,-0.12776955325615735,0.5987787747688724,2.8107853381816286,3.635461877052918,3.4169215101810453,-1.0498326962963742,-5.666263749048405,0.0,0.019999999999999574,0.020000000000000018,4.5,0.01210958904109589,0.044873258909116066,0.03276366986802018,0.01210958904109589,-0.07000375220636675,-0.08211334124746264,0.012328767123287671,-0.8984752202326987,-0.9108039873559863
2025-07-09,1.1683464989500552,1.2451126266961694,0.3200287329731919,0.6820234325798533,0.009083853680002425,-0.009954740755689771,0.010910268180167266,0.5181642485847073,1.040705838001397,2.1576245274881947,5.7670474379015415,8.082925987109357,2.98853601710885,0.44613161776255583,-5.314226861298359,0.0,-0.08000000000000007,-0.040000000000000036,4.5,0.01210958904109589,-0.16615669748434736,-0.17826628652544324,0.01210958904109589,0.0028959126579766984,-0.009213676383119191,0.012328767123287671,-1.0848886530068829,-1.0972174201301705
2025-07-10,-1.2637615537657385,-1.368935317487916,0.9904979853513735,0.7330499357478789,0.00908302859099292,0.019908490641368997,0.02184301843936103,-0.052755175002977564,0.0689845311362117,4.101205071842649,6.431827026714018,2.063086832577369,2.25266750978059,0.2223316131965108,-1.0088348541556766,0.0,0.009999999999999787,0.010000000000000009,4.5,0.01210958904109589,0.011307672100109571,-0.0008019169409863181,0.01210958904109589,-0.5460934042750777,-0.5582029933161736,0.012328767123287671,3.590708752127371,3.578379985004083
2025-07-11,-0.37130947662164465,-0.1549883655132257,-0.15425200790120114,-0.010434701140458283,0.02721528798985578,0.03980509478659458,0.021855612809355527,-0.4654090735817175,-1.389047776547583,1.3103070357299034,0.10286331862912074,2.6818219247304995,-3.733741707411404,0.955577301886398,3.8538013074052886,-0.009999999999999787,0.08000000000000007,0.040000000000000036,4.5,0.012082191780821918,0.01128797227682743,-0.000794219503994489,0.012082191780821918,0.31165941694269494,0.299577225161873,0.012328767123287671,-2.6401840384905855,-2.652512805613873
2025-07-14,0.31909145145031276,0.031012164033237134,-0.955109592085868,-0.7576613680458533,0.018151429485720984,0.0,0.010904312154024487,-0.04243132747433071,-0.21006179718383997,1.9655546332406875,1.8577790252077564,4.735838339469007,5.616000973488102,-0.36620144241214003,4.762811660654813,0.009999999999999787,0.0,0.0,4.5,0.01210958904109589,0.011274857286468331,-0.0008347317546275584,0.01210958904109589,0.30190997358682536,0.2898003845457295,0.012328767123287671,-14.453657116710367,-14.465287253696669
2025-07-15,0.5174195148076188,0.5720970392166614,0.9916702051573251,1.9024321217891758,0.0,0.009956706524247233,0.010920483956704209,-0.3932058845446551,-0.7033032998396247,-1.7443885857792256,4.113496333191673,2.1617386500848412,3.8164294367646208,-0.41643640755145417,1.0410643373586315,0.0,0.07000000000000028,0.020000000000000018,4.5,0.01210958904109589,0.0337997065200158,0.021690117478919912,0.01210958904109589,-0.23949812311833055,-0.25160771215942646,0.012328767123287671,-3.566551029164502,-3.5788797962877896
2025-07-16,-0.14078779213910683,-0.3397705518944272,-0.27243984257283105,-0.5240683331937376,0.027224572536529833,0.02984045578255321,0.021854747774871567,0.2764732746676692,0.14105316178126612,0.8129063950949824,7.117212126317727,-4.659945707938926,-1.1511673084064342,0.4975696789391886,-1.2738986382189699,-0.009999999999999787,-0.040000000000000036,0.029999999999999916,4.5,0.012082191780821918,0.011306456366110995,-0.0007757354147109232,0.012082191780821918,0.06668661068647896,0.054604418905657044,0.012328767123287671,1.3195621308819416,1.307233363758654
2025-07-17,0.5801714575726767,0.3089235617783954,0.38201667620980706,0.836505556826192,0.009061196929736826,0.009936935252600242,0.0,-0.03185137987336687,-0.023485637549180493,0.46325315439855774,3.0748073722898033,0.33184305143919224,-0.6658775008476439,-0.21758989541098375,-3.8009289365250933,0.0,0.009999999999999787,-0.019999999999999907,4.5,0.012082191780821918,-0.1664341032708438,-0.17851629505166572,0.012082191780821918,-0.02627484439424963,-0.03835703617507155,0.012328767123287671,-5.968271485039241,-5.980600252162529
2025-07-18,-0.26215294534301264,0.2310738647811966,0.08109114333777948,-0.4810746145898164,0.03627260767136519,0.029828590157949808,0.04365179851860998,0.27578186424229245,0.15261451893321734,-1.0844225617985717,2.0562632197560387,12.505635498199396,1.1663830276442964,0.25975477973482997,-0.6680899998967385,-0.009999999999999787,-0.02999999999999936,0.0,4.5,0.012054794520547946,-0.5884881968547875,-0.6005429913753354,0.012054794520547946,0.08801799093064169,0.07596319641009375,0.012328767123287671,-0.6708644907035466,-0.6831932578268343
2025-07-21,0.9709392801064207,1.3146025981132707,0.08912685621288391,0.06886529549420582,0.009078705247394316,0.009940886502948902,0.021823092179363533,0.34898109588723053,0.8876506285627855,-0.47883278598608164,5.864470540827136,6.948569461320149,-0.7752770078922164,1.5253192127432762,1.4519297711828363,0.009999999999999787,-0.0600000000000005,-0.030000000000000027,4.5,0.012082191780821918,-7.226915674883785,-7.238997866664607,0.012082191780821918,-0.20638959111023672,-0.21847178289105865,0.012328767123287671,0.2923527573762074,0.28002399025291974
2025-07-22,-1.2907652269433427,-1.6691243220933005,-1.3904701067231644,-1.7851407879743824,0.009049063727077972,0.0199025093739154,0.010918432254056028,0.28460938862254453,0.6028184920173639,2.1529885923986694,-0.3787238650889784,-0.8302358973901934,-3.7212567886035544,0.94401831613078,-0.9049812608822908,0.0,-0.03000000000000025,-0.010000000000000009,4.5,0.012082191780821918,-7.725300440488643,-7.7373826322694645,0.012082191780821918,0.08738212621083849,0.07529993443001658,0.012328767123287671,0.5731941278454549,0.5608653607221672
2025-07-23,0.1906679058731191,0.06174886569402198,-0.6095521692701321,0.43357926752704784,0.00906265232609741,0.009914222236423787,0.010908569377090296,-0.3585250675504048,-0.5563200370623022,-1.0391307548023083,-3.23769537244437,-5.624079439659832,-6.691793220142876,-1.247871746164209,-7.094283080176362,0.0,0.05000000000000071,0.0,4.5,0.012082191780821918,0.01113220123400189,-0.000949990546820028,0.012082191780821918,-0.20121293866505,-0.21329513044587192,0.012328767123287671,0.23026095798497154,0.21793219086168386
2025-07-24,1.1756029437967195,1.440188528767737,-0.20676888511993993,0.41433918295798605,0.009069034120582187,0.009944833826961727,0.0,-0.14801229791170126,-0.1744761396529521,-0.32638027078905846,2.1343166349625906,-0.28985584657057833,-1.474532118764856,-0.6137070328856787,0.1300420054187293,0.009999999999999787,0.02999999999999936,0.0,4.5,0.01210958904109589,-0.24992682944745415,-0.26203641848855,0.01210958904109589,-0.08130526068346837,-0.09341484972456426,0.012328767123287671,-10.112644435818646,-10.124973202941934
2025-07-25,-0.05392861625915019,0.0,-0.00829488698119763,-0.10777632079081596,0.03623191185221597,0.019855113025351916,0.032709902085206,0.23247450445969933,0.6267390174906063,-0.6204300770341844,0.5181053863514262,2.720982574937407,2.6979055735879167,-0.9293039490678532,-3.034533816741929,0.0,-0.02999999999999936,-0.030000000000000027,4.5,0.01210958904109589,0.011129345313437662,-0.0009802437276582275,0.01210958904109589,0.19861331249956105,0.18650372345846516,0.012328767123287671,0.48907362074756344,0.47674485362427577
2025-07-28,0.6394841561301303,0.7426047441950517,1.727979032989703,1.3543227136029599,0.009086526199932343,0.029814753170176376,0.010912479627398242,-0.22192137664670775,-0.6500447963614092,0.24502755485273983,1.6011359011314397,-0.16799477680361855,-2.082248045451455,-0.6494663067578282,0.6675554006955609,-0.019999999999999574,0.019999999999999574,0.020000000000000018,4.5,0.012054794520547946,0.01118662208374033,-0.0008681724368076165,0.012054794520547946,-0.577790422614272,-0.58984521713482,0.012328767123287671,-0.13056085299294456,-0.14288962011623224
2025-07-29,-0.34374511854330303,-0.27215060107988365,0.1788842235323283,0.5099952491345111,0.018098591152561586,0.0,0.010893956616514223,0.6537586847594256,1.6745128297015621,-0.001974270354787984,0.1590594631810928,-1.1531447262624999,-2.1189551422793884,0.2746613677307996,6.128972569359601,0.0,-0.08000000000000007,-0.030000000000000027,4.5,0.012054794520547946,0.04428960221568547,0.03223480769513752,0.012054794520547946,0.06117425273703285,0.049119458216484904,0.012328767123287671,8.28966106665804,8.277332299534752
2025-07-30,0.21548954299102557,0.2117353843565758,0.7123478249512358,1.1406301977201507,-0.009056085249132706,0.019868933779742692,0.010892769962871373,-0.3474296012278422,-0.5166842875882256,-0.07716619716275346,0.38799029350239006,-2.8684591030289983,-2.810412716781318,-1.7424424698434753,-3.178907310180721,0.009999999999999787,0.040000000000000036,-0.03999999999999998,4.5,0.012082191780821918,0.01128338788027735,-0.0007988039005445684,0.012082191780821918,-0.41460315804552883,-0.42668534982635076,0.012328767123287671,1.2961513904392339,1.2838226233159462
2025-07-31,0.20155044835636465,0.3167648446840897,-3.2463240268903313,-2.557236327563202,0.009056085249142656,0.009913255862306033,0.010908912111111547,0.08433652035770946,0.05753318478593138,-1.7749425967369021,-2.9714442554080502,-6.692018541623354,-4.927002161577293,0.6623418228251275,7.7056727998955745,0.0,-0.009999999999999787,-0.010000000000000009,4.5,0.012082191780821918,0.01127316019687113,-0.0008090315839507888,0.012082191780821918,0.18816804002416224,0.1760858482433403,0.012328767123287671,-0.8772905589890313,-0.889619326112319
2025-08-01,-2.654637673974608,-3.27596925312309,-1.1691552554030737,-1.6866932886022428,0.07255133096767709,0.03187992469249519,0.04265377208379646,1.1447010067119991,1.4116507988004663,-2.1287126462378603,-5.800920773041707,-3.23154045863875,-2.014793417283993,2.0096397826572603,19.794842002607435,-0.0600000000000005,-0.13999999999999968,0.11000000000000004,4.5,0.01191780821917808,-0.13084570381701174,-0.1427635120361898,0.01191780821917808,-0.3070941489443621,-0.3190119571635402,0.012328767123287671,-1.4001953192272372,-1.4125240863505248
2025-08-04,1.9163768535235226,1.8807416838220385,1.3231859222287066,2.173770756209395,0.01815161479202541,0.019927681358744214,0.010929049780225396,0.13576343707588023,0.272912908627536,1.534056770113369,6.401765084938241,9.3638654310626,4.559209083943409,0.5806339793967675,-15.121087497900549,0.0,-0.010000000000000675,-0.010000000000000009,4.5,0.01191780821917808,0.011300741530841317,-0.0006170666883367638,0.01191780821917808,0.36862525668864127,0.3567074484694632,0.013013698630136985,1.985961558910836,1.972947860280699
2025-08-05,-1.177346990811615,-1.4769602541823503,-0.6970946262116223,-1.0705289293225722,-0.009082587151332314,0.00994657679438997,0.0,-0.07309258914179605,0.30614839262491056,-0.8118573366820805,-2.9217285611139645,-3.748223384971431,-4.794882503564164,0.08037680984962059,1.8660417960192417,-0.009999999999999787,0.0,-0.030000000000000027,4.5,0.01189041095890411,-4.22420384602476,-4.236094256983664,0.01189041095890411,-0.5694871637504074,-0.5813775747093115,0.013013698630136985,4.208366997941212,4.195353299311075
2025-08-06,1.9133745139679335,1.7819268562918447,-0.7568474084290172,-0.16733063895431496,0.02723809737875513,0.009945587548912541,0.03279729810140938,-0.07313776570859493,-0.579061301252447,0.773714933047947,1.974379278503146,1.3009319879506582,3.12557910103496,-0.21233597342562005,-6.241192646480223,-0.019999999999999574,0.0,0.030000000000000027,4.5,0.011835616438356166,-0.8686286081731432,-0.8804642246114994,0.011835616438356166,0.8623570078846173,0.8505213914462612,0.013013698630136985,0.045626115687109836,0.03261241705697285
2025-08-07,-0.5175359727759702,-0.45781105040267245,1.6368036233768586,1.5578193299602014,0.00908730267197978,0.0,0.0,-0.0731664146497192,-0.1709313681983064,2.1236359971131913,6.066555755519165,7.17748729969794,7.800552123994593,0.8402586680171171,-1.1997790110594824,0.0,0.010000000000000675,-0.020000000000000018,4.5,0.011835616438356166,0.011227840453354431,-0.0006077759850017343,0.011835616438356166,-0.9436447506694897,-0.9554803671078459,0.013013698630136985,-3.230481017684909,-3.2434947163150456
2025-08-08,1.1952679572625,1.095236448668967,0.8393498051465507,0.8244304429862033,0.03629065033766127,0.049791933434675285,0.03276058314055854,-0.2304194784981459,-0.4343968160996348,-0.6902004196733544,2.4110416268245687,4.18621642223911,2.1580291948573604,-0.022360485625666844,-8.959330624524595,0.0,0.03999999999999915,0.0,4.5,0.011835616438356166,-0.2907846609165325,-0.30262027735488867,0.011835616438356166,0.10824031064403769,0.09640469420568153,0.013013698630136985,3.622943654673008,3.6099299560428713
2025-08-11,-0.37995666395558125,0.0,-0.18958424811465605,-0.0443022001405053,0.009075994428547887,0.00995541229413241,0.010938000155061097,0.03146798420420462,0.11450091091327153,1.7354247943951147,5.273111248137244,2.211921967394471,1.0283301576588253,-1.4479017992943763,7.009240199988871,0.019999999999999574,0.0,0.0,4.5,0.01189041095890411,0.011289628072559515,-0.0006007828863445943,0.01189041095890411,-0.08995454924224801,-0.10184496020115212,0.013013698630136985,0.39174160387405504,0.3787279052439181
2025-08-12,1.317685211250988,1.0534402454356926,3.1470271435214277,2.2578931031211535,0.018149518020606027,0.0,0.01091084769931713,-0.020969243731708116,-0.5047729176153182,1.206741041296172,8.259681973596456,4.076732995154855,9.136049981224803,-0.09078785028290672,-9.820670937817152,-0.009999999999999787,0.020000000000000462,0.05999999999999994,4.5,0.011863013698630137,4.338008627748302,4.326145614049672,0.011863013698630137,0.23568931396888126,0.22382630027025113,0.013013698630136985,-1.3868923928299437,-1.3999060914600807
2025-08-13,-0.43925127985010454,-0.4952389809383016,1.476108697745061,0.3924383754207096,0.01813185831371055,0.019907851774488495,0.010909657363222644,0.35580597152799115,0.8246688228016956,2.604611531030144,3.538349736429032,4.826239563220837,3.197291005582496,0.30446433804474893,-1.6427458860831907,-0.040000000000000036,-0.04999999999999982,0.0,4.5,0.011753424657534246,-0.41427968862338804,-0.4260331132809223,0.011753424657534246,0.004541951074463206,-0.00721147358307104,0.013013698630136985,5.146439889016979,5.133426190386842
2025-08-14,0.41875149424926367,0.7344676090256643,0.10235082781845806,0.21219692188258438,0.0,0.009936680658041543,0.010917117462759923,-0.3243579093553472,-0.7441892431081989,-4.125044324166835,-4.4740798068872465,-10.93510676180748,-6.025262449236321,-0.6358881635978504,2.3193410468529696,0.009999999999999787,0.04999999999999982,-0.019999999999999907,4.5,0.011780821917808219,0.011274096405901877,-0.0005067255119063415,0.011780821917808219,-0.4103716482853235,-0.42215247020313174,0.013013698630136985,-1.2054810980386017,-1.2184947966687387
2025-08-15,-0.017787568848188138,-0.07469249818762957,-2.3167061637825386,-2.0985754394358525,0.02721316815238766,0.029843505386862743,0.04369114100178608,-0.19932719138686644,-0.7150315596560212,-0.8154397097906272,-2.4072338519640692,-1.5795843983462727,-4.299743744338587,0.058564678554860666,1.7380131886339676,0.0,0.040000000000000036,0.029999999999999916,4.5,0.011780821917808219,0.43328329587825726,0.42150247396044904,0.011780821917808219,1.0451470871185813,1.0333662652007731,0.013013698630136985,-1.905055888541804,-1.918069587171941
2025-08-18,-0.006468991391102089,-0.04485598174630747,0.2935376407071817,0.408429501017895,0.009062230096076486,0.02983460169582181,0.0,-0.094545593050876,-0.28977678792926437,-0.9809929347405014,-2.9132932452866864,-2.228036088583958,-3.727869461781942,-0.15624875893944004,-0.6648986046074562,0.03000000000000025,0.009999999999999787,-0.010000000000000009,4.5,0.011863013698630137,0.011233944556201032,-0.0006290691424291044,0.011863013698630137,-1.07913669014446,-1.09099970384309,0.013013698630136985,-1.6318720571709386,-1.6448857558010757
2025-08-19,-1.8682488619107829,-1.6432062695319616,-1.5783395415280934,-2.038416645345413,0.027188942459836767,0.0,0.02182112513156932,0.25192598179259124,0.578707087681061,-2.987022020521921,-5.70251441525558,-5.380106694599347,-4.187347727772119,-0.5488312721199512,3.7962669400126234,-0.03000000000000025,-0.040000000000000036,-0.019999999999999907,4.5,0.011780821917808219,0.03377841469463663,0.021997592776828414,0.011780821917808219,0.800744859804866,0.7889640378870577,0.013013698630136985,0.14416039817812618,0.1311466995479892
2025-08-20,-0.7699751353589347,-1.238828311182992,-0.5768086381696343,-0.6588189259373156,0.009066123595565094,0.019874292801642632,0.021816364555345028,0.1466746382178548,0.2190385131178558,1.2712851606869349,6.211260552585306,6.394333757491073,7.559007680570014,1.0071289165624142,0.7677573755063991,0.0,-0.009999999999999787,0.0,4.5,0.011780821917808219,0.011246694173904571,-0.0005341277439036476,0.011780821917808219,-0.5064114538819219,-0.5181922757997302,0.013013698630136985,-1.1580131900686397,-1.1710268886987767
2025-08-21,-0.6299284356502337,-0.6329679989883359,-0.5677946358234526,-0.5204599858383406,-0.00906612359555821,0.0,0.0,-0.29356472698065217,-0.4963892795617787,-1.6372327846506682,-2.6010882828823045,-3.6367617492704896,0.4064570010621566,-0.347592916281607,5.637917834187324,0.020000000000000462,0.040000000000000036,-0.010000000000000009,4.5,0.011835616438356166,0.011205909612471976,-0.0006297068258841899,0.011835616438356166,-0.08617223223451292,-0.09800784867286909,0.013013698630136985,-0.3554439803429154,-0.36845767897305237
2025-08-22,1.6199386202808859,1.8109769145776555,2.7390132408247045,2.1270904582320185,0.06343126304576291,0.0397446101162216,0.032732904889062914,0.5549634260450006,0.737911672807176,3.8863926424778232,13.234872810177096,11.272082858756752,13.829070895575695,1.0649518982753443,-15.47532751891094,-0.05000000000000071,-0.07000000000000028,0.039999999999999925,4.5,0.0116986301369863,0.01119051433138278,-0.0005081158056035213,0.0116986301369863,1.593133200379084,1.5814345702420975,0.013013698630136985,-2.6682179733741287,-2.6812316720042655
2025-08-25,0.11516097120456428,0.04561511456769991,-0.2331293512180594,0.09531379793968676,0.0,0.019870317325112886,0.010894189653916864,-0.19859801216748915,-0.2876007483999223,-5.948697067887765,-9.967916776159313,-16.354929932815118,-7.93214864582221,-0.2417757282480456,3.9301830989975777,0.020000000000000462,0.020000000000000462,-0.029999999999999916,4.5,0.011753424657534246,0.011204241865474859,-0.0005491827920593873,0.011753424657534246,-0.04836411239153678,-0.06011753704907103,0.013013698630136985,2.374206270259066,2.361192571628929
2025-08-26,0.1964193085185819,-0.060828646261762986,0.9372128665243852,0.9582330146901414,0.009053201553988999,0.0,0.01091027877622314,0.2612265306491411,-0.05760482432569675,1.512512333952803,5.0702591657137575,2.4893023606969384,5.531699829633534,0.72358055476429,-1.1560827649531318,-0.009999999999999787,-0.020000000000000462,0.09999999999999998,4.5,0.011726027397260275,0.03377580521362223,0.022049777816361957,0.011726027397260275,0.4918268112931012,0.48010078389584093,0.013013698630136985,3.9470787935469582,3.9340650949168214
2025-08-27,0.4574924878642699,0.6821895274717708,0.19514234811409625,0.30618226083618927,0.018118288805156514,0.009945480051113304,0.010909088564253478,0.18765055891445545,-0.11535533363765105,-0.520655346926939,-2.1317945222453805,-1.132557261105773,-4.800238202913758,0.20166939883499382,1.5609444442969342,-0.020000000000000462,-0.019999999999999574,0.0,4.5,0.011671232876712328,0.2255377364370869,0.2138665035603746,0.011671232876712328,-0.028938836122120174,-0.0406100689988325,0.013013698630136985,0.5053249179470686,0.4923112193169316
2025-08-28,1.5420975374800603,1.3058273616134293,0.48026299177436466,0.40902643994190463,0.009057913529808854,0.00992088976324808,0.010899262583271244,0.2288927389918821,0.655672288754512,1.1822640333317675,0.08400507082163926,1.6877772579588075,-1.090201047483894,0.739165235096038,-2.8690497002423534,0.0,-0.020000000000000462,-0.050000000000000044,4.5,0.011671232876712328,0.011290593105566417,-0.00038063977114591134,0.011671232876712328,0.09413746557144421,0.08246623269473188,0.013013698630136985,0.5068901657079343,0.49387646707779737
2025-08-29,-1.706761426492865,-1.5478538912404072,-2.9045673880971066,-2.9161627937237067,0.04525576034215465,0.059583302457393794,0.04358517482346418,-0.0831633714331138,-0.713386074749543,-3.742335971466304,-3.3164068150352866,-3.799577689787162,0.7611398945125217,0.9603638858147002,6.24573114333022,-0.02999999999999936,0.010000000000000675,0.040000000000000036,4.5,0.011589041095890412,1.0543776874167312,1.042788646320841,0.011589041095890412,-0.2204993253642781,-0.2320883664601685,0.013013698630136985,1.9241888508350724,1.9111751522049354
2025-09-02,-0.8299796570532427,-1.0351748998483372,-1.0202015080608218,-1.321171652198849,0.025415119122330715,0.009961166788721512,0.024063861530380596,-0.2988918146234933,-0.7469582534427678,2.5407604492033506,-0.8010413004201263,-0.5847192501665901,-1.2413763774285012,2.3367402509143442,11.139697398504477,-0.03000000000000025,0.04999999999999982,-0.020000000000000018,4.5,0.011506849315068493,0.011225516140667502,-0.00028133317440099184,0.011506849315068493,-0.4253915659379523,-0.4368984152530208,0.013013698630136985,0.5858919421965615,0.5728782435664245
2025-09-03,1.79910188249447,1.98477110958287,-0.4747051220203668,-0.017462039078329723,0.018186551503769577,0.00997589630893817,0.010942480705811771,0.3447725215526052,1.0917783318055592,0.4688830576405435,2.849484711440696,1.0454007142225759,3.918428485545949,0.7801481349128729,-4.893575867808498,-0.020000000000000462,-0.0600000000000005,-0.010000000000000009,4.5,0.011452054794520546,-2.0519737503115363,-2.063425805106057,0.011452054794520546,0.09658319037543965,0.0851311355809191,0.013013698630136985,1.3951389445482034,1.3821252459180664
2025-09-04,0.9971906559988617,0.7770460910078498,1.0250248962575859,1.190380655082313,0.018140262103456338,0.019909511219665593,0.021846860498062587,0.44748651056451805,0.7594910694769164,-0.898746169776838,-3.466862435314752,-4.051651826055562,-6.692054457220181,-0.442867473735551,-6.637507981002318,-0.019999999999999574,-0.04999999999999982,-0.030000000000000027,4.5,0.011397260273972603,-4.408097722965648,-4.419494983239621,0.011397260273972603,0.7425351581819449,0.7311378979079723,0.013013698630136985,1.9726610595425058,1.9596473609123688
2025-09-05,0.6850984713404603,1.3454716984703066,1.172603915758809,1.172984836875846,0.054451169486933786,0.019929121234937813,0.0327872178506149,0.48681315601798014,1.5131938386949966,-0.06560571512495267,0.1916078854581932,1.1464797358667802,-1.5333697512580566,1.3257668006979741,-0.7874048793430689,-0.08999999999999986,-0.07000000000000028,0.010000000000000009,4.5,0.01115068493150685,0.011250467881132644,9.978294962579431e-05,0.01115068493150685,-0.4186128194505383,-0.42976350438204514,0.013013698630136985,-1.4563250603002007,-1.4693387589303377
2025-09-08,0.9701090513078732,1.0373483584733891,0.7259628012117708,1.0986783006902152,0.01813425835191301,0.029846960111519705,0.01091806057003297,0.30950071281954683,1.3236406160603356,1.2755470324236695,0.025153532750171938,1.6260128214470502,0.23624580580510812,1.1323711365555902,-0.46220385082008464,0.02999999999999936,-0.04999999999999982,-0.029999999999999916,4.5,0.011232876712328766,0.011236449665625986,3.572953297219239e-06,0.011232876712328766,0.02965980789383742,0.018426931181508656,0.013013698630136985,1.3314486122368376,1.3184349136067006
2025-09-09,0.2314250987618332,0.21777706826209436,0.08434251168662056,0.43410710702454075,-0.009070297712802298,0.0,0.01093411395488195,-0.2371927131948172,-0.5699279855515412,-0.4837916692699648,0.022495659480887043,-0.1718742003014262,-1.6502852112968875,-0.22724856092171303,-0.4643437577763262,0.0,0.03000000000000025,-0.020000000000000018,4.5,0.011232876712328766,0.033783975658368055,0.022551098946039287,0.011232876712328766,-0.16872115522388909,-0.17995403193621784,0.013013698630136985,0.1495091090528535,0.1364954104227165
2025-09-10,0.5700068755073205,0.6937495181764565,1.7472748502605076,1.0089582163568886,0.01815408860329172,0.009952243769858017,0.010907053421183956,0.2681064411872991,0.5699279855515285,2.1508270891820573,0.9264012590971932,2.0487317366267015,0.6523272208072158,0.35857690781288176,2.0402182899328007,-0.009999999999999787,-0.040000000000000036,-0.040000000000000036,4.5,0.011205479452054794,0.015673761598003936,0.004468282145949142,0.011205479452054794,0.1825132350871964,0.1713077556351416,0.013013698630136985,-0.2710723594880935,-0.28408605811823046
2025-09-11,-0.2126199286806621,-0.1729894455179315,0.6841800976130454,1.0252121351349102,0.018122167074285284,0.019909369631050732,0.010914484678604305,0.15433607115827375,0.6663546886541148,1.3529013824572131,2.5445771445145744,2.5670638310926455,3.1611298020278733,-0.1492492994951946,-4.258796167803976,-0.009999999999999787,-0.03000000000000025,-0.010000000000000009,4.5,0.011178082191780823,-1.774744379315454,-1.7859224615072349,0.011178082191780823,0.2546059453993418,0.24342786320756096,0.013013698630136985,0.3474828139567345,0.33446911532659757
2025-09-12,0.2622018751271005,-0.04329140711173716,0.1761825628342693,0.12824804791991792,0.01814750477147216,0.029836997564153863,0.03277078006630518,-0.2883075895764711,-0.4326109907492349,0.5129680319349263,5.537583398492823,1.956203106303225,3.8247906437251724,0.19696315993883207,0.33932974726116655,0.0,0.04999999999999982,0.010000000000000009,4.5,0.011178082191780823,0.011224704234873581,4.6622043092758164e-05,0.011178082191780823,0.49621836367579253,0.4850402814840117,0.013013698630136985,-3.633868047192019,-3.6468817458221556
2025-09-15,1.574765398072807,1.6746948392290673,0.8413869607717591,0.9321548970844787,0.018115596010788836,0.0,0.010909717958423992,0.1648431499614018,0.2331897946245583,-0.5672338115693464,-4.078133325485783,-10.570614321702651,-7.1877972367346565,1.0351078276418408,6.110270532150231,-0.020000000000000462,-0.009999999999999787,0.010000000000000009,4.5,0.011123287671232876,0.011175296202577815,5.200853134493949e-05,0.011123287671232876,-0.9696933878063678,-0.9808166754776007,0.013013698630136985,6.672021542037627,6.65900784340749
2025-09-16,-0.24829198911458014,-0.1846945989514765,0.5121754619904609,0.013014737364834989,0.018133773000046486,0.019899468891124737,0.01093437604770259,0.0617553394826598,0.21051538052677155,1.2039614740681204,-0.5150591340382686,1.7572932203074259,-0.11407051446647423,0.200440059968761,4.181582848142494,-0.019999999999999574,-0.009999999999999787,0.020000000000000018,4.5,0.011068493150684932,0.029089019509699148,0.018020526359014216,0.011068493150684932,0.22942537799207374,0.21835688484138882,0.013013698630136985,-1.4845343602998917,-1.4975480589300287
2025-09-17,-0.5634975589784158,-0.7565502889729553,-0.019335646650062654,-0.6400434188752762,0.009069229555155956,0.009936477192676105,0.010907335219583784,-0.21629037416541863,-0.25489604068761806,-0.3211840787451935,1.960617454339147,2.3918869678447874,2.3627640429840935,-0.7745087571334619,-3.9905564494527264,-0.020000000000000462,0.019999999999999574,0.010000000000000009,4.5,0.011013698630136985,-2.265509280654913,-2.27652297928505,0.011013698630136985,-0.12328004505110197,-0.13429374368123895,0.013013698630136985,-0.10950048754081561,-0.1225141861709526
2025-09-18,1.2674653011330004,1.3661790375969816,3.43694834420004,3.767604952609891,0.009061255703836703,0.01990137993915136,0.010906145649728659,-0.3304696210574263,-1.037324141687457,0.5725006775122413,-0.061299352469675904,0.6649525196761555,1.0199403145366372,-0.4014356216469492,-0.1273103782080926,0.010000000000000675,0.05000000000000071,0.0,4.25,0.01104109589041096,-0.08337826982213727,-0.09441936571254822,0.01104109589041096,0.13887065725075512,0.12782956136034415,0.013013698630136985,4.463470671746581,4.450456973116444
2025-09-19,0.8922867597286039,0.6059347846080666,-0.6411439105338013,-0.39830993733800085,0.036236814411220584,0.03974381999051078,0.04364713377473925,-0.04138355223562432,-0.19078869879481114,-1.2441583362179642,-2.6268833690720466,-4.874469037066627,-3.5090424921118046,1.0551365296973236,-1.6051709207089098,0.0,0.02999999999999936,0.029999999999999916,4.25,0.01104109589041096,-2.320512513737849,-2.33155360962826,0.01104109589041096,0.7691225284987863,0.7580814326083753,0.013013698630136985,-0.04266998160255103,-0.05568368023268802
2025-09-22,-0.16490904725979685,0.05618106200961898,1.4822273294105766,2.0255318655499965,0.00905000406651603,0.0,0.010900197936339279,-0.16573025832398966,-0.3601063260170501,-2.574459685359166,-6.182413544381431,-10.657484466533083,-9.93778142442818,1.7158380367683161,4.1210304685733155,-0.03000000000000025,0.010000000000000675,-0.029999999999999916,4.25,0.010958904109589041,-0.08394294202079375,-0.09490184613038279,0.010958904109589041,-0.7382375159662474,-0.7491964200758364,0.013013698630136985,-1.5366607334012006,-1.5496744320313376
2025-09-23,-1.3966822160679253,-1.3001852762410333,-0.11866351055816304,-0.14599044559929325,0.0,0.01987383026226609,0.0,0.27948771612753925,0.6965423405552216,-0.6531416615244119,-0.8932141613725291,-2.0468589861955984,1.701074270251209,0.40780484982401616,3.299010302909157,0.0,-0.03000000000000025,0.04999999999999993,4.25,0.010958904109589041,-0.17379913070697314,-0.1847580348165622,0.010958904109589041,-0.4702923068567441,-0.48125121096633316,0.013013698630136985,3.4898929613243395,3.4768792626942027
2025-09-24,-0.5104820209190678,-0.7711032003819931,-0.15223694640007132,-0.1835771669926353,0.00906348017816988,0.009951116813265276,0.021814047299886674,-0.2691251079800635,-0.3813583532342807,1.166352569712314,-0.28933081415406603,-1.8975564471943527,1.181177774427292,-0.9104369003754706,-2.8033468221638267,0.019999999999999574,0.040000000000000036,0.0,4.25,0.011013698630136985,0.010790541080193745,-0.00022315754994324012,0.011013698630136985,0.09781048636592865,0.08679678773579166,0.013013698630136985,3.481902408611179,3.468888709981042
2025-09-25,-0.4081150495825978,-0.11474732993708024,-0.32010037677603753,-0.015569171222874033,0.009055511902226627,0.009918764542512679,0.0,-0.21788164276280633,0.0,-3.8491879643615556,-7.112002669484189,-6.210177383764366,-6.89280988600524,0.4156538489887818,3.40251208969369,0.020000000000000462,0.019999999999999574,-0.04999999999999993,4.25,0.011068493150684932,0.01549077563603918,0.004422282485354248,0.011068493150684932,0.11567189214153947,0.10460339899085454,0.013013698630136985,-1.2516160919675203,-1.2646297905976573
2025-09-26,0.4346415160917664,0.18638940862300457,0.21971312383888647,0.23644157046192318,0.03621384960638016,0.029813097656248136,0.03269494172801072,-0.051953276394796626,-0.08997679066571947,0.606632543055882,4.240241749784931,2.458993686671004,4.203296559952637,0.5755674720215596,-9.060203394250498,-0.020000000000000462,0.020000000000000462,0.029999999999999916,4.25,0.011013698630136985,-0.06577038135024785,-0.07678407998038483,0.011013698630136985,0.07118536610762188,0.0601716674774849,0.013013698630136985,2.7412900786727787,2.728276380042642
2025-09-29,0.21448286239722728,0.44308682126182003,0.037186316273923735,0.2606684012903872,0.009065700941181245,0.009906987192949593,0.01091027862904583,0.290565104162538,0.8178086325239909,4.183812651811283,4.397868676359532,1.715316963794689,2.316299253854418,1.636192499893196,5.2861771694031905,0.020000000000000462,-0.04999999999999982,-0.04999999999999993,4.25,0.011068493150684932,1.9183879217042523,1.9073194285535673,0.011068493150684932,-0.864531654280495,-0.87560014743118,0.013013698630136985,-13.804757987365349,-13.817771685995487
2025-09-30,-0.09038070244020212,-0.19985643133303566,0.8110425590303071,1.140188126853612,0.009029164134815438,0.0,0.0,-0.04144828218942595,-0.29049735939733184,-0.3014115884239906,-1.7071255792248001,-1.5799953640779363,-1.0134328776033996,0.8503744538253297,0.9876613611529673,-0.020000000000000462,0.009999999999999787,0.040000000000000036,4.25,0.011013698630136985,14.956351269499368,14.945433735252793,0.011013698630136985,0.3004366832312489,0.28942298460111193,0.013013698630136985,12.283822775708146,12.270809077078008
2025-10-01,0.010642596801249375,-0.38657685445051476,1.9070517548561823,2.2211409665618165,0.024518925136913818,0.016966570763328814,0.02296104293656464,0.3363404762988791,0.25791949141977716,3.9478652767795013,4.829774681358695,5.4392096888357795,4.239755797470343,0.15741326049985924,0.061407606411764,-0.009999999999999787,-0.040000000000000036,0.009999999999999898,4.25,0.010986301369863012,5.996807575341415,5.985821273971552,0.010986301369863012,0.00461749563449212,-0.006368805735370892,0.013013698630136985,-3.5815714415081557,-3.5945851401382924
2025-10-02,0.29609976999209664,0.20062974929539826,1.917523823634355,1.354329208009383,0.009076119909952543,0.009959172494240305,0.010932386811114947,0.10356715051284993,0.2907585212024172,1.6983874858595087,3.0958681092087215,3.590780094319629,0.8716993825747581,-0.3488904306035992,2.0656763924054484,0.009999999999999787,-0.020000000000000462,-0.019999999999999907,4.25,0.011013698630136985,1.8721804251419414,1.8611667265118044,0.011013698630136985,0.7013870963731867,0.6903733977430497,0.013013698630136985,0.8244358796675418,0.8114221810374048
2025-10-03,-0.5556583070182044,-0.559902972260307,-0.6160439459968124,-0.46228225105389303,0.03630338229970965,0.03982677442770029,0.021869787818220028,-0.19686121016769623,-0.19002586688855574,1.3050507216426515,0.598633191392021,-2.1590234940994515,0.6556532699513017,0.8000845595952238,0.12019507755499145,0.010000000000000675,0.03000000000000025,0.0,4.25,0.01104109589041096,3.63038891935482,3.6193478234644094,0.01104109589041096,1.5702930951985554,1.5592519993081444,0.013013698630136985,0.35163715950197255,0.3386234608718356
2025-10-06,0.5086980883060855,0.31623027886362404,2.956286702692574,1.9704819594803857,-0.0090656867601907,0.0,0.021856408812508415,-0.29090532556309384,-0.7975320298853718,2.012868084515184,3.7580778638721455,2.060752960657282,2.224033683111064,1.8670357712142447,-1.695975086576718,-0.010000000000000675,0.04999999999999982,0.029999999999999916,4.25,0.011013698630136985,1.0702777989597447,1.0592641003296077,0.011013698630136985,-0.5990340593272826,-0.6100477579574196,0.013013698630136985,-0.4400617346367224,-0.45307543326685934
2025-10-07,-0.4009262855685755,-0.22989042540944635,-2.2621793504830583,-1.8606415850068243,0.009065686760189333,0.01992310190491196,0.0,0.2493851808502653,0.5735230031806492,-2.681798376519831,-5.179439967668896,-7.158875206444276,-7.263988731802623,0.5146197838027117,5.178180930974778,-0.009999999999999787,-0.040000000000000036,-0.010000000000000009,4.25,0.010986301369863012,0.20820413182244482,0.19721783045258182,0.010986301369863012,1.274393107520043,1.26340680615018,0.013013698630136985,1.0743468256097632,1.0613331269796262
2025-10-08,1.594876627215625,1.513241152026344,3.358937841134877,2.640982159671733,0.0181574551626426,0.009944402965410345,0.02186022812713146,0.020741790092483288,0.07846779565236409,1.5551259305387295,1.7039681537971894,3.8336627145943387,3.2133995042591317,1.6356457714615964,-5.606719095272428,0.0,-0.009999999999999787,-0.019999999999999907,4.25,0.010986301369863012,-0.2283263580199917,-0.23931265938985471,0.010986301369863012,0.841359269424069,0.830372968054206,0.013013698630136985,0.029302140038020282,0.016288441407883297
2025-10-09,0.31034483672890745,0.6073898087425952,-0.4641344074006074,-0.24882220022463933,0.00907749138156444,0.00995907229247001,0.0,-0.07265190897520568,-0.0784677956523768,-1.346040236705057,-3.563558115607337,-2.674356085309132,-4.261176709147011,-1.8625225753276278,0.7943889616864368,0.020000000000000462,0.009999999999999787,-0.010000000000000009,4.25,0.01104109589041096,-0.024430563469640273,-0.035471659360051234,0.01104109589041096,-0.09170283362903879,-0.10274392951944974,0.013013698630136985,0.5190991158973915,0.5060854172672545
2025-10-10,-3.5148571434606026,-3.7447895340842114,-6.477069780129403,-5.928209579684534,0.04533943672911224,0.049764839077244646,0.04368894230539539,0.6210686955698821,1.601812339704947,-7.232182184699049,-12.831140837959246,-16.434754333336567,-17.373589730406426,1.0047058859954674,27.63582839046803,-0.010000000000000675,-0.08999999999999986,-0.010000000000000009,4.25,0.011013698630136985,0.0019286482230873256,-0.009085050407049659,0.011013698630136985,1.343741175141484,1.332727476511347,0.013013698630136985,0.7589742378430379,0.7459605392129008
2025-10-13,2.682061244645812,3.293130778298439,4.6267749643212674,4.333924761872974,-0.009066242963326369,-0.009946291209545105,0.010910663242543434,0.05156442546116502,-0.05518716650279075,1.8003479276781487,9.959640905890224,19.533473603483923,14.3242927570427,2.4010471634505017,-12.94505171378362,0.0,0.0,0.0,4.25,0.011013698630136985,0.01070230922667946,-0.0003113894034575248,0.011013698630136985,-0.36706019860649985,-0.3780738972366368,0.013013698630136985,11.309779570941462,11.296765872311324
2025-10-14,-1.6457957933370109,-2.2026074542676053,-2.071375854397,-1.8567121888136597,0.027217657980161524,0.009946291209552725,0.0,0.2575213071453648,0.3196833623378541,-1.884916344559421,-2.8686087571137624,-3.3934087013482377,-2.2146369398390586,0.7115811676483972,8.941689735171126,0.0,-0.019999999999999574,0.020000000000000018,4.25,0.011013698630136985,0.0,-0.011013698630136985,0.011013698630136985,-0.19632132774347655,-0.20733502637361353,0.013013698630136985,3.0874977088575917,3.074484010227455
2025-10-15,0.3797557246043329,0.31764568134503124,3.0390545571670855,2.452435094735195,-0.00907886175945619,0.01988961504972182,0.010918062613952433,-0.11321891737250214,-0.22035614891511168,-2.0862578290898415,-3.401161563733763,-3.6803666349430166,-5.192350079919317,1.718391083164241,-0.8202703699968842,0.010000000000000675,0.019999999999999574,0.0,4.25,0.01104109589041096,0.8189003904532788,0.8078592945628679,0.01104109589041096,0.6523051800399965,0.6412640841495856,0.013013698630136985,-5.818745650662209,-5.831759349292346
2025-10-16,-0.42127875081455135,-0.5203084402548788,0.4647774062911378,0.44373685185628475,0.018142637551347977,0.009958969912769972,0.010916870703175574,0.462382822929885,0.747250328364229,-2.372248478317967,-2.3523683730590887,-4.7614803589262005,-8.255273679852303,2.3117985169431865,20.396864241431075,-0.010000000000000675,-0.05999999999999961,0.029999999999999916,4.25,0.011013698630136985,-0.08354881945649786,-0.09456251808663485,0.011013698630136985,0.051161611589845696,0.04014791295970871,0.013013698630136985,2.6790333949716443,2.6660196963415075
2025-10-17,0.5380109123950325,0.5491303527613423,-0.2806859719468693,-0.13699863810089308,0.04529943258544724,0.029816216722898102,0.021847340422262558,-0.16416675618019405,-0.15339343721565213,-1.6009839805348833,-1.6097936733144196,-2.249590232807947,-7.905810891417199,-1.8996349267191464,-19.72085347417192,-0.019999999999999574,0.02999999999999936,-0.019999999999999907,4.25,0.010958904109589041,0.010922644644750094,-3.625946483894714e-05,0.010958904109589041,0.07617700169594228,0.06521809758635325,0.013013698630136985,1.8166626303761195,1.8036489317459825
2025-10-20,1.7894753145705913,1.8702773622135886,1.6519516656297966,1.272394973266966,0.00908023104609685,0.009962829426776025,0.021816813465761226,0.13339742698868928,0.3830389883277307,3.7977501552313315,3.7940135625632427,3.2333456991861262,10.45169908676252,3.5755074749402946,-13.092245513454456,-0.029999999999999805,-0.019999999999999574,-0.020000000000000018,4.25,0.010876712328767123,0.01087165214245045,-5.060186316673335e-06,0.010876712328767123,0.057815326343558064,0.04693861401479094,0.013013698630136985,-1.6286131522431981,-1.6416268508733352
2025-10-21,0.053222717625301175,0.29659892227393136,-0.5613632322582395,-0.5545033362617531,0.009058027504905657,0.019883590751145493,0.0,0.18438541385142157,0.4903338420576199,-1.9282830173496075,-2.6471993284264452,-1.2382102817804468,-4.586747884672275,-4.220765909611007,-1.9945187445519825,-0.010000000000000231,-0.020000000000000018,-0.010000000000000009,4.25,0.01084931506849315,0.03220009637653441,0.021350781308041262,0.01084931506849315,0.5211900254505334,0.5103407103820402,0.013013698630136985,13.931447045333877,13.920077182320178
2025-10-22,-1.5144447375538943,-1.391677288058055,-2.5024700799059123,-1.9594083064465095,0.01810646886515307,0.0099364042845583,0.021812054770438485,0.02047346445787518,0.06517993028089937,-0.7293562270818725,-1.7864589534395174,-3.5519987773196933,-0.9039223507841347,0.010605032482095541,4.003822509368809,0.0,-0.009999999999999787,-0.010000000000000009,4.25,0.01084931506849315,0.01067819785796625,-0.00017111721052689988,0.01084931506849315,-0.6434644921440138,-0.654313807212507,0.013013698630136985,-0.5397105931976522,-0.5527242918277893
2025-10-23,0.96755240333948,0.5988015790783285,2.4097569526035465,1.8145033168075353,0.00906269181803619,0.009935417061405803,0.010908534608831313,-0.3279986006850341,-0.686677693728853,2.18704444247777,1.2500977883111482,4.368644259330638,3.4986364198748525,0.39943702532297154,-7.245514382509456,-0.009999999999999787,0.03999999999999959,0.010000000000000009,4.25,0.010821917808219178,0.010775660506022751,-4.6257302196426806e-05,0.010821917808219178,0.6833964758106711,0.6725745580024519,0.013013698630136985,0.3863328732983539,0.37331917466821696
2025-10-24,1.0355150492491665,1.0885867954054074,1.635692977156253,1.8220580023877588,0.018101550602884552,0.029823772675038933,0.03271846587563117,0.092360922754028,0.04374908501801877,0.8721714285261932,2.016372030149517,-1.0828845642464493,2.0195884627252227,-0.33584660498819907,-5.525601475359516,-0.020000000000000018,0.009999999999999787,0.010000000000000009,4.25,0.010767123287671234,0.0020034697763911123,-0.008763653511280122,0.010767123287671234,-0.16485188903413234,-0.17561901232180357,0.013013698630136985,-3.2980112529333647,-3.3110249515635015
2025-10-27,1.7568080988255512,1.9631622720369841,2.7404485783602737,2.4752265610850657,0.027171107885509214,0.009923654288342408,0.0,0.0,0.3383195457116619,2.7408881782039667,4.60818566491606,4.28245596674369,2.6320344061981777,-2.823439606845571,-3.607361679793433,-0.040000000000000036,-0.009999999999999787,-0.010000000000000009,4.25,0.010657534246575343,0.010730209683897755,7.267543732241213e-05,0.010657534246575343,-0.2940737812881874,-0.30473131553476274,0.012328767123287671,1.3404630180274621,1.3281342509041745
2025-10-28,1.4154247412148153,1.1378583723159053,0.12160227483783283,0.8768438520548852,0.009057769133204451,0.009930482334647852,0.010912355267702392,0.09227569606361387,0.26114901986541106,-1.0244824086811921,-3.4032678783860884,-2.488802228756014,-2.915523016164845,-0.7191829710492189,3.912328281902929,0.0,-0.019999999999999574,-0.010000000000000009,4.25,0.010657534246575343,0.03217782229728236,0.021520288050707017,0.010657534246575343,-0.10000753609154835,-0.11066507033812369,0.012328767123287671,1.0423886499334754,1.0300598828101877
2025-10-29,0.7110453563602841,0.7063281886619612,1.6774408396887812,1.503336003528851,-0.009057769133199235,0.00992949628777901,0.03270419598763938,-0.6477089099054298,-1.0157683732436324,-2.601680546576632,-2.0014178492566472,-0.9549716821583913,-0.39720513379813427,-0.3794458273018786,2.9996250016490023,0.040000000000000036,0.08999999999999986,-0.030000000000000027,4.25,0.010767123287671234,0.01077231491644522,5.191628773985879e-06,0.010767123287671234,0.12974823407350622,0.11898111078583498,0.012328767123287671,0.044428029352205266,0.0320992622289176
2025-10-30,-1.8012660303570052,-1.7477217341644942,-1.3626143849945196,-1.3327272147369096,0.009057769133204451,0.009936321622546086,0.0,-0.14452581307992185,-0.5835547858059531,-1.602663895461955,-2.5684149923013564,-7.502181464049816,-5.636643237069945,1.9451474207493995,-0.059120480021661106,-0.010000000000000231,0.03000000000000025,0.010000000000000009,4.0,0.01073972602739726,0.010774051740392226,3.432571299496687e-05,0.01073972602739726,-0.06564610274487664,-0.0763858287722739,0.012328767123287671,0.392987913748526,0.3806591466252383
2025-10-31,0.414619109369334,0.5631546514282478,0.3725717429798263,-0.19539797543726586,0.01811307734245021,0.02977961583496346,0.021814004317076387,0.04131905652474192,-0.298590456697786,1.148096119628519,1.1162718308131603,-1.6901858116546886,6.039351325568804,-0.5445349765875754,3.0861295216443967,-0.029999999999999805,0.0,0.010000000000000009,4.0,0.010657534246575343,0.01073771046671874,8.017622014339608e-05,0.010657534246575343,-0.23587905567379364,-0.24653658992036898,0.012328767123287671,-0.8605961669951546,-0.8729249341184423
2025-11-03,0.34096546019631546,0.0958309237871573,0.5951970574050144,0.8448643491659845,0.028131419756605967,0.027904970873055976,0.014205698103428654,-0.04764291550672849,-0.25040677373572723,-2.7846216495197007,-6.573972232048407,-10.003501313181735,-13.505232599777429,0.17912982604373526,-1.5602769750574097,0.08999999999999986,0.019999999999999574,0.020000000000000018,4.0,0.010904109589041098,-0.8922809133960297,-0.9031850229850708,0.010904109589041098,0.17563725316727574,0.16473314357823465,0.012328767123287671,8.116431620080363,8.104102852957075
2025-11-04,-2.0304114605270436,-2.0320019023167357,-4.009535824665946,-3.7118564485019205,0.009074111477242955,0.0,0.010937955401870333,0.12426336400017433,0.22261084341440193,-4.764085753760775,-8.990501013567211,-2.209703621578561,-5.71308515799827,-1.7672437504169118,10.127529981361153,-0.020000000000000018,-0.03000000000000025,-0.010000000000000009,4.0,0.01084931506849315,-0.02442935142081974,-0.03527866648931289,0.01084931506849315,0.1521032861478921,0.14125397107939894,0.012328767123287671,2.115285947485916,2.1029571803626284
2025-11-05,0.2407968185526246,0.25104657991238905,3.0614101810105647,1.892621733321707,0.009080404138306805,0.019928470672921594,0.010928188484509929,-0.47722597155349844,-1.095577060174352,2.240006132174874,3.9481668810072805,5.234502967303363,6.896575886211795,1.149801326624776,-5.351180726997863,0.0,0.07000000000000028,0.020000000000000018,4.0,0.01084931506849315,0.04048017630721304,0.02963086123871989,0.01084931506849315,-0.033924020277664835,-0.04477333534615799,0.012328767123287671,-0.6110459078655198,-0.6233746749888075
2025-11-06,-1.465083078637406,-1.3603760966662346,-2.6437287591537184,-2.3671571564675324,0.018151220349407544,0.009943235373100538,0.010926994361953888,0.5082656687629421,0.8952671999247409,-2.5251182491850757,-3.352136366985419,-2.0940292766138335,-2.5158201669455735,-0.12012407765737874,7.948729367323931,-0.029999999999999805,-0.05999999999999961,0.0,4.0,0.010767123287671234,-0.23829255294576,-0.24905967623343123,0.010767123287671234,-0.06954520302595231,-0.08031232631362355,0.012328767123287671,-0.25319068237462217,-0.26551944949790984
2025-11-07,-0.12322136558670607,-0.24033116463265455,-1.0542847243831748,-0.8495346080673009,0.03629255968392981,0.02986278552240436,0.03278238787446495,0.04139565066796338,-0.21191942461741375,2.023892596873405,3.647448115981518,11.172846069697064,5.352523965580372,0.6100376279774767,-2.177380354819527,-0.010000000000000231,0.0,0.020000000000000018,4.0,0.01073972602739726,0.010285520452039959,-0.0004542055753573009,0.01073972602739726,0.0779877793347087,0.06724805330731144,0.011643835616438357,4.521277680855219,4.50963384523878
2025-11-10,2.3733628477592923,2.6813478356528564,2.555556164979763,3.019000922434527,0.00907463797900135,0.00996268207926751,0.02184324627077067,-0.13455179515682397,-0.022321858466263916,2.5068896821942377,3.802956263631787,22.731632634730662,9.348028635190138,2.6974026330607748,-8.074173830298362,0.03000000000000025,0.019999999999999574,-0.010000000000000009,4.0,0.010821917808219178,0.01027620588273528,-0.0005457119254838969,0.010821917808219178,-0.3297296882667936,-0.3405516060750128,0.011643835616438357,-5.462023573343942,-5.473667408960381
2025-11-11,-0.15432680580189406,-0.16549824403552313,-2.294330775910857,-2.180863068571758,0.0,0.009953889162773729,-0.01092102672613121,0.3101971086171307,0.45678499635243114,-2.870254647684184,-4.387398640993172,-11.900786648125795,-9.462976969591235,0.39300815092205243,-1.8349120606183555,0.0,0.0,0.0,4.0,0.010821917808219178,-7.8056600951034305,-7.817200643048636,0.010821917808219178,0.08553104102806344,0.07470912321984427,0.012328767123287671,0.34959249353041105,0.3372637264071234
2025-11-12,-0.5386748344488643,-0.6230507628374163,1.519822395858089,1.26809470378163,0.009073814563203133,0.009945098772988997,0.010921026726119559,0.020651039705679542,0.17771059945729342,-1.3039146642676998,-0.06408517068140884,-8.31133652443872,-1.3701021790289805,1.5982361021277474,1.3222356256914491,0.0,-0.04999999999999982,-0.030000000000000027,4.0,0.010821917808219178,0.0,-0.010821917808219178,0.010821917808219178,0.3727872830639073,0.3619653652556881,0.012328767123287671,0.8188308801297629,0.8065021130064752
2025-11-13,-2.1064542363388243,-2.2614920067013338,-3.4941123374839176,-3.058703386163506,0.00908010146874601,0.009944109821388162,0.010911270059540575,-0.28943018638004425,-0.8245078936348954,-1.9524742976585432,-5.428392280984721,2.480250017622588,-2.6470583244280683,-0.811594387120292,13.296011418473801,0.009999999999999787,0.03000000000000025,0.010000000000000009,4.0,0.01084931506849315,-0.028709797087701605,-0.03955911215619476,0.01084931506849315,-0.16704852843909382,-0.17789784350758697,0.012328767123287671,0.2730494478234893,0.2607206807002016
2025-11-14,0.0014698142280649923,0.0,-0.2976446357853098,0.04639365735389927,0.027185600898805146,0.02984978748344173,0.043684540777074225,-0.16575858593096066,-0.5722305878490354,-5.462287113659149,-4.071281618360177,-10.614386392154062,-13.749420251438274,-1.8212761198262515,-0.8536334869686694,-0.009999999999999787,0.02999999999999936,-0.010000000000000009,4.0,0.010821917808219178,0.010313965269703613,-0.0005079525385155645,0.010821917808219178,-0.15879218346011745,-0.16961410126833662,0.012328767123287671,0.7141242993877328,0.7017955322644451
2025-11-17,-0.6888910863450958,-0.48418826006049837,-1.7340497149737848,-1.3658993001757702,0.009076809252625762,0.00994015365645384,0.0,0.11399362113232536,0.2472209099867382,-2.470921467951883,-2.5863918998438677,6.000469271826985,-2.924294387306912,-1.1530197275275704,12.097172670021603,0.020000000000000018,-0.009999999999999787,0.010000000000000009,4.0,0.010876712328767123,0.01033266911467492,-0.0005440432140922033,0.010876712328767123,0.06887868999707011,0.05800197766830299,0.012328767123287671,0.239309165097292,0.22698039797400432
2025-11-18,-1.407302943757249,-1.6262931256536268,-2.3478404442386944,-2.081449529729227,0.01812982831130652,0.0,0.021843674699638715,0.16557801702269975,-0.033669529810327115,0.9241173563305538,3.2028732106195945,1.2472365050810514,5.367853754843679,0.7238670232445853,9.823065960309084,-0.03000000000000025,-0.009999999999999787,0.010000000000000009,4.0,0.010794520547945205,-5.374490271276225,-5.38528479182417,0.010794520547945205,0.02794243830899375,0.017147917761048546,0.012328767123287671,-0.5954323744959608,-0.6077611416192484
2025-11-19,0.6816782664596635,0.9099577156167268,1.6577643102241229,1.8284210620793422,0.009053023222064673,0.0199007263876302,0.0,-0.07241223765514981,-0.20230886962138006,-1.6082377699808927,-3.251421900082368,-4.019902438762521,-2.1368696755309857,0.16281258445646413,-4.261247288656275,0.010000000000000231,0.009999999999999787,0.010000000000000009,4.0,0.010821917808219178,0.010017056044027067,-0.0008048617641921111,0.010821917808219178,0.2799446628065662,0.26912274499834704,0.012328767123287671,-2.071969489638688,-2.0842982567619757
2025-11-20,-2.194985989592099,-2.165632904669077,-4.91629635988735,-4.316441594999311,0.009066413760660993,0.01989676678649184,0.02181323438712553,0.23770843903286715,0.3930121202078374,-5.4299143131611185,-6.536849882670856,-9.225603067268427,-5.771701558250515,-0.029336859393561274,11.03354498808654,-0.010000000000000231,-0.03000000000000025,0.0,4.0,0.010794520547945205,-0.12870875545954052,-0.13950327600748574,0.010794520547945205,-0.21852348760111104,-0.22931800814905623,0.012328767123287671,-2.001194563741608,-2.0135233308648957
2025-11-21,0.22024733582631056,0.4983213735298489,1.0131114898859934,0.31633089985337287,0.036250334849446356,0.019869435279406537,0.02183414154853255,0.3297911316083986,0.30213975408509974,-1.7950490472289502,-2.3611152385789573,-2.0892203572985353,-4.3501484909351245,-0.15485295000223417,-12.010403643720817,-0.040000000000000036,-0.040000000000000036,0.0,4.0,0.010684931506849316,-0.24046520459132154,-0.25115013609817083,0.010684931506849316,-0.07080774591909547,-0.08149267742594479,0.012328767123287671,-0.5937919246238057,-0.6061206917470934
2025-11-24,3.378606737938256,3.023986288154734,4.289508825011023,3.9057863957493666,0.009062306273675907,0.009941027743715369,0.0,0.1542255692899526,0.568214048504351,3.6689071996159193,6.543105205208861,-2.1464352870546035,12.563441640825848,1.5720029429593212,-13.261722293396586,0.010000000000000231,-0.019999999999999574,0.029999999999999916,4.0,0.010712328767123289,0.4569241115887449,0.4462117828216216,0.010712328767123289,-0.9636897613770292,-0.9744020901441525,0.012328767123287671,4.404411596169274,4.392082829045986
2025-11-25,0.6703325933638024,0.7067167223092353,0.31079768949904224,0.2621086967505563,0.009061485094117777,0.019871302418930575,0.02181226949657414,0.2564937610579797,0.2552016804692079,-1.057647695675446,0.1767285172371915,-1.1552276475216379,0.12245512761516598,-0.031574061123677444,-10.039134402734167,-0.010000000000000231,-0.03000000000000025,0.0,4.0,0.010684931506849316,-0.1367097670163177,-0.14739469852316703,0.010684931506849316,0.8865238238368474,0.875838892329998,0.012328767123287671,2.61044863219721,2.5981198650739223
2025-11-26,0.15887458384784955,0.3514942107444592,2.716839977509246,2.2393686628811147,0.018106307505936097,0.00994585274531261,0.010912902816461257,0.08195308313086895,0.4422859152624527,3.572258791333639,2.3348428095094005,1.2525427754002476,3.849482976476538,0.7966521739529534,-7.668084812071645,0.020000000000000018,-0.009999999999999787,-0.029999999999999916,4.0,0.01073972602739726,-7.8056600951034305,-7.817200643048636,0.01073972602739726,-0.28359447464145243,-0.2943342006688497,0.012328767123287671,0.9104072847345536,0.8980785176112659
2025-11-28,0.880511839125327,0.6156482771066473,1.8193602148481356,1.3057581089132364,0.027153315773024336,0.02980826718694171,0.03271446644741949,-0.17421957741967958,-0.47554378741510767,0.4419139334075671,0.14826224864995416,-2.7377597295660414,-0.20967976016456527,1.2347782735317652,-5.009992978793776,-0.040000000000000036,0.019999999999999574,0.0,4.0,0.01063013698630137,-0.3774757480599966,-0.388105885046298,0.01063013698630137,-0.4591435221973559,-0.46977365918365727,0.012328767123287671,1.3150302360500108,1.3027014689267231
2025-12-01,-0.3892730944489034,-0.2513971986351034,0.060649116427354696,0.1928411521637201,0.02000000148611937,0.022895249584858265,0.012019407510679425,-0.5384086747032787,-1.2526977745722276,-5.189240925415531,-7.963597047014071,-8.999806018287348,-7.711746545148874,0.48094819130788485,5.300433128459449,-0.06999999999999984,0.07000000000000028,0.0,4.0,0.010438356164383563,0.018338298628296806,0.007899942463913243,0.010438356164383563,0.09286075945794087,0.08242240329355731,0.012328767123287671,5.19412647159281,5.181797704469522
2025-12-02,0.5955601134833741,0.4325654615286075,1.9741809644251727,1.8164679739202703,0.018144162981385537,0.019940519411534546,0.03281092709363058,0.08268985519231382,0.04505664596419336,5.662099387030378,6.823838280892502,5.559498159665663,10.140425770937076,-0.6460877304549151,-3.8432138559402986,-0.040000000000000036,0.0,0.029999999999999916,4.0,0.01032876712328767,0.06553669957476212,0.05520793245147444,0.01032876712328767,0.16575624288580376,0.1554274757625161,0.011643835616438357,0.2738941841246011,0.26225034850816276
2025-12-03,-0.6522823552306658,-0.5585068020301375,2.1301011321290666,1.365040887024238,0.018162153315085507,0.009968768812771,0.010903254307502405,0.20647444047093433,0.2811207393964846,2.3558262011831657,6.2588230463378345,3.283888121768772,4.336855855242783,-0.09300505859088988,-3.122385439376344,-0.04999999999999982,-0.03000000000000025,-0.010000000000000009,4.0,0.010191780821917809,0.004347244454366199,-0.00584453636755161,0.010191780821917809,-0.012999578754619554,-0.02319135957653736,0.011643835616438357,1.301180286451769,1.2895364508353306
2025-12-04,-0.0322096184434192,-0.26637914101121535,-1.0005838922434933,-0.7631222866606442,0.0,0.019903436497491062,0.01096186991973489,-0.3098514980294505,-0.5404275167599,-1.493197286593217,-1.8102417545298388,-2.6856250725343234,-4.080867719831283,0.06459865002764292,-1.8832960510421615,-0.010000000000000231,0.05000000000000071,0.020000000000000018,4.0,0.010164383561643836,-7.8056600951034305,-7.817200643048636,0.010164383561643836,-0.1831197493147969,-0.19328413287644075,0.011643835616438357,-1.0844301797795786,-1.096074015396017
2025-12-05,0.37643637309174316,0.9640239585413333,1.0135191506012808,0.7768493913376076,0.036300230966784315,0.02986328448854709,0.021834719631489283,-0.20709962570289864,-0.46394004761784136,-3.0343059975675364,-3.5687508028146424,-8.085093769664745,-3.597832920774408,-0.17839435807101467,-2.3726659065600813,0.0,0.02999999999999936,-0.010000000000000009,4.0,0.010164383561643836,-0.04794566908043566,-0.058110052642079496,0.010164383561643836,-0.17327803148976204,-0.18344241505140588,0.011643835616438357,-1.6038041454528278,-1.6154479810692661
2025-12-08,-0.10241378059157545,-0.18091613625160158,1.0801228319552614,1.126925126067686,0.00908363529126109,0.0,0.010932653583706849,-0.2075375529244855,-0.3294305973935302,1.3914122143271332,3.277405050920621,2.149711842843149,4.177891294322805,-0.2642939357994434,7.799398814961006,0.020000000000000018,0.03000000000000025,0.020000000000000018,4.0,0.01021917808219178,14.956351269499368,14.945433735252793,0.01021917808219178,0.5383145115811437,0.528095333498952,0.011643835616438357,2.33576978757098,2.3241259519545414
2025-12-09,0.22162707170548043,0.12528203634556315,-0.18561837836733563,0.12202680541825617,0.009075720157522154,0.009962815994682163,0.021861722133215685,-0.1455329907182504,0.10235018562369061,2.2381192698197743,6.080292642241868,2.4392555884174016,5.626567356954541,0.5124051608821799,1.6076586591024407,0.0,0.009999999999999787,-0.030000000000000027,4.0,0.01021917808219178,0.03163793936929343,0.021418761287101653,0.01021917808219178,0.5796457546705084,0.5694265765883166,0.011643835616438357,3.0135072438712234,3.001863408254785
2025-12-10,-0.16914808578053261,-0.19495813779615612,1.3205908641461341,1.3726545546598086,0.02721513124207353,0.0,0.0,0.32196735570496016,0.3857482522169604,-0.7262832846635849,0.1286434597521452,-2.530435706970822,-2.8406158350610267,0.4250103468607268,-7.097778416833754,-0.040000000000000036,-0.04999999999999982,0.020000000000000018,4.0,0.010109589041095891,-7.8056600951034305,-7.817200643048636,0.010109589041095891,-0.1585066592937899,-0.16861624833488578,0.011643835616438357,0.11341673727475442,0.10177290165831607
2025-12-11,-0.40776217188301866,-0.19533896712972168,-0.5738330122710901,-0.8617618283257258,0.018129857742334693,0.01989932843805002,0.010903455462687953,0.010360685009718006,-0.1359702996170707,0.5314970108148118,-2.692245348848621,-1.0949391225634708,2.5850431676265133,1.0712248978541639,-6.010953906554096,-0.029999999999999805,0.009999999999999787,0.030000000000000027,3.75,0.010027397260273973,0.008958599104183246,-0.0010687981560907264,0.010027397260273973,1.6850849180507104,1.6750575207904363,0.011643835616438357,4.635468312996842,4.623824477380404
2025-12-12,-2.3748842327617923,-2.675128629050626,-4.899990622507503,-4.626970121527391,0.027224049845449457,0.03979455366222842,0.0436872786573106,-0.2699308226712021,-0.9685199636085042,-2.452142145214751,-4.838112526866778,-2.3564563033598964,-5.445337250593226,0.557898750763174,5.8205337510938895,-0.03000000000000025,0.05000000000000071,0.050000000000000044,3.75,0.009945205479452055,0.008922807717855374,-0.001022397761596681,0.009945205479452055,1.398804180003541,1.388858974524089,0.011643835616438357,-0.014903841395982886,-0.026547677012421243
2025-12-15,-2.4890964761036964,-2.778152640740951,-0.4920588456123445,-0.34511120201960244,0.01810038677783276,0.0,0.0,0.08313577267480013,0.06868790224830254,-4.3593166975371425,-3.9681940819340595,-6.552379295902136,1.1738113592988126,0.09099271544499964,4.7155152458690655,0.020000000000000018,-0.010000000000000675,0.0,3.75,0.009999999999999998,-0.12404497752487317,-0.13404497752487318,0.009999999999999998,0.3225776849311455,0.3125776849311455,0.011643835616438357,2.1317151762659865,2.120071340649548
2025-12-16,0.5035841013308539,0.42680657539820616,-0.4628015721791288,-0.2724050106864517,0.009066672490665163,0.009940335843083329,0.010914571556929487,0.2800659470982608,0.5477039231366196,1.6345736935078115,-7.412721688312701e-05,2.3495877706959023,-4.031233139349127,0.022742956353904102,-0.12128842021314815,-0.009999999999999787,-0.02999999999999936,0.0,3.75,0.009972602739726028,0.6253571477151647,0.6153845449754387,0.009972602739726028,-0.4518722354143353,-0.4618448381540613,0.010958904109589041,0.5876247462569775,0.5766658421473885
2025-12-17,-1.9440126453067272,-1.852865677350536,-3.773901489730592,-3.6752911265303827,0.009065850519692241,0.019908787977253907,0.01092191268691499,-0.020719349269130896,-0.09107890718784535,-1.9544833040854463,-4.582819284875932,-4.78978690690828,-3.555203864236333,0.85515594385759,6.688717143322019,0.0,0.009999999999999787,0.0,3.75,0.009972602739726028,-4.15331749343209,-4.163290096171816,0.009972602739726028,0.4239433993301585,0.41397079659043245,0.010958904109589041,0.1335048520589618,0.12254594794937275
2025-12-18,1.0958988246548296,1.0270276572290944,2.359492302054904,2.3337204468952497,0.0181292357225022,0.0,0.01642328709767172,0.258667638356766,0.47721249945068217,-0.7939728497768105,-0.15320294953636582,0.029687304372654308,-3.4017500007249457,-0.18048314286411649,-4.349772183265853,-0.020000000000000018,-0.040000000000000036,-0.010000000000000009,3.75,0.009932328767123287,-0.24104261745821445,-0.2509604256773925,0.009932328767123287,0.17303994427565061,0.16312213605647252,0.010958904109589041,-0.3723079329774657,-0.3832668370870548
2025-12-19,1.1913745661103219,1.265468067513782,2.625807581205826,2.553161887078639,0.015449746614524387,0.042889114198663064,0.032864068904159466,-0.22520566878940404,-0.37393694743463946,3.0433154968407767,5.200157806139122,6.967641889362736,4.382229377780834,0.11283535131119439,-12.350482776224771,0.0,0.040000000000000036,0.020000000000000018,3.75,0.009932328767123287,0.00851956011859677,-0.0013982481005813119,0.009932328767123287,-0.20216851276294562,-0.2120863209821237,0.010958904109589041,0.9480741877088007,0.9371152835992117
2025-12-22,0.19488216869316266,0.11691047758315605,1.3352297312801258,1.2800544463926322,0.01817270066800914,0.0,0.0,-0.10396749023267526,-0.2172566564720579,0.4378798230188436,0.9392722352574431,12.19089116697946,-17.373589730406426,2.2819254559298665,-5.727677323142501,0.020000000000000018,0.009999999999999787,0.04999999999999993,3.75,0.009972602739726028,-0.2473861501659261,-0.25735875290565213,0.009972602739726028,0.11853445566735146,0.10856185292762544,0.010958904109589041,0.3994770728806248,0.38851816877103573
2025-12-23,0.9397637312871838,0.9303735973635464,0.367935799767571,0.9573133949288923,0.0,0.009964172091753997,0.0,-0.04161078289286232,0.16010839429360435,-1.2234274952953526,-1.4306326840175283,-3.3428163091366057,0.15958950218322726,1.316529775733081,-0.5698015696033744,0.009999999999999787,0.009999999999999787,-0.030000000000000027,3.75,0.009999999999999998,-0.06237156105042897,-0.07237156105042897,0.009999999999999998,0.2139752440026937,0.20397524400269368,0.010958904109589041,-5.24795449378633,-5.2589133978959195
2025-12-24,0.08898774707107336,0.13013715881782,0.3861984012194726,0.27773098624136394,0.027270552321963716,0.019940894881095787,0.03284474670900796,0.2597918795528685,0.6038937677434171,0.2262076104062497,-0.6019159755460499,-0.5324867393616652,-1.4242605040113392,-0.41426515087481286,-3.8592319369021237,0.040000000000000036,-0.02999999999999936,-0.019999999999999907,3.75,0.010109589041095891,0.008468333623190239,-0.0016412554179056522,0.010109589041095891,0.2689005492327885,0.2587909601916926,0.010958904109589041,-0.19044220005577747,-0.20140110416536652
2025-12-26,-0.060416498938099764,0.0,-0.032677833979981155,0.4629878074801981,0.03632559118381536,0.02990388856674893,0.032859529898070464,0.09338956387870465,-0.3299776875081743,-0.3550689574303635,-0.6759976148830718,0.9091360688424502,3.7265349766850178,1.1609088487159045,0.960481054501314,-0.04999999999999982,-0.010000000000000675,0.0,3.75,0.009972602739726028,0.01592534278213913,0.005952740042413102,0.009972602739726028,-0.18950967903138582,-0.19948228177111185,0.010958904109589041,-2.350354545203885,-2.361313449313474
2025-12-29,-0.682355047745002,-0.7397154754904417,-0.23553812516613043,-0.4520105628782242,0.0,0.0199309588522066,0.0,0.14505731457222326,0.37541480163902324,-0.18721567577940657,0.3000786755072466,2.698552581545595,-3.2079971330359482,-4.220765909611007,4.317213038393171,0.040000000000000036,-0.019999999999999574,-0.010000000000000009,3.75,0.010082191780821917,0.0039687887037740364,-0.00611340307704788,0.010082191780821917,-0.5786904955781768,-0.5887726873589987,0.010958904109589041,-5.0939281738374715,-5.104887077947061
2025-12-30,-0.1291118444295284,-0.07282174805334231,-0.13108683985988556,-0.24741433065096638,0.009097020293553953,0.009963989962316523,0.010950777629061638,-0.10360938453840775,-0.23874206939353046,1.471809780879094,1.248871581338649,-1.1681956055054783,0.03845714718061811,0.07273032894686568,0.9113285340826613,-0.03000000000000025,0.019999999999999574,0.019999999999999907,3.75,0.009999999999999998,0.15058625418394297,0.14058625418394297,0.009999999999999998,0.5054224803513055,0.49542248035130554,0.010958904109589041,-1.848225576757463,-1.859184480867052
2025-12-31,-0.7956511508248246,-0.8632672344347966,-1.2441098475243808,-0.8791366654677337,0.027222451837382804,0.009947479334757965,0.010932537350979297,-0.33221157290661396,-0.7999037528568889,-1.0473099349299821,-0.14748454494985344,-5.071815594363175,-2.1237087386004214,-0.6488999253824397,4.235605056250149,0.020000000000000018,0.040000000000000036,0.020000000000000018,3.75,0.010054794520547946,0.15346697375624044,0.1434121792356925,0.010054794520547946,-0.1575600168802104,-0.16761481140075835,0.010958904109589041,-1.1061058577361402,-1.1170647618457292
2026-01-02,-1.4872224584359524,-1.525174172266212,4.07967784389501,3.5917262285399385,0.018151255443892438,0.02990631201012909,0.043760785693740936,-0.0832459350570969,-0.14925612180779554,2.745530379074477,5.168548732023616,7.00757725127929,12.132400632719788,0.4958545328225588,-2.9873204408338685,-0.020000000000000018,0.010000000000000675,0.010000000000000009,3.75,0.009999999999999998,0.008366755227501804,-0.0016332447724981946,0.009999999999999998,-1.6122551628340593,-1.6222551628340593,0.010958904109589041,-0.17394129230864258,-0.18490019641823163
2026-01-05,0.613050526070969,0.6543783841465406,1.3834800904120226,1.1426587950963198,0.01816916858288051,0.009943515874074688,0.0,0.3013897886280016,0.49284684023036696,4.28495979561196,3.20338910086611,2.250148736465154,3.6096434930452372,2.5972938179914395,2.652310467924616,-0.009999999999999787,-0.020000000000000462,-0.010000000000000009,3.75,0.009972602739726028,0.15837822425754114,0.1484056215178151,0.009972602739726028,0.3783392588186713,0.36836665607894525,0.010958904109589041,13.033438481665168,13.022479577555579
2026-01-06,0.4699566585719344,0.4289643697716467,3.184005334073979,2.6216524504519696,0.0,0.009958037427954387,0.010943591841699147,-0.07266445838403636,-0.2060001674427774,-0.163660971149983,2.1410072765534123,-1.6693939425601763,2.9835953362857017,1.0755105002161711,-1.0118104563589088,-0.010000000000000231,0.009999999999999787,0.0,3.75,0.009945205479452055,-0.8452762105767737,-0.8552214160562258,0.009945205479452055,-0.3804217852045983,-0.39036699068405034,0.010958904109589041,0.6131872351173293,0.6022283310077403
2026-01-07,0.769688823247887,0.8670733340717418,-1.059338450249393,-0.673021321965231,0.018144664626009825,0.009949291578715104,0.02185804921569344,0.18673217771975503,0.5826235288893632,-2.6168967250151645,-3.9957957746070623,-5.865227934633651,-5.01948808834462,-0.9605943617543418,4.182488873256102,-0.009999999999999787,-0.02999999999999936,-0.029999999999999916,3.75,0.009932328767123287,0.00829230924290147,-0.001625498976276613,0.009932328767123287,0.08157094582194138,0.0716531376027633,0.010958904109589041,1.2363713562693763,1.2254124521597873
2026-01-08,-1.0326911433901982,-0.4987487924421102,-1.6479085636533684,-1.5811790225372686,0.009067564279291338,0.009956055344670428,0.0,-0.301021333908022,-0.5024594281976029,-0.3081466892755565,-1.9920661678139835,-4.223652022544306,-2.0100659493838,0.5507322733438559,0.45410194800659787,0.0,0.040000000000000036,0.019999999999999907,3.75,0.009932328767123287,0.008237614683751652,-0.0016801935354264306,0.009932328767123287,2.010398134701434,2.000480326482256,0.010958904109589041,1.754435082796446,1.7434761786868571
2026-01-09,0.7205197310556551,0.8347411669593604,2.8381295635623283,2.666127735862862,0.02721189109295273,0.01992464150571254,0.021887321415940762,0.11428915618827004,0.6617931386347324,-0.5662930149506993,-0.6896412519137501,-0.4972644462127661,0.6667380058071236,0.7215903791294916,-6.415025046171281,0.0,-0.010000000000000675,-0.05999999999999994,3.75,0.009932328767123287,0.008098409944680541,-0.0018193982744975409,0.009932328767123287,-0.27269624354669564,-0.28261405176587373,0.010958904109589041,-4.143318132598852,-4.154277036708441
2026-01-12,0.1361335289633242,-0.27747728009983846,0.47638011114039736,0.36928862616861297,0.009071339948391193,0.019897420993250942,0.010929097575542827,-0.12469293733097979,-0.2961244102845858,0.7483445204275835,0.30048660001626676,-1.8154493105512783,-0.2708039755571143,1.8549616736782293,4.255962264580009,0.04999999999999982,0.010000000000000675,0.010000000000000009,3.75,0.010054794520547946,0.25926393277662363,0.24920913825607569,0.010054794520547946,0.21085453601152904,0.2007997414909811,0.010958904109589041,-0.4457291897445825,-0.45668809385417153
2026-01-13,-0.09151052042725144,-0.27823817091456204,0.8890174213220222,0.22245118787834395,0.0,0.00994335119423811,0.010919392890912023,0.12469293733097273,0.17094354719571805,4.428028503147822,7.167244785080332,6.437840708290662,7.139558708107613,-0.14220515093612454,5.531954850954804,0.0,-0.010000000000000675,0.0,3.75,0.010054794520547946,0.02456870193240212,0.014513907411854174,0.010054794520547946,-0.1560160349593741,-0.16607082947992205,0.010958904109589041,-5.009310049820473,-5.020268953930063
2026-01-14,-1.7384326175041134,-1.7456068471198558,-0.42091572232642344,-0.8155127147579905,0.009077581076000724,0.00996560935680626,0.010943728990414058,0.20747396862769363,0.5790691933700859,1.6723797821879045,0.9773355035415114,-0.5939277276526514,0.8242583285121168,1.0170333239523919,4.7060346578984245,0.0,-0.02999999999999936,-0.010000000000000009,3.75,0.010054794520547946,0.13346951457626563,0.12341472005571769,0.010054794520547946,0.1308399117630594,0.12078511724251145,0.010958904109589041,0.04171765308877328,0.03075874897918424
2026-01-15,0.0014754966624155976,0.15656402458369226,1.5901841731962714,2.0542027837023853,0.009062630517698188,0.009941371871779667,0.0,-0.2074739686277,-0.02266240918736159,-1.4320038274756288,-1.1277796531710909,-6.050102981657996,-4.014631872390621,-0.6146511992686348,-5.585986225172183,0.010000000000000231,0.019999999999999574,-0.030000000000000027,3.75,0.010082191780821917,0.5623251012193538,0.5522429094385318,0.010082191780821917,1.5921335423407168,1.582051350559895,0.010958904109589041,-1.1495104679272168,-1.1604693720368058
2026-01-16,-0.2439030429099507,-0.5303403317901878,1.544848359998155,0.9990070270418557,0.02720414887107736,0.03979433269520419,0.04368639195853916,-0.38495271733572956,-0.5791740530135332,-0.027287855188963723,-0.6538811242779368,-0.6752744854314011,2.1958211730515353,-0.48305320875177415,0.12617985402639537,-0.010000000000000231,0.07000000000000028,0.040000000000000036,3.75,0.010054794520547946,-1.6433681125867226,-1.6534229071072706,0.010054794520547946,-0.23785778349737333,-0.24791257801792127,0.010958904109589041,-0.24106657854871266,-0.2520254826583017
2026-01-20,-2.855583606709809,-2.6870751756176827,-1.5062980120060143,-2.5292831710283097,0.00906640528174614,0.0,0.0,-0.39691270522581024,-1.3184558926841585,-7.852560653253432,-11.563868567538883,-10.216252989644685,-13.61490352328341,3.6710357100166147,23.64219918624415,0.03000000000000025,0.05999999999999961,0.04999999999999993,3.75,0.010136986301369864,0.2508530295892015,0.24071604328783167,0.010136986301369864,6.234869944923491,6.224732958622122,0.010958904109589041,6.956220318594157,6.945261414484568
2026-01-21,0.059266635092842544,-0.06156829057719776,3.1483700452733347,2.913164890153989,0.018116226017469234,0.0,0.010946257162829568,0.2613016337097917,0.7588081340968829,1.1999327760148784,1.4640674097217414,2.774413571072507,3.9647529144711613,1.4463871678662812,-17.290858706520474,0.0,-0.040000000000000036,-0.039999999999999925,3.75,0.010136986301369864,-1.497620816427068,-1.5077578027284377,0.010136986301369864,0.4178768538472973,0.4077398675459274,0.010958904109589041,-5.130645129207315,-5.141604033316905
2026-01-22,0.9264378109711419,0.9957976559349851,0.1521208778970787,0.22119043462079055,0.0,0.019887357700171006,0.010911043666603818,-0.010437988518633269,0.43429930655715604,0.09560777691027553,-0.9873624051331843,-2.0474179182218815,-1.3560528421639695,1.829421977969421,-7.748184228810683,0.009999999999999787,0.0,-0.010000000000000009,3.75,0.010164383561643836,0.008208896821015553,-0.0019554867406282837,0.010164383561643836,9.07141288179433,9.061248498232686,0.010958904109589041,-0.749310424622735,-0.760269328732324
2026-01-23,1.0589037822830372,1.0312501451300466,-1.1422535166827639,-0.6800317581032185,0.02719641698853898,0.029808140320521277,0.03275999405728111,0.16689348551997407,0.27329658394979167,0.046290133092210695,0.12275504187740749,0.7624393053409219,-0.12947263848524307,1.3651695099226602,2.836621341894342,-0.009999999999999787,-0.019999999999999574,-0.010000000000000009,3.75,0.010136986301369864,0.00820822301647067,-0.0019287632848991945,0.010136986301369864,7.67257890203069,7.66244191572932,0.010958904109589041,-0.6912449482855598,-0.7022038523951488
2026-01-26,0.9627028535317824,0.8413474797008422,-0.47688923232707237,-0.31793069997959716,0.009061476620375677,0.00994697335127694,0.0,0.14579757111957908,0.4765101375248739,-1.3914015434039377,-0.9115921224135786,-3.307584241607142,-1.7481938559373875,1.4522878245374984,0.3722055560557878,-0.03000000000000025,-0.020000000000000462,0.020000000000000018,3.75,0.010054794520547946,-0.009723467775917816,-0.01977826229646576,0.010054794520547946,3.673409313331942,3.6633545188113943,0.010958904109589041,-2.8380082087032643,-2.8489671128128533
2026-01-27,1.0695299813689012,1.0566460645966018,2.3079559349425685,2.0917041835886345,0.018120490301999408,0.0,0.010931780430693516,-0.11453907731704477,-0.6244582694445434,0.942027656458104,3.219617504335294,1.797808894999131,2.8576147436247004,2.423586666073145,1.2307894626495037,0.0,0.020000000000000462,0.04999999999999993,3.75,0.010054794520547946,0.029891798412487777,0.019837003891939833,0.010054794520547946,-5.637069539148746,-5.647124333669295,0.010958904109589041,1.1117695383070525,1.1008106341974635
2026-01-28,-0.6653087805978779,-0.4451091102020227,2.636680887761509,2.2771301993636617,0.0,0.019867762191034647,0.01090508788026705,-0.08336956707922655,-0.22804766242510865,0.0919864500541825,-0.5176321307197195,0.44405111078593745,0.8184800854022173,3.6710357100166147,0.0,0.010000000000000231,0.019999999999999574,-0.010000000000000009,3.75,0.010082191780821917,0.008270852206386334,-0.0018113395744355828,0.010082191780821917,3.405984113896215,3.3959019221153928,0.010958904109589041,0.334542553492653,0.32358364938306394
2026-01-29,-0.8538966760703802,-1.1515817439365998,0.18571269515494385,0.21338715460684443,0.00905195899155953,0.009936270133564563,0.021823603503479318,0.10421126688270572,0.02281924237141964,-5.322794950408301,-6.470236643237811,-9.256431871005967,-8.435584942341453,0.2705807739847273,3.19015187754475,-0.010000000000000231,-0.019999999999999574,0.010000000000000009,3.75,0.010054794520547946,0.1720459737947934,0.16199117927424544,0.010054794520547946,5.033162030555785,5.023107236035237,0.010958904109589041,1.9993272536677578,1.9883683495581688
2026-01-30,-0.8708342799506691,-0.7337322297153803,-4.193266387517975,-3.4255091994760574,0.02715096173516279,0.019877315479650853,0.021835832858258464,-0.06252999923385086,-0.5608007241203268,-0.5132847429550005,-4.197886796827195,-2.844173371133403,-6.521577205223707,-4.220765909611007,3.263700965321155,0.0,0.019999999999999574,0.030000000000000027,3.75,0.010054794520547946,0.28908122702041483,0.27902643249986686,0.010054794520547946,0.4954478794203937,0.48539308489984573,0.010958904109589041,-1.7562500485021313,-1.7672089526117203
2026-02-02,0.049868030288456384,-0.021216206694677914,1.8284096929191966,1.1116316254017649,0.020000513478986535,0.008966324032485014,0.01531622333809918,-0.19678361385302628,-0.2861329919359659,-6.684685326137589,-13.645173161335407,-8.385465536167581,-7.0412854000574985,-4.087351576386029,-6.515035033324191,0.020000000000000018,0.03000000000000025,-0.020000000000000018,3.75,0.010109589041095891,-0.41332480983446285,-0.4234343988755587,0.010109589041095891,0.11956492797755831,0.10945533893646242,0.010958904109589041,-1.0518762343183683,-1.0628351384279573
2026-02-03,-1.5788948138671588,-1.5887912408983667,-2.019166212900856,-2.5546001912067164,0.009068026209285544,0.01991025540203775,0.0,0.09425817854618285,0.24235537111522223,-3.960046937497693,-5.110473707553693,-2.0539882969139023,-2.7571799664949443,3.6710357100166147,9.675565912600367,0.0,-0.009999999999999787,-0.010000000000000009,3.75,0.010109589041095891,1.0434731984298502,1.0333636093887544,0.010109589041095891,-0.5938746984056748,-0.6039842874467707,0.010958904109589041,4.445016129342965,4.434057225233375
2026-02-04,-2.4676945336867915,-1.6614053419270265,-4.515429847636255,-4.017470887057653,0.0,0.009976842133562088,0.02188716922495499,-0.020941300536163557,-0.2539064726013412,-3.5170615941758965,-3.846435100865618,-1.287900641038611,-0.9941355621261203,-0.07046601942605336,3.4938018617097644,0.0,0.009999999999999787,0.010000000000000009,3.75,0.010109589041095891,1.2670510538536772,1.2569414648125814,0.010109589041095891,0.14657051684655328,0.1364609278054574,0.010958904109589041,-0.5358054827151657,-0.5467643868247547
2026-02-05,-2.425989381818946,-3.197597372664482,0.1361092532689226,-0.24898299932558937,0.027234391444608947,0.0,0.0,0.5846240923473989,1.0803609741178308,-7.86761921252525,-13.645173161335407,-16.434754333336567,-17.373589730406426,-2.699275619765067,15.522311976046375,-0.020000000000000018,-0.08000000000000007,0.020000000000000018,3.75,0.010054794520547946,0.1383017043261636,0.12824690980561565,0.010054794520547946,-4.94489169722467,-4.954946491745218,0.010958904109589041,2.82799264718205,2.817033743072461
2026-02-06,1.7014001772399028,1.635438798393336,5.206238986727354,5.259794291849912,0.018156839761706737,0.029870436528034547,0.032809039965895306,0.0,0.06854234184641143,11.098363118801933,12.458793243377704,11.60801311760833,12.215951765705265,3.026951544148941,-6.646962483553287,0.010000000000000231,0.009999999999999787,-0.020000000000000018,3.75,0.010082191780821917,2.4738781865586685,2.4637959947778465,0.010082191780821917,-0.04058357310426303,-0.050665764885084945,0.010958904109589041,2.934553758330538,2.923594854220949
2026-02-09,1.6142269447703947,1.656057444471181,1.2149316738530382,1.2371802179807776,0.018146497108120732,0.01989836226189733,0.0,0.020803048770313602,-0.022842227621280874,-0.6178882349973047,1.9285983861266454,-1.6705407420846168,-1.1463099536477124,2.508561432489335,-15.989452704748954,0.009999999999999787,0.0,0.020000000000000018,3.75,0.010109589041095891,2.1337860551273153,2.1236764660862195,0.010109589041095891,0.6083325619789729,0.598222972937877,0.010958904109589041,2.8698960122883634,2.8589371081787744
2026-02-10,-0.6331585379050956,-0.5804376277498253,-0.3805719221659918,-0.46585266150133725,0.0,0.009970883482646577,0.01093395501767832,0.4361413999130235,1.1474217068210435,-1.910323758989731,-4.078608660125574,-3.827785409979931,-2.880023610204534,-0.9963188662021111,2.446780875007102,0.0,-0.05999999999999961,-0.030000000000000027,3.75,0.010109589041095891,0.024415620034851152,0.014306030993755261,0.010109589041095891,0.5459046935009598,0.5357951044598639,0.010958904109589041,-0.8947444645049987,-0.9057033686145877
2026-02-11,-0.8543409107274605,-0.8849636883197171,2.464887795281586,2.445393325370441,0.009082582702422504,0.0,0.021872810922904183,-0.28014718814664524,-0.5323106405300645,-2.6543221212374526,-3.984048759789168,-0.10808775841253243,-1.8838062447927364,1.1247091222494243,-0.7900791374484801,0.010000000000000231,0.019999999999999574,-0.04999999999999993,3.75,0.010136986301369864,11.954780628638478,11.944643642337107,0.010136986301369864,-0.47244987039890507,-0.48258685670027496,0.010958904109589041,2.413862307172553,2.402903403062964
2026-02-12,-2.6766889798081213,-2.8824166485707456,-2.444973418343894,-2.1124233446533887,0.009074712579862441,0.01990787513734492,0.0,0.6111660386375861,1.319886397033598,-1.1562368274835069,0.3251056309532056,-3.408070740871369,6.886129886434069,-3.5345652091969133,16.51782867627143,0.0,-0.08999999999999986,-0.040000000000000036,3.75,0.010136986301369864,0.0073590750744077955,-0.002777911226962068,0.010136986301369864,0.02930596618412082,0.019168979882750955,0.010958904109589041,0.2576340045574061,0.24667510044781704
2026-02-13,-0.36440922515850177,0.0816514099737428,0.8949785809653416,0.3956644498504796,0.045347130306606705,0.03980386451343767,0.043722791415437764,0.39166949328777345,0.5476450569398719,3.9033769357155785,5.086191072713562,4.552249622861827,3.203676652348448,2.457422891441271,-1.0622954215521119,-0.020000000000000018,-0.04999999999999982,0.020000000000000018,3.75,0.010082191780821917,-0.0032256396558236204,-0.013307831436645537,0.010082191780821917,0.5236842020835449,0.513602010302723,0.010958904109589041,-0.31557633900906035,-0.3265352431186494
2026-02-17,0.3343887355894644,0.048963842970768626,-0.15801321006781502,-0.0515171072930431,0.009069775521514233,0.0,0.010917108829609026,-0.010277141046058973,0.16704756187108336,-2.0002197823066674,-2.788445349182792,3.693159583794132,6.380229452431053,-3.1666383600955714,-1.5162895353664012,0.009999999999999787,0.009999999999999787,-0.020000000000000018,3.75,0.010109589041095891,0.003216201058336528,-0.0068933879827593626,0.010109589041095891,0.5702205352461742,0.5601109462050783,0.010958904109589041,3.114537680081256,3.103578775971667
2026-02-18,0.8801096260865557,0.893369431135895,1.0730196953868434,1.2291884739879642,0.0,0.019888269697686783,0.010932879551980799,-0.2059814987640139,-0.37905472350789143,-1.5963632260214884,-1.9371403139241388,-3.5197831882968593,-2.9187941503663275,2.2240759759257815,-3.3578702048219835,0.010000000000000231,0.040000000000000036,0.0,3.75,0.010136986301369864,2.1018570200444056,2.0917200337430355,0.010136986301369864,-0.2280071143388279,-0.23814410064019775,0.010958904109589041,0.5318625352437264,0.5209036311341374
2026-02-19,-0.14772347760993937,-0.12945282073561518,-0.5828379079698649,-0.5712505564125075,0.018137083591189745,0.00993879072609068,0.0,0.09274298113471524,0.10048689153706251,0.7980125994704771,-0.2958901252870125,-0.4659146550558927,1.1336599506604688,0.27891563109147516,3.061713164009243,-0.010000000000000231,-0.009999999999999787,-0.010000000000000009,3.75,0.010109589041095891,2.0267528016208436,2.0166432125797478,0.010109589041095891,-0.3745928094830769,-0.38470239852417276,0.010958904109589041,0.8384662218148005,0.8275073177052115
2026-02-20,0.5222196160482283,0.6938314494340583,1.0038176041671507,1.170592843633854,0.018133794649688062,0.019897780142812387,0.03276603351708597,0.0,-0.2346034052824722,1.5528995656632263,1.0630736664791152,3.0416964851848216,-6.937676718248545,1.95226903950525,-5.800198282095596,0.0,0.0,-0.010000000000000009,3.75,0.010109589041095891,0.0075837071973133075,-0.0025258818437825835,0.010109589041095891,0.27757378904335955,0.2674642000022637,0.010958904109589041,0.17479520004562343,0.16383629593603438
2026-02-23,-2.323662888459584,-2.523946176466183,-0.7287883528971413,-0.5193798166650604,0.009065664344487225,0.019878383728226846,0.0,0.35983840237667314,0.3684058560701718,-5.1113951706289305,-5.938143022836972,-4.337915738190293,-1.1807413945483092,2.665702371732228,9.583388002012065,0.0,-0.04999999999999982,0.0,3.75,0.010109589041095891,-0.0026906100124643425,-0.012800199053560234,0.010109589041095891,-0.006854112983161394,-0.016963702024257284,0.010958904109589041,0.13562435853536292,0.12466545442577388
2026-02-24,0.5596110228066371,0.5919132904359327,1.4523291020267506,1.5095711676824053,0.009050767350791033,0.0,0.021846535929506986,-0.020522786513822656,0.1781483783651019,-0.834051043874472,-0.1366236763411363,-0.08362627813780851,-0.13138163208380307,-1.3955835494471214,-7.202327834451851,0.0,0.009999999999999787,0.010000000000000009,3.75,0.010109589041095891,0.022369055821444897,0.012259466780349006,0.010109589041095891,0.7722221320919596,0.7621125430508636,0.010958904109589041,0.16360266361860992,0.15264375950902087
2026-02-25,2.2984506013795767,2.269143565525799,1.6328118070225113,1.6562153858494595,0.009071059157937343,0.009941569360532827,0.010908764974606498,-0.08214927628612473,0.011119403174672401,5.878816281087323,10.330529755605292,19.023279988593174,3.661923962118501,-0.25104111690772446,-8.649994276889613,0.0,0.009999999999999787,-0.010000000000000009,3.75,0.010109589041095891,-0.053460715047617534,-0.06357030408871342,0.010109589041095891,1.1028041600531546,1.0926945710120588,0.010958904109589041,0.748957230424362,0.737998326314773
2026-02-26,-0.5898323399784569,-0.44973187424687455,-3.090757729716185,-3.3767226599989137,0.00906320006453559,0.019880174168265274,0.010924524555692301,0.26674276256214924,0.39958102757718383,-0.7478610812400482,-1.3640230652308092,-4.1124716969810144,-3.6526970454840066,0.8539325114314078,3.8297834928636116,-0.009999999999999787,-0.03000000000000025,0.0,3.75,0.010082191780821917,-0.004300298340219297,-0.014382490121041213,0.010082191780821917,0.6705098844694198,0.6604276926885979,0.010958904109589041,-0.14247407329157089,-0.15343297740115994
2026-02-27,0.19568704401440773,0.1769210139029191,-1.2720650672320204,-1.3783581975824044,0.027177638324964896,0.019876222740548226,0.0218369965261306,0.3987966855570943,0.6074446318760051,-2.3580345399758595,-4.853988358482078,-3.4396259170746784,-1.3522929612263817,1.304594710817348,6.393454978365491,-0.010000000000000231,-0.04999999999999938,-0.010000000000000009,3.75,0.010054794520547946,-1.2596348228050385,-1.2696896173255865,0.010054794520547946,-0.29479734886048387,-0.30485214338103184,0.010958904109589041,0.9915522852350774,0.9805933811254884
2026-03-02,1.1394428262961678,1.0708996740070962,-0.0681511013270025,0.004926308138557755,0.012724447327572743,0.01195006601924967,0.014224954160370876,-0.6025831874554269,-1.0092911050071822,4.299050868799898,4.877486687691588,4.64411934388005,7.89872351994859,1.2837146760680682,7.655067176227183,0.050000000000000266,0.07999999999999963,-0.010000000000000009,3.75,0.010191780821917809,2.0428786289957057,2.032686848173788,0.010191780821917809,0.07835036071734268,0.06815857989542487,0.010958904109589041,2.850713741887649,2.83975483777806
2026-03-03,0.043830714252892,0.2857603157136346,-5.029956866796968,-3.8452331052508413,0.009079862176594854,0.019931600121449487,0.010944805239571153,-0.11332423172914503,-0.20106510160182228,-0.7035921401254354,-2.2195215390964513,-0.27869902032229416,-9.48305078898623,-4.220765909611007,9.471634288839889,-0.010000000000000231,0.009999999999999787,-0.029999999999999916,3.75,0.010164383561643836,2.016911884398888,2.006747500837244,0.010164383561643836,-0.5414143378789928,-0.5515787214406367,0.010958904109589041,-7.669021374984805,-7.679980279094394
2026-03-04,1.6681938146899635,1.479169098367747,1.9991183204825125,2.0351032692805853,0.0,0.0,0.010935137661700421,-0.20638968163952048,-0.3135814644599255,6.267011054362282,6.998564880773499,1.6223882442412352,4.1057471173931175,0.7787713327779242,-10.833481654451038,0.0,0.03000000000000025,0.0,3.75,0.010164383561643836,-0.0006925909268335512,-0.010856974488477387,0.010164383561643836,0.018650456046138946,0.00848607248449511,0.010958904109589041,-0.04238520408425296,-0.053344108193842
2026-03-05,0.8711370612791005,0.9792646714000516,-1.1129216605880532,-0.944056339269208,0.018150219805660683,0.009964310501101487,0.01093394202009767,-0.3103613000752995,-0.40462523125106165,-2.6047184090688056,-2.615606606712972,-0.025021486199944546,1.0083081654129413,-1.2090565447196475,11.5942643024757,-0.009999999999999787,0.040000000000000036,0.010000000000000009,3.75,0.010136986301369864,0.0036189835169024354,-0.006518002784467429,0.010136986301369864,-0.24138287076640597,-0.25151985706777585,0.010958904109589041,13.931447045333877,13.920077182320178
2026-03-06,-0.8407563941779699,-1.0105045460342992,-4.310546481732766,-3.8127618246467945,0.02723672860842472,0.03980877192548035,0.021881232247930992,-0.062196059981021394,-0.37235828959280026,-3.8926762229853793,-4.585794631276462,-3.2594526349342345,-5.342323107631425,1.5708476698148666,21.646868458519744,-0.010000000000000231,0.020000000000000462,0.029999999999999916,3.75,0.010109589041095891,-0.10905088755903047,-0.11916047660012637,0.010109589041095891,0.6093300110979949,0.599220422056899,0.010958904109589041,-0.3378430181765202,-0.34880192228610923
2026-03-09,1.1924404955846675,1.2731109645679757,3.8981613451350303,3.5645696836651504,0.009074918236186814,0.009967060530546806,0.01093882092960856,0.31056211152056806,0.8666773647683168,0.38947290448369265,0.7144099369322859,0.20639977614792937,-4.075272761059626,-0.20718179527898956,-14.53727629014671,0.020000000000000018,-0.03000000000000025,-0.029999999999999916,3.75,0.010164383561643836,0.0075108457512091525,-0.002653537810434684,0.010164383561643836,-0.008693145126569933,-0.01885752868821377,0.010273972602739725,6.228504304412312,6.218230331809573
2026-03-10,-0.2542264843539096,-0.1621235699213745,0.7227755074976324,0.7477593319954615,0.009081123183735546,0.0,0.010929159291446663,-0.32091445436273197,-1.0703678025987962,2.2043063053682945,2.192723447812291,-0.3458083767740352,4.688072330739758,1.1216537509720141,-2.2606542387607056,0.0,0.03000000000000025,0.019999999999999907,3.75,0.010164383561643836,0.18478486041532202,0.17462047685367818,0.010164383561643836,-0.7560296161141711,-0.7661939996758149,0.010273972602739725,0.38994877594854577,0.37967480334580606
2026-03-11,-0.05467932585578644,0.06952044901777289,0.9634392731808167,0.9269098566547264,0.00907327081458042,0.019908021614965805,0.0,-0.457294640973574,-1.299755711994173,0.39671408310243694,0.7069651069372433,1.3548795557705242,-1.3811383796329508,-0.3395863568684636,-2.8480393840772953,0.0,0.05999999999999961,-0.010000000000000009,3.75,0.010164383561643836,-0.14688230870373223,-0.15704669226537607,0.010164383561643836,0.6614095521206051,0.6512451685589613,0.010273972602739725,0.47551300193528473,0.465239029332545
2026-03-12,-1.1611635518925971,-1.415160321563636,-3.5405600694987225,-3.269588679909656,0.0,0.009940966082063466,0.02187166252145086,-0.3234418557247014,-0.19528615055379575,0.4102088510358853,1.0455613837732267,0.63152944213777,1.4046238303948644,-1.984963254664512,11.892885233233507,0.010000000000000231,0.05999999999999961,-0.05999999999999994,3.75,0.010191780821917809,-0.2309740318294101,-0.24116581265132792,0.010191780821917809,-0.45531835511276164,-0.46551013593467944,0.010273972602739725,-0.7169669745958194,-0.7272409471985591
2026-03-13,-1.5361993060259023,-2.121004148813135,0.3416385302625699,-0.20633394454737927,0.0362989035266656,0.029863191211753827,0.032781605835735105,-0.104565140134759,-0.4956469769966898,0.6712861238543366,0.9327310322543281,2.08839983447789,0.578598883502593,-1.3021372569552836,-0.36710899822637655,0.0,0.010000000000000675,0.040000000000000036,3.75,0.010191780821917809,0.03914304719936572,0.02895126637744791,0.010191780821917809,-1.1853439540010426,-1.1955357348229605,0.010273972602739725,0.9142887780682585,0.9040148054655187
2026-03-16,0.6956711035565327,1.1926674252124838,1.9458121750248063,1.687086889624375,0.009069155194743272,0.0,0.0,0.4488297315501018,0.7712259620195833,5.340139452066108,11.65257811198214,3.7359487443324984,8.465600146042641,-0.08900836759417245,-14.542340599858353,0.0,-0.04999999999999982,0.0,3.75,0.010191780821917809,0.015399518469827508,0.005207737647909699,0.010191780821917809,0.8036210160967842,0.7934292352748663,0.010273972602739725,-0.09981552548694374,-0.11008949808968346
2026-03-17,0.3771781175527339,0.45737942854486396,0.7753766602177276,0.74861032122344,0.009075356725004969,0.01988843687294877,0.010930454066341072,0.17690309490890707,0.2748216338756637,-1.2617278563279095,-1.4187828746907258,-4.8817376872202844,-2.1207261060188145,-0.2522571056499768,-4.970505926942917,0.0,-0.03000000000000025,-0.030000000000000027,3.75,0.010191780821917809,0.2359895859501171,0.2257978051281993,0.010191780821917809,-0.4002959273307402,-0.410487708152658,0.010273972602739725,0.2293519297308917,0.21907795712815198
2026-03-18,-1.119813066263605,-1.203114592332083,-0.577705393890847,-0.8120951292763526,0.0,0.00994273532088549,0.02184886674779657,-0.4584859058989407,-0.5618936108916429,-3.688417423341743,-5.060291819156261,-7.236987527338723,-3.7146415402955677,-3.214842869758357,11.474855344189374,0.009999999999999787,0.05999999999999961,-0.020000000000000018,3.75,0.01021917808219178,0.43337294173540597,0.42315376365321417,0.01021917808219178,0.30632619462861277,0.29610701654642096,0.010273972602739725,4.8691052089610904,4.858831236358351
2026-03-19,-0.6340772087857178,-0.3030585975810634,0.5630148222185698,0.3170217741374335,0.0,0.0,0.0,-0.010452338319139637,0.6076179503037672,-1.8884161047627361,-3.052360714864067,-2.789025607548299,-3.2540169080940102,-4.20884864707607,-4.1918678110328615,0.0,-0.009999999999999787,-0.03999999999999998,3.75,0.01021917808219178,0.007478623850629757,-0.002740554231562023,0.01021917808219178,-0.10284652716598192,-0.11306570524817369,0.010273972602739725,-2.1852161732304887,-2.1954901458332285
2026-03-20,-2.206004502610218,-2.49082439334132,-2.2863714881441988,-2.6115490648764927,0.02720006337467307,0.02984537254873712,0.03276012447365981,-0.9023179914508208,-1.9155882735043348,0.8684431647448685,0.42359585854312465,0.7804655524326563,-0.29480107027109376,-3.1034054726858726,10.710467755363762,0.010000000000000231,0.13999999999999968,0.04999999999999999,3.75,0.010246575342465754,0.007449119188305902,-0.0027974561541598527,0.010246575342465754,-0.035058142251900265,-0.04530471759436602,0.010273972602739725,0.6439516258097521,0.6336776532070123
2026-03-23,1.6060093577039196,1.6405765711345617,1.2195547449790287,1.7060058973600394,0.018136286978799234,0.0,0.010923293045531355,0.31569293764205864,0.6503345511787754,0.5546967317594558,0.26282382350481787,-0.6212417031168807,-0.9188956360895647,-2.2853374485926192,-2.3806189980082197,0.0,-0.04999999999999982,0.0,3.75,0.010246575342465754,0.007453833895609924,-0.0027927414468558306,0.010246575342465754,-0.18987816914136646,-0.20012474448383222,0.010273972602739725,1.301474369761388,1.2912003971586483
2026-03-24,-2.006520046870975,-2.050850379359531,1.307552382824398,0.8219426798766369,0.00907042023558185,0.029813377944509528,0.010922099992544315,-0.33677406596443826,-0.4408358833884295,-0.5613991531695598,0.1652030658604423,0.6572721547552066,1.7717653413272445,0.022271635118200718,3.0134149741267953,0.0,0.04999999999999982,-0.020000000000000018,3.75,0.010246575342465754,1.9594606482292842,1.9492140728868186,0.010246575342465754,-0.7664792820467117,-0.7767258573891774,0.010273972602739725,0.3685544900813973,0.3582805174786576
2026-03-25,0.34146071080867835,0.344741507505933,1.2327679415042652,1.1164271545637305,0.009069597584934029,0.0,-0.010922099992556217,0.5257158097260762,0.9603809687283171,1.1168924480813245,0.5697480587391202,2.589985197563135,0.27536266401026493,2.9645532839315885,-6.199386466286312,-0.010000000000000231,-0.05999999999999961,0.0,3.75,0.01021917808219178,0.9381679458377444,0.9279487677555527,0.01021917808219178,-0.8360468856798803,-0.846266063762072,0.010273972602739725,0.2183802290109684,0.20810625640822866
2026-03-26,-3.221063979616846,-3.163242821734205,-4.866706183898556,-4.663218361202106,0.0,0.009935817780815683,0.021843007192660753,-0.8107550715109885,-0.8441791766910102,-3.5952918807416125,-5.131370661715102,-4.867868174300123,-6.808152068611613,-3.831884826591182,8.001236131884106,0.0,0.08999999999999986,-0.02999999999999997,3.75,0.01021917808219178,0.9480301017064277,0.9378109236242359,0.01021917808219178,5.393943258423098,5.383724080340906,0.010273972602739725,-2.4533441200824555,-2.4636180926851954
2026-03-27,-2.2462192643115038,-2.275349240104356,-1.6464371377733746,-1.745530650187903,0.0362491159694126,0.029816918571211867,0.03273021899267403,0.010579407938642614,-0.5472999911501703,-3.6313469685207127,-3.3727669892453536,-4.071572878425253,-6.384967068284027,3.44920916538754,12.359696148774315,0.0,0.020000000000000462,0.10000000000000003,3.75,0.01021917808219178,0.7907442820960163,0.7805251040138246,0.01021917808219178,5.593962586812546,5.583743408730355,0.010273972602739725,-0.7874996512611359,-0.7977736238638756
2026-03-30,-1.4763617506872118,-1.4817708440322142,-4.324263785783248,-3.1816797175802547,0.01811612384172819,0.009939561779676835,0.010907692836501639,0.705737200934384,1.3223532866848282,0.5308150318369818,1.6062428332219774,2.560796225320241,-2.108920657119512,-0.02894695055481386,-1.4272010911234387,-0.020000000000000018,-0.09000000000000075,-0.030000000000000027,3.75,0.010164383561643836,1.3277546067357582,1.3175902231741143,0.010164383561643836,-0.3192758996199492,-0.329440283181593,0.010273972602739725,3.746785569482839,3.7365115968800993
2026-03-31,4.576302750253378,4.5825297739236435,5.912906797287691,5.5971588568162725,0.009056831342214371,0.0,0.0,0.17829450514582845,-0.10375606832113886,2.2856210162579322,3.9340814763852023,1.8658171267782586,1.5362873494595797,3.6710357100166147,-19.250061717556527,-0.009999999999999787,-0.04999999999999982,-0.020000000000000018,3.75,0.010136986301369864,2.113895144808071,2.103758158506701,0.010136986301369864,5.906507443187946,5.896370456886577,0.010273972602739725,2.210640965143466,2.2003669925407263
2026-04-01,1.466554668085634,2.025976296287688,2.961854691615674,2.2106494671779933,0.012717465253052307,0.022898775015582438,0.02627158720161325,-0.08729733353417533,-0.09848396455007714,-0.22706442540199648,1.6038636316827373,0.7307466403087741,-0.03268531096696273,1.7348463901669589,-2.852167913105148,0.0,0.03000000000000025,0.010000000000000009,3.75,0.010136986301369864,0.7304339253100628,0.720296939008693,0.010136986301369864,5.1221419472611815,5.112004960959812,0.010273972602739725,-2.7768421830412358,-2.7871161556439756
2026-04-02,0.5136262446328408,0.18066325886374732,0.3155545943854377,0.08925426129055426,0.03634072888217304,0.03984690291503355,0.0218820885675766,0.2312141449377684,0.61253138447085,-1.7634149228875802,-3.903857547596571,-11.655427931988505,-3.8942654817301317,-1.939570172340335,-2.768200108107911,0.0,-0.020000000000000462,0.0,3.75,0.010136986301369864,0.9038526846977637,0.8937156983963939,0.010136986301369864,4.536146950760442,4.526009964459073,0.010273972602739725,2.4227971852784567,2.412523212675717
2026-04-06,0.6336999149362934,0.37670922981759103,1.3134458524851753,0.9285880696422811,0.009072602632323673,0.009955401730390641,0.021885744007601893,-0.262777039392696,-0.16143796992134646,2.9044856709546876,2.44495510918538,-2.427857638049681,-1.3347890521562022,-0.4107092256447038,1.2489722362708746,0.020000000000000018,0.03000000000000025,-0.020000000000000018,3.75,0.010191780821917809,1.10774854464049,1.0975567638185721,0.010191780821917809,6.9103920800489576,6.9002002992270395,0.010273972602739725,-7.187417812287669,-7.1976917848904085
2026-04-07,0.8162320290569711,0.8302890882195362,1.0580277750246707,0.9850767916961705,0.00907878991641717,0.009946724307440005,0.01092419261468881,0.25228147801929884,-0.01154317858664475,4.376925008865013,6.165560497032879,5.978013486862769,3.1289135986076273,0.9680581273932701,6.448682627390803,-0.010000000000000231,-0.009999999999999787,0.020000000000000018,3.75,0.010164383561643836,1.7361085562546983,1.7259441726930544,0.010164383561643836,0.2911322064739861,0.28096782291234224,0.010273972602739725,2.876282291956604,2.866008319353864
2026-04-08,2.46685504427851,2.608358204476827,6.307088294503474,5.59685670242151,0.009077965746991148,0.0,0.0,0.2202324893364095,0.3226529199131649,-1.1426386592901714,-2.322737152703056,-5.308764735909888,-4.359256007300279,0.6279313363379332,-20.00419373016803,-0.020000000000000018,-0.040000000000000036,-0.020000000000000018,3.75,0.010109589041095891,1.726965572754233,1.7168559837131372,0.010109589041095891,-0.07700184537605484,-0.08711143441715073,0.010273972602739725,0.48727660965070374,0.47700263704796403
2026-04-09,1.0749892228379756,0.9276069015088996,2.1976001953149495,1.7322805886815944,0.01815345958405858,0.009953420689538911,0.010931440170723221,-0.03143210444293489,-0.2534227622803837,0.9020473987913681,-0.05440857898826656,-0.48931145897763917,-1.539524093066327,0.7748433781414137,-7.6523929607248204,-0.009999999999999787,0.0,0.010000000000000009,3.75,0.010082191780821917,0.8507471833708505,0.8406649915900286,0.010082191780821917,0.08244273912382653,0.07236054734300462,0.010273972602739725,-0.14032126801544925,-0.15059524061818896
2026-04-10,0.8463272941325256,0.8880632994307202,2.0831091643685116,1.515269551925243,0.027224011844557635,0.03981914385206407,0.032795590595169746,-0.1678184795385586,-0.24251104949252547,1.6736071453528258,2.526112743556711,1.9911559231108562,3.3794236412207885,-0.17827733092611522,-1.3429965979892022,0.009999999999999787,0.019999999999999574,-0.010000000000000009,3.75,0.010109589041095891,-0.855000114279836,-0.865109703320932,0.010109589041095891,0.7070116837881908,0.6969020947470949,0.010273972602739725,-0.10671576978722383,-0.11698974238996356
2026-04-13,1.2599053220354495,1.2026027945837712,1.7283772789219796,1.467839274788709,0.0,0.009948468095852361,0.0,0.22019443413055836,0.30017370029458373,2.042056718491473,5.441978460023198,2.352542343530523,9.63589201071046,-0.4057403475821635,-0.573658427981057,0.020000000000000018,-0.009999999999999787,0.020000000000000018,3.75,0.010164383561643836,1.6977480969746335,1.6875837134129896,0.010164383561643836,0.12354090644951692,0.11337652288787307,0.010273972602739725,-2.3336691083693055,-2.3439430809720454
2026-04-14,3.1339300907367384,3.271563644418709,1.9885425867732325,1.934521806389275,0.018159235103341748,0.0,0.010935098597646005,0.32415072899479924,0.5288621491554735,-0.4076670658997154,-2.0199243770336333,-3.464744090802286,-2.9359390603893987,2.210325929203807,-4.0560533080321575,0.0,-0.040000000000000036,-0.020000000000000018,3.75,0.010164383561643836,1.684822699862102,1.6746583163004582,0.010164383561643836,-0.38740418820884914,-0.397568571770493,0.010273972602739725,0.601916644484856,0.5916426718821163
2026-04-15,1.8802333985779562,1.880747215980173,0.15439779309820606,0.22099456508028917,0.0,0.01988628721852172,0.010933902964568365,-0.21947295564264424,-0.43668885613694763,0.836950468372944,1.5430748489014858,2.8980202049142143,5.265356115412461,-1.0456884729500535,-1.0402531828916695,0.0,0.03000000000000025,0.030000000000000027,3.75,0.010164383561643836,0.00778761210209854,-0.0023767714595452965,0.010164383561643836,-2.710676574152746,-2.72084095771439,0.010273972602739725,0.07492432405341692,0.0646503514506772
2026-04-16,0.2871409515524563,0.7685188372720841,1.0126267307765284,0.3965609552908711,0.009071376503542358,0.0,0.01092427232250314,-0.17801665568701314,-0.6354475889009485,0.46287244870706573,-0.45844617903412915,6.147208523023304,8.774549751397286,-0.08631178955779131,-1.2739000207228512,-0.009999999999999787,0.03000000000000025,0.010000000000000009,3.75,0.010136986301369864,0.04066271080914548,0.030525724507775614,0.010136986301369864,1.5408446825724642,1.5307076962710944,0.010273972602739725,-0.1155935673130215,-0.12586753991576122
2026-04-17,0.2528411669348948,-0.24586865696252597,2.3757910836146805,2.0371593226907674,0.04534454314110141,0.02985656889726059,0.03277409091567464,0.5435323955672665,0.9114588067070474,2.5937296578403095,3.037175089257519,0.9951804195152052,0.04576174697837972,1.3205474549607812,-2.597554236021161,0.0,-0.0600000000000005,0.010000000000000009,3.75,0.010136986301369864,0.00792920377680507,-0.0022077825245647945,0.010136986301369864,0.12893870063051563,0.11880171432914577,0.010273972602739725,0.5848213770285519,0.5745474044258121
2026-04-20,-1.0803107029783419,-0.989531256518537,0.4416358994806142,-0.043100506654264396,0.0,0.009942531790612984,0.010911068311509727,-0.09386361693748459,-0.02296740991594963,-1.639718429916822,-4.470889152283187,-6.78050055356942,-17.373589730406426,-0.864849962892801,7.651605981539987,0.009999999999999787,0.0,-0.010000000000000009,3.75,0.010164383561643836,-0.02065526474882435,-0.030819648310468184,0.010164383561643836,-1.5567123469237787,-1.5668767304854225,0.010273972602739725,-10.818807410401355,-10.829081383004095
2026-04-21,-0.45717999871382,-0.3662739572967498,0.7515750606625285,0.1507640032100845,0.009066441797112324,0.019874422731308194,0.010926739259424433,-0.43919081704321666,-0.5529315915572218,0.6309747501944813,0.5495406547135775,1.1486334646572702,1.1742450986269435,-2.8728747571710147,3.284106171476542,-0.020000000000000018,0.040000000000000036,-0.020000000000000018,3.75,0.010109589041095891,0.02339921681442021,0.013289627773324318,0.010109589041095891,0.09169094323012399,0.0815813541890281,0.010273972602739725,1.4120041431380814,1.4017301705353418
2026-04-22,2.9319310122194153,3.021558365253231,2.597300584290089,2.585404184604929,0.01813741748240291,0.009939567819644505,0.0,0.10473546629227136,0.19617568869024168,2.394495237334366,2.045865422003999,1.4657855466650171,2.424937576800909,1.31588507180817,-3.019489791351936,0.0,0.0,-0.010000000000000009,3.75,0.010109589041095891,-0.058126919271178676,-0.06823650831227457,0.010109589041095891,-0.059867882727000374,-0.06997747176809627,0.009999999999999998,-0.682637961320422,-0.692637961320422
2026-04-23,-1.6739734133042958,-1.955772135023005,2.1151830509308334,1.047286988967606,0.009070974713951942,0.009946254165228333,0.021841468538239008,-0.15714436387362385,-0.21928471569631486,0.08417038623198857,-1.89376886242059,-0.7201203388210529,0.1521253712916358,-0.9742663076259298,2.0403501127191963,0.0,0.040000000000000036,0.0,3.75,0.010109589041095891,0.3038954132394159,0.29378582419832,0.010109589041095891,0.11708553518707132,0.10697594614597543,0.009999999999999998,-9.045013211098238,-9.055013211098238
2026-04-24,1.7640746590541019,1.756200598216246,4.565387928345621,4.977298650864039,0.027180000277890845,0.02980981246766345,0.02183669908245007,0.19902565591059582,0.18469605730475888,-1.0449855400701122,-0.6810026535066285,-1.330503118932932,0.04419829510536636,0.5114015549751456,-3.156497742989099,0.0,-0.03000000000000025,0.020000000000000018,3.75,0.010109589041095891,-7.8056600951034305,-7.817200643048636,0.010109589041095891,-0.030604893687522547,-0.04071448272861844,0.009999999999999998,-0.018394354122743022,-0.02839435412274302
2026-04-27,0.7080142407515126,0.7675956636451097,-1.3500626340740374,-0.03554708709528991,0.009067687142172156,0.0,0.010912348614084756,-0.23049553762473934,-0.4971468355325828,-0.11456710997517,-0.5467384382978904,-0.09036576454469344,3.3413517597633264,-0.7785532512716459,-3.757581377020173,-0.009999999999999787,0.040000000000000036,0.039999999999999925,3.75,0.010082191780821917,2.160014398206036,2.149932206425214,0.010082191780821917,-0.003854838040044012,-0.01393702982086593,0.009999999999999998,2.582001166912371,2.5720011669123712
2026-04-28,-1.0849965769327456,-1.1822683245272956,-3.735951869047266,-3.0178673065586694,0.009059869266330452,0.019875943036443678,0.010911157950528076,-0.09443663944168179,0.10426474962872642,-1.3218654490737212,-0.5942025412355139,-0.25224292133897364,-1.0637160575596298,-1.8737366254642638,-1.0599849987196923,0.0,0.010000000000000675,-0.04999999999999993,3.75,0.010082191780821917,0.23578729551172578,0.22570510373090386,0.010082191780821917,0.007501426424865376,-0.0025807653559565408,0.009999999999999998,0.5012296084294382,0.4912296084294382
2026-04-29,0.02342848312733848,0.2575850056520909,2.5386716946262524,1.68960010102179,0.0,0.009932655453746555,0.0,-0.47356637015016095,-0.7787633019970801,-0.7553459041740883,-1.5851183918589948,-1.5455344024808266,-3.417530721910136,-1.0723068864617815,5.350618732463676,0.0,0.05999999999999961,-0.020000000000000018,3.75,0.010082191780821917,0.4156017499127654,0.40551955813194346,0.010082191780821917,-0.07042626747276381,-0.08050845925358573,0.009999999999999998,-10.473286819748342,-10.483286819748342
2026-04-30,-0.02897481036260515,-0.02859387201117281,2.5126707296995106,1.4190866652905985,0.018117276467497074,0.0,0.010909967546743267,0.1897038916492836,-0.09338017581311776,0.6946186875134918,0.12574984349416124,-0.16665629529768108,-0.4955551151532762,1.4862294436553771,-10.766692023787256,0.0,-0.019999999999999574,0.020000000000000018,3.75,0.010082191780821917,0.007673065379133751,-0.0024091264016881655,0.010082191780821917,0.26430156559113105,0.2542193738103091,0.009999999999999998,12.443426522751931,12.433426522751931
2026-05-01,1.2689245025360667,1.2784287116150408,0.9296971860264588,0.6099151410430003,0.02543559341394922,0.03785009658773102,0.032840663319392546,0.07601355394411481,0.3568972385849831,2.427150989403538,1.7069008220622381,0.50728213776203,-0.8752397787384203,-0.1133652259722497,0.5903227529430566,0.0,-0.010000000000000675,-0.010000000000000009,3.75,0.010082191780821917,0.007656851615089121,-0.0024253401657327953,0.010082191780821917,-0.207299645051233,-0.21738183683205492,0.009999999999999998,-0.12776909663673502,-0.13776909663673503
2026-05-04,0.5202303645059692,0.3803685224694051,-0.7954221818328703,-0.5961003146169221,0.018172310964887944,0.0099585745613351,0.021876559202609683,-0.3701057200102643,-0.7621586224399144,2.087207641722549,2.2107256121014283,2.1129770315088803,0.3267337959641513,-2.0218142966322064,7.37295902466641,0.020000000000000018,0.0600000000000005,-0.010000000000000009,3.75,0.010136986301369864,0.007705298061527267,-0.0024316882398425967,0.010136986301369864,0.5358551601999485,0.5257181738985787,0.009999999999999998,5.739230801601517,5.729230801601517
2026-05-05,0.8913073781586898,0.6447101093783434,4.376273237263642,3.089182531015358,0.0,0.009957582928013404,0.010936485173581867,0.14820996341270998,0.5516824490739639,1.3675043806522564,0.628165402969772,2.6608017691832275,1.2958817913691498,0.8547670573807937,-5.103444090900513,-0.010000000000000231,-0.020000000000000462,0.0,3.75,0.010109589041095891,0.02306664066890046,0.012957051627804568,0.010109589041095891,-0.3651041707377054,-0.3752137597788013,0.009999999999999998,0.21786581692172044,0.20786581692172043
2026-05-06,1.5248323170390743,1.5112888513285496,4.879706428312864,5.049327834549595,0.018155028966652453,0.009956591492148682,-0.010936485173583865,0.495962717649786,0.757981355411667,0.6165248057273942,-0.4406055141063485,3.258275204613896,0.8133448288713069,2.9888127796577613,0.05752217184062609,0.0,-0.0699999999999994,-0.010000000000000009,3.75,0.010109589041095891,3.411121487818559,3.401011898777463,0.010109589041095891,0.3492999269944638,0.33919033795336795,0.009999999999999998,-1.0130052456932872,-1.0230052456932872
2026-05-07,-0.324193974029472,-0.2893946599703004,-2.9044465519711435,-1.7727574723280404,0.009079773364197127,0.009955600253718742,0.021871774410898614,-0.3057315754515133,-0.5007857897324465,-1.7561908350902415,-2.572114978849261,-1.0265285459648075,-1.964498466956367,0.1669297507979874,-1.7987109374778667,0.0,0.04999999999999982,0.0,3.75,0.010109589041095891,0.010715647191788507,0.000606058150692616,0.010109589041095891,-0.002241293952772691,-0.012350882993868582,0.009999999999999998,0.6604613385373314,0.6504613385373313
2026-05-08,2.599265429051547,2.574897955124972,5.519545175212609,4.779338579807623,0.036310851473307905,0.029860855303609685,0.021866991711759827,0.26362003230688874,0.5007857897324505,0.22069548930199265,0.6900517380177335,7.532345724421632,3.5026132414252222,0.48298583279887475,0.6419666569116356,0.0,-0.03000000000000025,-0.010000000000000009,3.75,0.010109589041095891,1.3539454274986171,1.3438358384575213,0.010109589041095891,0.16978563110850417,0.1596760420674083,0.009999999999999998,-14.453657116710367,-14.465287253696669
2026-05-11,0.10721903940957038,0.13440657560679334,2.366550252500035,1.7098057935310724,0.0,0.009943976655008057,0.02187903929452522,-0.33755671964612916,-0.605928367412052,1.9041808768491204,1.3941831739982367,5.082675051345268,5.641664866894043,0.20266811021026646,6.693522080471704,0.010000000000000231,0.040000000000000036,-0.010000000000000009,3.75,0.010136986301369864,0.8440953624545283,0.8339583761531585,0.010136986301369864,0.03679199685284249,0.026655010551472628,0.009999999999999998,13.931447045333877,13.920077182320178
2026-05-12,-0.7020479168184774,-0.7144315576647605,-3.198374187398021,-2.6479267072911346,0.0090756531205243,0.009958307638255426,0.010920898462583794,-0.33870002543073785,-0.6684371534971132,-1.5422747705667463,-2.805438582350668,-3.5118197339257815,-4.68923399652922,-0.39650602843981353,-2.144703602768265,0.0,0.040000000000000036,-0.009999999999999953,3.75,0.010136986301369864,-4.077035910065218,-4.087172896366588,0.010136986301369864,15.6878783980182,15.672944151442856,0.009999999999999998,-0.035250118047329006,-0.04525011804732901
2026-05-13,1.3718515626152255,1.5437604957027766,2.3558043581196833,1.977646331821215,0.0,0.009949656965273404,0.0,0.0,-0.22379989028645367,-1.5028018231235505,-0.7531505292275851,-3.7546253472764253,-0.3888329311173246,-0.5628711330520773,-0.6692659105123568,-0.010000000000000231,0.0,0.019999999999999962,3.75,0.010109589041095891,2.6999460287663775,2.6898364397252816,0.010109589041095891,-6.105891240881705,-6.120233479877698,0.009999999999999998,0.08289777144361049,0.0728977714436105
2026-05-14,0.6492783642671377,0.5049137246742564,0.32882761636883395,1.0219075084688243,0.009067843825241234,0.009948667106977694,0.02185504227150042,-0.06362956740975877,0.14141177895083423,2.2132143698821825,1.029350969888902,2.81612021575543,2.0595198341003487,-0.7671648257758531,-3.473167721848573,0.0,0.009999999999999787,-0.010000000000000009,3.75,0.010109589041095891,-3.58079725702817,-3.5909068460692657,0.010109589041095891,-0.29097583873915733,-0.3010854277802532,0.009999999999999998,0.39355329385970816,0.38355329385970816
2026-05-15,-1.7506655505465916,-1.7919660567418223,-4.142911331446386,-3.878231104226728,0.036298070765315535,0.029840064140567845,0.02185867638564012,-0.7988417444994319,-1.494860070082053,-2.480277513696735,-2.5579807171991082,-3.444918932673173,-5.682707702396511,-2.3494231397838115,6.55880893242676,0.0,0.1200000000000001,0.030000000000000027,3.75,0.010109589041095891,5.154210936010766,5.14410134696967,0.010109589041095891,-0.026962555755848695,-0.03707214479694459,0.009999999999999998,1.7489650982034783,1.7389650982034783
2026-05-18,-0.8118506774711981,-0.8265077980228276,-2.5190723030367392,-1.8467742478504572,0.009070713761405202,0.009937054357502901,0.0,-0.04279093749789891,-0.1196157097209181,-2.7068821289549407,-4.3580481594463025,-1.7359220405913935,-3.8337138413625316,0.2728150184872097,-3.365838332317586,-0.009999999999999787,0.020000000000000462,0.040000000000000036,3.75,0.010082191780821917,7.505202937397132,7.49512074561631,0.010082191780821917,-1.553272654791351,-1.5633548465721727,0.009999999999999998,2.9670822660079996,2.957082266008
2026-05-19,-0.7458957644667421,-0.5033097819159891,0.1752916115299364,-0.4036168803952888,0.00906989105756273,0.009951376053896866,0.021845491750860035,-0.38589499468345834,-0.648336415528721,-0.2644879999712329,-0.8754253723692681,-2.555050904324092,-2.275935715484312,-1.6700574279936522,1.337811350034388,-0.010000000000000231,0.05999999999999961,0.0,3.75,0.010054794520547946,-1.899123494705543,-1.9091782892260911,0.010054794520547946,-0.3672457403124478,-0.37730053483299575,0.009999999999999998,-0.7991492060712172,-0.8091492060712172
2026-05-20,1.418891546203673,1.301472282548383,4.635808723443593,3.7347977403686983,0.018137314600376722,0.009942732091079359,0.021840720538052742,0.6743277309870217,1.0663255273672,0.9167734783614813,0.8033908248005973,4.67031462985674,0.6938313374219599,1.423595990327424,-3.493306931413941,-0.020000000000000018,-0.09999999999999964,-0.010000000000000009,3.75,0.009999999999999998,-1.096267634589532,-1.106267634589532,0.009999999999999998,-0.13012175300786386,-0.14012175300786386,0.009999999999999998,-6.0870033056507715,-6.097003305650771
2026-05-21,0.590993574997914,0.7329172213655102,0.8421012837851344,0.5686404855363737,0.009067423841152982,0.0,0.0,0.06400707682442187,0.3687681091805135,0.10503232153248991,0.2079303908552925,-0.396364396795701,0.04025092311219386,-0.09827627438162301,-3.9771340393031833,0.03000000000000025,0.0,-0.040000000000000036,3.75,0.010082191780821917,-1.6023461949178637,-1.6124283866986855,0.010082191780821917,0.8373829257471145,0.8273007339662926,0.009999999999999998,-2.5834131986868116,-2.5934131986868114
2026-05-22,-0.5611028629738598,-0.09920658056173906,2.3766706541147045,1.475293730249776,0.01813238150975712,0.04969118721092812,0.021844355399130416,0.0852380440256375,0.5447038598435434,-2.6806340702622147,-3.1829628880296967,-5.751017670459128,-2.365350735293583,-0.763110290628279,-0.3586343602665399,0.0,-0.010000000000000675,-0.06,3.75,0.010082191780821917,-0.15478688846255514,-0.16486908024337707,0.010082191780821917,-0.36958681593825066,-0.3796690077190726,0.009999999999999998,9.480549961851931,9.470549961851932
2026-05-26,2.7960190380459076,2.907956133634172,5.9181798028769075,4.382692604201002,0.009071936062759344,0.009936804912313317,0.021831182527569142,0.4251773537658731,0.49475358860115004,0.4460827146476261,0.3008682599253447,-4.660062165998348,-0.29088939820799725,0.04348594550147071,1.8392654755786986,0.0,-0.05999999999999961,0.06,3.75,0.010082191780821917,-0.6856382540097204,-0.6957204457905424,0.010082191780821917,-0.4636936363039337,-0.4737758280847556,0.009863013698630138,-0.3313239587444556,-0.3411869724430857
2026-05-27,0.7982101443109362,0.26020954918111666,-1.0775590346077726,-1.1088611942843614,0.018120473005794106,0.009943466049577554,0.010913804271886256,0.04240703848758424,0.23474884593292286,-1.9725310724108713,-2.3777930243884344,-4.947038649756259,-2.8969693852635188,-1.3398563535697896,-4.3249941047739044,0.0,-0.019999999999999574,-0.010000000000000009,3.75,0.010082191780821917,-0.7928336908880349,-0.8029158826688568,0.010082191780821917,0.1265210687194158,0.11643887693859388,0.009863013698630138,-1.3279760596818138,-1.337839073380444
2026-05-28,1.0731683428742982,0.9955531967925667,0.9687371540380421,0.7244921432131044,0.009062493433010695,0.0,0.010904212968567101,0.23298708944528282,0.5144852438760292,-1.0929802661887331,-0.726872324357788,-1.3271586986316344,-3.106656489340718,1.0423100202116822,-3.4346250367909192,0.009999999999999787,-0.03000000000000025,-0.019999999999999962,3.75,0.010109589041095891,-1.0903906160084902,-1.100500205049586,0.010109589041095891,0.10194919593273515,0.09183960689163925,0.009863013698630138,1.0241253776795278,1.0142623639808976
2026-05-29,1.9073578397458053,1.8886450637940009,-0.06850039017877185,-0.15015926054316875,0.027182553613577132,0.019868672575717963,0.0327558920489102,0.1162821569419203,0.023331509164798234,-0.22330998228095003,0.220213888797984,-0.9878346711028771,2.066916874026924,1.0483427987444454,-2.7046084055489366,0.0,0.0,0.009999999999999953,3.75,0.010109589041095891,-0.5593864163460349,-0.5694960053871309,0.010109589041095891,-0.6088536474122361,-0.6189632364533321,0.009863013698630138,-0.3091439739112233,-0.3190069876098534
2026-06-01,1.370375166495919,1.502324439073642,0.49954520250031115,1.47176114890869,0.009993677072297473,0.02889353715110065,0.009841469221723232,-0.17294465120236954,0.05384332012236254,-2.8375909162868242,-0.43620934169248937,-1.3477764146950157,-2.7576696324066954,-1.41482968401824,4.654965764850032,0.08999999999999986,0.019999999999999574,-0.04999999999999999,3.75,0.010356164383561644,0.0076968499848494056,-0.002659314398712238,0.010356164383561644,0.7675215976548608,0.7571654332712991,0.009863013698630138,-0.47544875734875974,-0.4853117710473899
2026-06-02,-0.3788738943545459,-0.6375149588320866,5.624498917254946,3.9359323079772466,0.018171566694256156,0.0,-0.01093754200162813,0.07430945507778032,0.21037125722762484,-6.691384852525814,-7.540853835127649,-6.298695306960925,-8.643476504719091,0.16763707549161957,-1.7599372038408956,-0.009999999999999787,-0.009999999999999787,-0.010000000000000009,3.75,0.01032876712328767,-0.3127746877547005,-0.3231034548779882,0.01032876712328767,-1.940288104055295,-1.9506168711785827,0.009863013698630138,-0.7397143294540057,-0.7495773431526359
2026-06-03,-1.2484476901359567,-0.9873408700226521,1.7465778443674942,0.8959917329549918,0.0,0.009960562525456412,0.02189031483228065,-0.2549973286509326,-0.397751203015825,-4.1152222290191665,-2.506448300158351,0.1980726721513001,1.2433342721064988,-0.9953528184734007,1.8222245262269627,0.009999999999999787,0.03000000000000025,0.0,3.75,0.010356164383561644,-0.2607782799319092,-0.27113444431547085,0.010356164383561644,0.39962877800396357,0.38927261362040194,0.009863013698630138,0.39618311298541187,0.38632009928678174
2026-06-04,-2.2508880208184805,-2.450304566917215,-2.1274619232773793,-1.6390044206372856,0.009084545225237934,0.00995192730747864,0.0,0.12758402419714615,0.222465076155339,-0.3329681149437111,-2.3540908919617696,-5.643037632362182,-4.486033794975723,0.8301422193564091,-4.196419061589451,0.0,-0.020000000000000462,0.010000000000000009,3.75,0.010356164383561644,-0.15097171428377007,-0.16132787866733173,0.010356164383561644,-0.6466002707281828,-0.6569564351117445,0.009863013698630138,3.159253626881584,3.149390613182954
2026-06-05,-4.7854022661745,-4.854550381483668,-8.04764082351736,-7.583515654420385,0.027248684987376322,0.02987276357158508,0.04374108286989868,-0.5326527237590124,-0.5159492735122768,-4.617254262521237,-11.277301635815796,-7.495761550848679,-13.408395187486397,-3.7229842768492163,32.7940117732102,0.0,0.08000000000000007,-0.03999999999999998,3.75,0.010356164383561644,0.007675903025072498,-0.0026802613584891452,0.010356164383561644,0.8251661652640278,0.8148100008804661,0.009863013698630138,-0.5124998915439855,-0.5223629052426156
2026-06-08,1.5446889170783284,1.3123386728642352,5.703378090284692,4.876587427519084,0.009074276092258905,0.009955605115145608,0.010942770913530585,-0.10688499660297822,-0.5186160362102744,3.4966305885953632,6.684689612861508,2.3165194025831606,1.7913626966545537,0.25960589903300646,-12.82983862641746,0.020000000000000018,0.009999999999999787,0.02999999999999997,3.75,0.010410958904109589,-0.33070193826502453,-0.3411128971691341,0.010410958904109589,-0.5910335397385573,-0.6014444986426669,0.009863013698630138,-1.4492788818597482,-1.4591418955583784
2026-06-09,-1.3291626834489367,-1.6123951195115611,-1.6425991402052489,-1.202527753451864,0.00908042128343396,0.009954614073062593,0.0,0.27763423358747563,0.58913914665506,-2.3199274916972237,-3.1519541921552285,-1.4199471960406174,-2.038943989985147,-1.6471383961975032,4.8991531143748075,-0.009999999999999787,-0.02999999999999936,-0.009999999999999953,3.75,0.010383561643835616,2.2018154989862637,2.1914319373424282,0.010383561643835616,0.33480935059401723,0.3244257889501816,0.009863013698630138,-0.3162956132645288,-0.32615862696315895
2026-06-10,-2.5800419409899185,-2.5034120436664002,-3.7389450133291957,-3.4601422280808403,0.009079596817796371,0.009953623228281153,0.010933183283563012,-0.09600339518859267,-0.28236417031050276,-0.316008608540611,-1.0785745482471556,-3.367646920905676,-1.3406301179652766,-4.220765909611007,11.17816545094154,0.0,0.019999999999999574,0.019999999999999962,3.75,0.010383561643835616,-0.9416643412926309,-0.9520479029364665,0.010383561643835616,-0.8015358517123409,-0.8119194133561765,0.009863013698630138,-0.35326081467974824,-0.36312382837837837
2026-06-11,2.661996762881917,2.708094555176836,6.62375525931554,6.532539915189744,0.01814975419380649,0.009944994716049902,0.010931988069259428,0.6913727125950855,1.2876367539223503,3.378866852406486,3.167720451879468,4.118837140371824,4.850526728735583,3.086069806996291,-13.365992680495292,-0.010000000000000231,-0.09999999999999964,-0.019999999999999962,3.75,0.010356164383561644,0.5417499561777012,0.5313937917941395,0.010356164383561644,0.373444218405127,0.36308805402156535,0.009863013698630138,-0.7666130040945726,-0.7764760177932027
2026-06-12,-0.8405798208069755,-0.9450216836460045,1.575443840695911,1.7098064139472675,0.027228903401739078,0.01990229552741821,0.03278040888270547,-0.16973480797171078,-0.2445522783016738,-0.028095784867475063,-0.4286465439468386,0.035679234610675535,-0.2019329600863646,0.05693171392699535,-9.489875203382146,0.0,0.03000000000000025,-0.010000000000000009,3.75,0.010356164383561644,0.7217000140045027,0.711343849620941,0.010356164383561644,-0.5144695651625523,-0.524825729546114,0.009863013698630138,1.1979974111187097,1.1881343974200795
2026-06-15,4.408791762105697,4.388324781261536,5.3071226981647355,4.284580906389268,0.009074653798266049,0.019898335301899182,0.0,0.10612004852205523,-0.05830986301714438,4.2311536353904815,7.508151406139982,12.937766810933335,14.009296073610445,2.556672808274719,-8.742278513720557,0.010000000000000231,-0.010000000000000675,0.010000000000000009,3.75,0.010383561643835616,0.007702401873875926,-0.0026811597699596904,0.010383561643835616,0.2968480147438941,0.28646445310005847,0.009863013698630138,-0.24992233402926894,-0.2597853477278991
2026-06-16,-2.085987912855878,-1.7282725070533653,-6.103447996819646,-4.925384080127691,0.018153800341121823,0.009947683058846059,0.010927210740538153,0.25423283967661786,0.5467999795257261,-1.0446052081715382,-0.2545346375384009,14.52287129271176,2.75928185455032,0.2719831185846583,1.2879606470164437,0.0,-0.040000000000000036,-0.020000000000000018,3.75,0.010383561643835616,0.02232660318857233,0.011943041544736712,0.010383561643835616,-0.8863573583919216,-0.8967409200357572,0.009863013698630138,-4.540530468647439,-4.5503934823460686
2026-06-17,-1.0778032079510431,-1.2865572128132994,1.4257511542343,1.2855279804720032,-0.018198770237971958,0.009946693593288647,0.010934401650931288,-0.5303926238714017,0.16230713885326517,-1.818545153086442,-2.4031278966082517,-1.98417700574115,-2.8311414380866466,-2.297138428233101,11.66313512868276,0.040000000000000036,0.0600000000000005,-0.09000000000000002,3.75,0.010493150684931507,0.0075132925797875075,-0.0029798581051439996,0.010493150684931507,0.2641180144718709,0.2536248637869394,0.009863013698630138,-0.3070838418115811,-0.31694685551021123
2026-06-18,2.954402316799239,3.0543303845680514,6.412892960019828,5.595576436902991,0.05443557449691136,0.03976925338154618,0.04368374863449364,0.3609731869780791,0.4853201727725045,-2.390992645954335,-2.218627510679491,-0.5433826457423737,1.3233045776600056,-0.3815842777874201,-11.724093552055395,0.0,-0.03000000000000025,-0.019999999999999962,3.75,0.010493150684931507,0.0074189401975482665,-0.0030742104873832405,0.010493150684931507,0.2723549624504023,0.2618618117654708,0.009863013698630138,-0.0939360771162604,-0.10379909081489054
2026-06-22,-2.6766634640694105,-3.1018525814767615,2.40420666341851,1.3591474075013499,-0.009070538198585333,0.009941749975151407,0.0,-0.3822484981627724,-0.7637212060299515,1.6644367616764033,0.9882035045524649,-7.333267442391812,0.4117062166981358,-0.6556887617395545,5.226849154253543,0.020000000000000018,0.04999999999999982,0.0,3.75,0.01054794520547945,0.007409966386769726,-0.0031379788187097246,0.01054794520547945,0.23091087362048388,0.22036292841500443,0.009863013698630138,0.4121604798774689,0.40229746617883877
2026-06-23,-2.510308122081892,-2.3912062127322695,-8.04764082351736,-7.262902604565818,0.018140253725101762,0.009940761689496244,0.010928431439881032,0.12758402419714615,0.12768963100380518,-2.028318896027214,-3.6015118575190233,-2.014862043461794,-3.498866603049828,-1.908416906167999,12.035169866357833,0.0,-0.009999999999999787,0.07,3.75,0.01054794520547945,-0.4918914927713714,-0.5024394379768509,0.01054794520547945,-1.7038766548113076,-1.714424600016787,0.009863013698630138,-0.2417647267328352,-0.25162774043146535
2026-06-24,-0.7934268642617114,-0.7819157351678905,-0.3137242695403469,-0.5044459727516712,0.0090688930037837,0.009939773600276855,0.010910478612105055,0.6460228638174652,1.3596195163385127,-2.7057191162537193,-2.7707605238555066,0.008559986479138372,9.419071558291064,-3.0678886222521866,-4.5128362209838935,0.0,-0.08999999999999986,-0.040000000000000036,3.75,0.01054794520547945,-0.03942875947763422,-0.04997670468311367,0.01054794520547945,0.3374651117975225,0.326917166592043,0.009863013698630138,0.09891665475407875,0.0890536410554486
2026-06-25,-0.8405185994882526,-0.5340803498255788,3.864508265758973,2.860526643798423,0.018135319035751895,0.009931158468660594,0.010917666768872703,0.0633126596087781,-0.03433013825130638,-2.109903811646941,-3.461114583410765,-1.2929683562885057,3.2523496807695915,0.962769003206293,1.3859509636510794,-0.010000000000000231,-0.009999999999999787,0.010000000000000009,3.75,0.010520547945205478,1.6214223565309727,1.6109018085857671,0.010520547945205478,-0.5060365800270021,-0.5165571279722077,0.009863013698630138,-0.09710193718432782,-0.10696495088295796
2026-06-26,0.5651530255703482,0.2955030483974891,-5.805077712069337,-4.048646192055382,0.027196813360706687,0.01987461003764115,0.03274585040116042,0.2528667139930576,0.01145055620722275,0.4923319948585001,0.7512173549743331,2.6409825204275035,14.22101761846834,1.122355898292356,-2.57386622459179,-0.009999999999999787,-0.020000000000000462,0.0,3.75,0.010493150684931507,0.0074337716309393394,-0.0030593790539921676,0.010493150684931507,0.09247513826796884,0.08198198758303733,0.009863013698630138,-0.6166233247930513,-0.6264863384916814
2026-06-29,1.4826819112773395,1.4230210386965287,4.0543917622285575,3.2762916645111635,0.009057005088326967,0.019870660821273096,0.010921275786712623,0.03155736765657531,0.10296967139958058,0.20298690006705228,2.1081169085682396,-2.243832333367868,-3.6634375764256246,-1.3608268012376532,-4.215822519038095,0.040000000000000036,0.0,-0.02999999999999997,3.75,0.010602739726027398,-0.20562859481785709,-0.2162313345438845,0.010602739726027398,-0.38995498773070225,-0.40055772745672963,0.009863013698630138,-0.2495578100498927,-0.2594208237485228
2026-06-30,0.6649992108122098,0.5387861042768614,4.209022850005779,3.7135397118935445,0.009063140149186619,0.0,0.0,-0.5167883915989757,-1.1848184444283743,-2.6615830286262105,-2.5551475094469023,-4.103518973542696,-7.257660170774498,-0.0542720627118172,-7.041023817561196,0.0,0.0600000000000005,0.019999999999999962,3.75,0.010602739726027398,-0.0038473938301087987,-0.014450133556136197,0.010602739726027398,-0.1097864723638999,-0.12038921208992731,0.009863013698630138,-5.45070396054982,-5.46056697424845
2026-07-01,1.1535550262256424,1.3411939533788741,-6.622543654427981,-5.5531940452154185,0.008186029151358394,0.025903704382160813,0.030638531428983228,-0.24324484996892365,-0.6782298466339477,2.4374798891813785,2.477791010609134,0.4200503494391127,-2.2075334694206754,0.6008302974758538,0.8474589809257527,-0.020000000000000018,0.040000000000000036,0.010000000000000009,3.75,0.01054794520547945,-0.00453997890769922,-0.01508792411317867,0.01054794520547945,0.08749149956304297,0.07694355435756352,0.009863013698630138,-0.42226818542498357,-0.4321311991236137
2026-07-02,-0.060206680969305745,0.2660936609602996,-5.727024813075597,-4.646483113198573,0.04542480421866778,0.03983348027305249,0.04375185760936202,0.09567549868698202,-0.011689723577330863,2.4390944088390594,5.396242864817777,12.970520234589406,3.5572843998255665,2.011473443068858,-2.6880087351686655,-0.03000000000000025,0.009999999999999787,0.03999999999999998,3.75,0.010465753424657533,-0.21262779611154425,-0.22309354953620178,0.010465753424657533,-0.24324863650878356,-0.2537143899334411,0.009863013698630138,1.4845371694440284,1.4746741557453982
2026-07-06,1.0915785669186207,0.8962395157735722,2.646888311003672,2.0074400460783326,0.018169705937075998,0.0,-0.01093754200162813,0.06372472048033538,-0.07020291025502857,4.000706490979043,5.688696098919506,0.04887934625125513,8.744457567824785,1.0522812875633458,-3.657405980258476,0.050000000000000266,-0.009999999999999787,0.0,3.75,0.010602739726027398,0.006954280426333035,-0.003648459299694363,0.010602739726027398,-0.15302990503716468,-0.1636326447631921,0.009863013698630138,0.4394729820193446,0.42960996832071446
2026-07-07,0.05378356548200539,-0.12100349428109511,-5.264188676254432,-3.8545738434056895,-0.009084440295761186,0.019906982727481246,0.021866960678775787,-0.5109711161796768,-1.0588198504360935,-1.096103180817717,-1.629961014219382,0.43147301295898066,-4.45479127426657,-1.221682522476737,3.533487386210309,-0.010000000000000231,0.0699999999999994,0.010000000000000009,3.75,0.010575342465753423,0.18509277088101422,0.1745174284152608,0.010575342465753423,-0.054943322132369916,-0.06551866459812333,0.009863013698630138,-2.680134699013191,-2.689997712711821
2026-07-08,0.1529589247003399,0.2552837314639389,1.8568982632362778,1.9669394264553215,0.018168055395946445,0.009955813942692932,0.0,-0.20297675574878726,-0.2249741159405257,-1.6563965519348627,-1.4715429926392412,2.724616573532941,-1.9776401412530353,-0.8085737106823081,4.66327592490871,0.010000000000000231,0.009999999999999787,-0.010000000000000009,3.75,0.010602739726027398,0.006931212350800232,-0.003671527375227166,0.010602739726027398,-0.4985382196780046,-0.509140959404032,0.009863013698630138,-2.5061773956942783,-2.5160404093929083
2026-07-09,1.0746067730231008,0.9482631508433441,3.439959052302034,2.45362732507772,0.01815085842142772,0.009954822859027171,0.010935870834422743,0.21364661891833625,0.15397382457019348,1.4915682336986302,0.10363767887721133,3.5596551123353963,3.4268101553193473,0.9911938090783841,-6.477520333750074,-0.040000000000000036,-0.019999999999999574,0.030000000000000027,3.75,0.010493150684931507,0.006919173069689647,-0.00357397761524186,0.010493150684931507,0.05114285999111778,0.04064970930618627,0.009863013698630138,-0.9606397465302862,-0.9705027602289164
2026-07-10,0.3368707131050741,0.35825240605769687,-0.06190420810423233,0.5415433500772707,0.027234004880093744,0.019899058607168185,0.04373152793271351,-0.0854071520943652,-0.023665879244363475,1.467180052315595,2.893198717553022,3.731535984948336,4.8007126453667395,-0.3098515188065939,-5.249021002085846,0.020000000000000018,0.019999999999999574,-0.030000000000000027,3.75,0.01054794520547945,4.308679308724645,4.298131363519166,0.01054794520547945,0.2840976504527624,0.27354970524728295,0.009863013698630138,0.6780000436193098,0.6681370299206796
2026-07-13,-0.8950871497206395,-0.5045784792378675,-4.887538855649072,-4.247499901776097,-0.00907254612736279,0.01989509966958968,0.0,-0.36378407412481256,-0.5936843938919109,-2.9883926473987814,-1.243574379650354,0.6866774604571834,-1.4549196172428207,-2.6555716132531324,13.253289916925285,0.040000000000000036,0.0600000000000005,0.010000000000000009,3.75,0.010657534246575343,14.576452875068927,14.565795340822351,0.010657534246575343,0.2325835636584881,0.22192602941191275,0.009863013698630138,-11.106208691769812,-11.116071705468443
2026-07-14,1.2313475532713483,1.0369336241322957,2.5520092374858656,2.4775077658123177,0.027229059909867844,0.0,0.010929894438728481,0.278312099273446,0.13091276680871664,4.272810304426096,6.334617578601259,3.217063367875546,4.682244378110743,1.3580960339773913,-3.9220704261213024,-0.050000000000000266,-0.040000000000000036,0.040000000000000036,3.75,0.010520547945205478,-0.1139986272616503,-0.12451917520685578,0.010520547945205478,0.14963125739435704,0.13911070944915155,0.009863013698630138,-0.6451158936053453,-0.6549789073039755
2026-07-15,1.0968800127868634,0.927141679180211,-2.2526016528074644,-1.601938056630484,0.01814627380832124,0.019898753927147277,0.010920338731989089,0.2455526359471648,0.19011067356680617,-0.3759410964790335,1.443052417555883,-1.530185248834725,-3.1365240597650583,0.053730614329924466,-5.161231966981516,-0.009999999999999787,-0.03000000000000025,0.019999999999999962,3.75,0.010493150684931507,0.1455570318498567,0.13506388116492518,0.010493150684931507,-0.4638318700465424,-0.4743250207314739,0.009863013698630138,0.32760164117474744,0.3177386274761173
2026-07-16,-1.6850685051983678,-1.658371967377082,-4.563455905702621,-3.768700716040415,0.0,0.009947892308985384,0.010927506622652789,-0.0639966155980706,-0.035624485921491644,-1.4367279855176223,-2.8440232689138405,-1.9564354771560741,-5.029681940885606,-2.004655342576513,6.545542640016719,0.009999999999999787,0.020000000000000462,-0.010000000000000009,3.75,0.010520547945205478,-7.737542839879364,-7.748063387824569,0.010520547945205478,0.2767807288216591,0.26626018087645364,0.009863013698630138,0.4682116006432823,0.4583485869446522
2026-07-17,-2.0304387209479158,-2.13272966117069,-1.651642578295516,-2.201866640249771,0.036289613449410126,0.029830132078759137,0.021851431585608247,0.12795230172012267,0.36744870257331474,0.1725754564693599,-1.1989404987594008,2.6721372915169277,-1.2969129613271477,0.9408723238543362,11.505638734957888,0.010000000000000231,-0.020000000000000462,-0.03999999999999998,3.75,0.01054794520547945,0.12729773678431763,0.11674979157883818,0.01054794520547945,0.07024021297205038,0.05969226776657093,0.009863013698630138,-0.22843090674345198,-0.2382939204420821
2026-07-20,0.6211059254965945,0.7428891104786319,0.44553198850073633,0.4124212733789098,0.00907208123156657,0.009936328381156517,0.010915567925847339,-0.3201964343697167,-0.7481680224243114,2.0608979682664987,3.3527835550364204,-0.18259186824741228,-0.20126047118600582,-0.22010512760906134,-0.6413749350782079,0.009999999999999787,0.04999999999999982,0.020000000000000018,3.75,0.010575342465753423,0.5535446143150778,0.5429692718493244,0.010575342465753423,0.049189840934218534,0.03861449846846511,0.009863013698630138,-0.0018268835695537757,-0.011689897268183914
2026-07-21,1.0295810375517198,0.910924351139236,5.303841793875299,4.419264601303276,-0.009072081231554533,0.009942948253634034,0.0,-0.24619162928233834,-0.2745395212416658,1.9359107363714312,1.2851931047764875,2.3409758429069694,6.258079425028515,1.9423817305879825,-8.969596665334091,0.010000000000000231,0.03000000000000025,-0.020000000000000018,3.75,0.010602739726027398,-2.9245726522786093,-2.935175392004637,0.010602739726027398,0.06708846914266718,0.056485729416639784,0.009863013698630138,-0.2546362755425684,-0.26449928924119853
2026-07-22,-1.0473497125097162,-0.9916965143617469,0.5107377095587116,0.48334513322887457,0.018136399306755844,0.0,0.02185262921521494,-0.22531029726098611,-0.26332335404094087,-0.6098209978869258,0.26444810723667356,1.6398388722021904,1.8499585498045927,1.143354038890078,-2.434076026906233,0.020000000000000018,0.040000000000000036,-0.010000000000000009,3.75,0.010657534246575343,0.09384410398503465,0.08318656973845931,0.010657534246575343,-0.489926921883859,-0.5005844561304343,0.009863013698630138,-0.7373007092868875,-0.7471637229855177
2026-07-23,-1.9244857955710344,-1.9859181974989788,-0.7734378899227126,-1.1550305753839065,-0.009064318075204853,0.009941959729716133,0.0,-0.26889052076523634,-0.32411553223515754,-1.6104346952909083,-2.9598568421148785,-0.6352400476981607,-2.409523502303263,-2.025009584177073,11.671416594616087,0.06000000000000005,0.040000000000000036,-0.019999999999999962,3.75,0.010821917808219178,0.0385267492522725,0.02770483144405332,0.010821917808219178,0.2515442383444171,0.2407223205361979,0.009643835616438357,-0.04464924432875554,-0.054293079945193896
2026-07-24,-0.7342600733857426,-0.7031146872324069,-4.495072606755579,-3.3261601125119453,0.027204367634649236,0.029812345954263,0.03274911011424603,0.19367139339809886,0.09614516118053476,-1.4655553654227635,-0.9056635454748527,0.6482604771363881,-2.1160292101830196,0.10223155810828782,-0.643783537998942,0.009999999999999787,-0.019999999999999574,0.019999999999999962,3.75,0.01084931506849315,2.364010534678388,2.353161219609895,0.01084931506849315,-0.0941763119670851,-0.10502562703557826,0.009643835616438357,-0.14412116043980003,-0.1537649960562384
2026-07-27,0.5004553766364158,0.46929549719831476,-2.0667177453346586,-2.2781122450353313,0.00906879094868237,0.0099380083545,0.010916771157347188,0.26837095819575707,0.598803662594346,-0.5845545276765817,1.6229878711843533,-2.1068573155737473,5.028894528236549,0.7313900742155253,0.4832232360625196,0.0,-0.040000000000000036,-0.019999999999999962,3.75,0.01084931506849315,0.5519042979675769,0.5410549828990837,0.01084931506849315,0.31034656458142695,0.2994972495129338,0.009643835616438357,-1.8797091049334993,-1.8893529405499376
2026-07-28,-0.7849040223181005,-0.3448516977500871,-4.917182940154556,-3.515645248649293,0.027194502882125122,0.009937020812583373,0.010907228354644019,0.2997251780803236,0.5833733895153527,0.22957554728576246,1.5396962638548026,4.91336862849197,2.9017121232609626,-1.4140046791040388,-2.4947118176637826,-0.06000000000000005,-0.040000000000000036,0.009999999999999953,3.75,0.010684931506849316,-0.018588029368223406,-0.029272960875072723,0.010684931506849316,-1.2801881686859795,-1.2908731001928289,0.009643835616438357,0.058171406597345945,0.04852757098090759
2026-07-29,-1.7033833174667814,-1.932329111612276,-5.534312978139878,-4.910927533676141,0.027187109482794444,0.01986347874879805,0.010914389071237315,-0.41771441818933086,-1.6638114305664715,0.05760654802496461,-0.5970784512141466,2.596617800700124,-4.752589861253179,0.46187981290914454,12.62286128423856,-0.06999999999999984,0.05999999999999961,0.10000000000000003,3.75,0.010493150684931507,0.04315560651936732,0.03266245583443581,0.010493150684931507,-0.31155032290724205,-0.32204347359217356,0.009643835616438357,0.2643497594270773,0.25470592381063895
2026-07-30,2.866957564383379,2.799084543453647,6.62375525931554,6.567472052218594,0.009063038850072778,0.009934060118926204,0.010913197962332059,0.042923527405502315,-0.06036541745341481,1.270511594195683,0.46284096447549067,10.622392446773667,3.46691143305258,1.6251873707654758,-18.970595024983574,-0.010000000000000231,0.009999999999999787,0.0,3.75,0.010465753424657533,0.8458600356757023,0.8353942822510448,0.010465753424657533,0.09012720480095342,0.07966145137629588,0.009643835616438357,-0.18550715243318527,-0.19515098804962364
2026-07-31,1.6842462074258748,1.616996196052695,0.07133123568319526,0.30201236590886177,0.02717032520819987,0.019857561390292138,0.03273244983274373,-0.27933694701596257,-0.6664730628264693,-2.997835702863742,-3.019351719084729,-1.952247979156849,-5.967087500990259,-1.5012957345256512,-6.652999352418757,0.010000000000000231,0.07000000000000028,0.019999999999999962,3.75,0.010493150684931507,0.016680151755412098,0.006187001070480591,0.010493150684931507,0.18266307275954946,0.17216992207461795,0.009643835616438357,0.24290448161480063,0.23326064599836227
2026-08-03,2.8036781857311324,3.170656685058105,0.5510700628346291,0.9079321742571108,0.01817413697777669,0.016928629909489932,0.014213282131599286,0.20275177258886287,0.329053092537217,1.025000722993922,-0.11237973435494772,-10.83499185563403,-1.5057758664787857,0.04574044079915386,-0.8163317972184183,0.08000000000000007,-0.04999999999999982,-0.019999999999999962,3.75,0.010712328767123289,0.5183773723313104,0.5076650435641872,0.010712328767123289,-0.1284890445869649,-0.13920137335408816,0.009643835616438357,0.25923376165448075,0.2495899260380424
2026-08-04,4.299505039217619,4.030999865867404,6.580210738952501,5.397458421053904,0.009078899873669185,0.009959807134386775,0.0,0.46219279987186207,0.7635904567785617,0.933302539348361,0.5436217682913835,-1.3111398745186795,-2.048224203460602,0.6569565835271058,3.956018634691742,-0.020000000000000018,-0.07000000000000028,-0.020000000000000018,3.75,0.010657534246575343,0.03640916434159964,0.025751630095024295,0.010657534246575343,-6.105891240881705,-6.120233479877698,0.009643835616438357,2.4943846314518767,2.4847407958354384
2026-08-05,-0.5312021002208386,-0.2888946957887155,-2.1456507961965414,-1.049417194168907,0.009085005198252548,0.019909043613980968,0.01094026395833164,0.06431985575403432,0.21710333639844803,0.8418741360802475,2.020785436698823,4.7671034867608375,-0.7397132137240281,3.6710357100166147,-4.271770314393391,0.0,0.0,0.020000000000000018,3.75,0.010657534246575343,0.026528484252742544,0.0158709500061672,0.010657534246575343,8.768504822396075,8.757847288149499,0.009643835616438357,-0.2759430092498057,-0.285586844866244
2026-08-06,-0.06934913368147204,-0.08808871731734982,0.34235794051381224,0.3119524906873703,0.009084179900038918,0.009956832846766904,0.021868595195140603,-0.38655757462644186,-0.5799960273789985,-0.5205470783879128,-0.23465458558861574,-0.6504012095558067,-0.17701639164560212,0.0076988048994452605,-4.2642170986743135,0.009999999999999787,0.0600000000000005,-0.010000000000000009,3.75,0.010684931506849316,0.25601757007942705,0.24533263857257773,0.010684931506849316,-0.35993873095010265,-0.37062366245695194,0.009643835616438357,0.25673150577524756,0.2470876701588092
2026-08-07,1.6258605551234646,1.6853260536701669,1.9985977631894754,1.9443042277767133,0.036321543248115706,0.01991069203142388,0.03280643843050268,0.23640804742973243,0.29042311668885545,0.957212039536744,0.5882550580216205,-0.9113999466664411,0.38472387352100124,2.2331954604684925,-1.6639319426439838,-0.029999999999999805,-0.040000000000000036,0.020000000000000018,3.75,0.010602739726027398,0.33566441648658674,0.32506167676055936,0.010602739726027398,0.07498533630452273,0.06438259657849532,0.009643835616438357,0.10404959908190807,0.09440576346546971
2026-08-10,0.1808466515156821,0.013618269354327795,-2.5881041896284263,-2.3071805225738955,0.009080056285972363,0.01989913702695332,0.0,-0.44102263925157115,-0.849422142713458,-1.505734817445554,-2.219675624113102,-0.8805520992518792,-0.8913625154313644,1.0162275879128861,3.6894858277320517,0.020000000000000018,0.0699999999999994,0.009999999999999953,3.75,0.010657534246575343,-0.012501534068624039,-0.023159068315199382,0.010657534246575343,-0.23440622092038635,-0.2450637551669617,0.009643835616438357,-0.6463199314305483,-0.6559637670469867
2026-08-11,-0.9507703909012905,-0.9101738496658197,0.9044895550558459,0.6162842547072026,0.0090723067759595,0.009951879142759364,0.010924749171103627,0.11851599454152245,0.15830126022657534,-0.562851025881392,0.538012711369483,-5.008405414733071,-1.0093441510759076,-0.39328416338160815,-1.1711279364071667,0.0,-0.019999999999999574,0.010000000000000009,3.75,0.010657534246575343,0.0341296728098493,0.023472138563273955,0.010657534246575343,0.17055783301114083,0.1599002987645655,0.009643835616438357,-0.20913887139025183,-0.2187827070066902
2026-08-12,-0.5653377306454581,-0.595077620127025,2.296521791502021,2.0557703511847416,0.018155992430971987,0.009943298915437266,0.0218625929406026,0.09685878925874798,-0.0973850710790294,-0.23542560615523694,-0.17228455012013327,-4.871515717230461,-0.17951313356653442,0.9827899495455166,-4.895375953624012,-0.020000000000000018,-0.020000000000000462,0.0,3.75,0.010602739726027398,0.43998996507421717,0.4293872253481898,0.010602739726027398,-0.021739292977701764,-0.032342032703729165,0.009643835616438357,0.3362853413372734,0.32664150572083506
2026-08-13,1.9392735361826556,1.8906849653152917,0.7527269285298872,0.7308653825104804,0.018145774031627145,0.009949899494118824,0.0,0.3650857307399419,0.5828744327754406,-0.00041279060651287856,0.31133074431306307,-2.9346226030614613,-0.3210146676164216,-1.4828410072125062,0.5483216127951902,0.0,-0.04999999999999982,0.0,3.75,0.010602739726027398,0.3574709638682109,0.34686822414218355,0.010602739726027398,-0.07535646914933075,-0.08595920887535816,0.009643835616438357,-0.013056122485506604,-0.02269995810194496
2026-08-14,-0.9606173364105141,-1.0847371108887753,-0.058121860770785135,-0.22090987118229166,0.027215949101660315,0.029836172923320907,0.021849478852635267,-0.27906225118277483,-0.6681619118088183,-0.6750867021094253,-0.17751010807604228,-8.014344006214328,-1.6862419235353099,0.6296606490295141,-2.631731613971911,-0.010000000000000231,0.04999999999999982,0.030000000000000027,3.75,0.010575342465753423,0.08065199866304114,0.07007665619728771,0.010575342465753423,-0.08917571713363551,-0.09975105959938893,0.009643835616438357,-0.17193881634078986,-0.18158265195722822
